STATE,STATENAME,ST_CASE,PEDS,PERNOTMVIT,VE_TOTAL,VE_FORMS,PVH_INVL,PERSONS,PERMVIT,COUNTY,COUNTYNAME,CITY,CITYNAME,MONTH,MONTHNAME,DAY,DAYNAME,DAY_WEEK,DAY_WEEKNAME,YEAR,HOUR,HOURNAME,MINUTE,MINUTENAME,TWAY_ID,TWAY_ID2,ROUTE,ROUTENAME,RUR_URB,RUR_URBNAME,FUNC_SYS,FUNC_SYSNAME,RD_OWNER,RD_OWNERNAME,NHS,NHSNAME,SP_JUR,SP_JURNAME,MILEPT,MILEPTNAME,LATITUDE,LATITUDENAME,LONGITUD,LONGITUDNAME,HARM_EV,HARM_EVNAME,MAN_COLL,MAN_COLLNAME,RELJCT1,RELJCT1NAME,RELJCT2,RELJCT2NAME,TYP_INT,TYP_INTNAME,REL_ROAD,REL_ROADNAME,WRK_ZONE,WRK_ZONENAME,LGT_COND,LGT_CONDNAME,WEATHER,WEATHERNAME,SCH_BUS,SCH_BUSNAME,RAIL,RAILNAME,NOT_HOUR,NOT_HOURNAME,NOT_MIN,NOT_MINNAME,ARR_HOUR,ARR_HOURNAME,ARR_MIN,ARR_MINNAME,HOSP_HR,HOSP_HRNAME,HOSP_MN,HOSP_MNNAME,FATALS
42,Pennsylvania,420110,0,0,2,2,0,4,4,51,FAYETTE (51),0,NOT APPLICABLE,2,February,22,22,3,Tuesday,2022,19,7:00pm-7:59pm,27,27,SR-4006 NEW SALEM RD,NA,3,State Highway,1,Rural,5,Major Collector,1,State Highway Agency,0,This section IS NOT on the NHS,0,No Special Jurisdiction,66,66,39.91238333,39.91238333,-79.79443611,-79.79443611,12,Motor Vehicle In-Transport,2,Front-to-Front,0,No,1,Non-Junction,1,Not an Intersection,1,On Roadway,0,None,2,Dark - Not Lighted,1,Clear,0,No,0000000,Not Applicable,19,7:00pm-7:59pm,33,33,19,7:00pm-7:59pm,43,43,20,8:00pm-8:59pm,30,30,1
42,Pennsylvania,420111,0,0,2,2,0,4,4,101,PHILADELPHIA (101),6540,PHILADELPHIA,2,February,12,12,7,Saturday,2022,20,8:00pm-8:59pm,5,5,SR-1001 VERREE RD,BLOOMFIEKD AVE,3,State Highway,2,Urban,4,Minor Arterial,1,State Highway Agency,0,This section IS NOT on the NHS,0,No Special Jurisdiction,55,55,40.08967222,40.08967222,-75.05703056,-75.05703056,12,Motor Vehicle In-Transport,2,Front-to-Front,0,No,2,Intersection,2,Four-Way Intersection,1,On Roadway,0,None,3,Dark - Lighted,1,Clear,0,No,0000000,Not Applicable,20,8:00pm-8:59pm,9,9,20,8:00pm-8:59pm,20,20,20,8:00pm-8:59pm,47,47,1
42,Pennsylvania,420112,0,0,2,2,0,4,4,101,PHILADELPHIA (101),6540,PHILADELPHIA,3,March,8,8,3,Tuesday,2022,3,3:00am-3:59am,18,18,SR-1008 LEVICK ST,SR-1004 TORRESDALE AVE,3,State Highway,2,Urban,3,Principal Arterial - Other,1,State Highway Agency,1,This section IS ON the NHS,0,No Special Jurisdiction,3,3,40.02151667,40.02151667,-75.05173333,-75.05173333,12,Motor Vehicle In-Transport,6,Angle,0,No,2,Intersection,2,Four-Way Intersection,1,On Roadway,0,None,3,Dark - Lighted,98,Not Reported,0,No,0000000,Not Applicable,3,3:00am-3:59am,18,18,3,3:00am-3:59am,21,21,99,Unknown,99,Unknown EMS Hospital Arrival Time,1
42,Pennsylvania,420113,0,0,1,1,0,1,1,41,CUMBERLAND (41),0,NOT APPLICABLE,1,January,28,28,6,Friday,2022,4,4:00am-4:59am,54,54,I-76 MAINLINE TPKE,NA,1,Interstate,1,Rural,1,Interstate,31,State Toll Road,1,This section IS ON the NHS,0,No Special Jurisdiction,2323,2323,40.20441111,40.20441111,-77.04699167,-77.04699167,35,Embankment,0,The First Harmful Event was Not a Collision with a Motor Vehicle in Transport,0,No,1,Non-Junction,1,Not an Intersection,4,On Roadside,0,None,2,Dark - Not Lighted,10,Cloudy,0,No,0000000,Not Applicable,5,5:00am-5:59am,2,2,5,5:00am-5:59am,16,16,88,Not Applicable (Not Transported),88,Not Applicable (Not Transported),1
42,Pennsylvania,420114,0,0,1,1,0,1,1,3,ALLEGHENY (3),1335,CLAIRTON,1,January,30,30,1,Sunday,2022,0,0:00am-0:59am,58,58,SR-837 STATE ST,NA,3,State Highway,2,Urban,3,Principal Arterial - Other,1,State Highway Agency,1,This section IS ON the NHS,0,No Special Jurisdiction,33,33,40.28716667,40.28716667,-79.87726944,-79.87726944,1,Rollover/Overturn,0,The First Harmful Event was Not a Collision with a Motor Vehicle in Transport,0,No,1,Non-Junction,1,Not an Intersection,4,On Roadside,0,None,2,Dark - Not Lighted,10,Cloudy,0,No,0000000,Not Applicable,0,0:00am-0:59am,59,59,1,1:00am-1:59am,4,4,99,Unknown,99,Unknown EMS Hospital Arrival Time,1
42,Pennsylvania,420115,1,1,2,2,0,2,2,101,PHILADELPHIA (101),6540,PHILADELPHIA,2,February,11,11,6,Friday,2022,18,6:00pm-6:59pm,54,54,SR-2008 GIRARD AVE,NA,3,State Highway,2,Urban,3,Principal Arterial - Other,1,State Highway Agency,1,This section IS ON the NHS,0,No Special Jurisdiction,21,21,39.97051944,39.97051944,-75.15231944,-75.15231944,8,Pedestrian,0,The First Harmful Event was Not a Collision with a Motor Vehicle in Transport,0,No,1,Non-Junction,1,Not an Intersection,1,On Roadway,0,None,3,Dark - Lighted,1,Clear,0,No,0000000,Not Applicable,18,6:00pm-6:59pm,53,53,18,6:00pm-6:59pm,59,59,19,7:00pm-7:59pm,26,26,1
42,Pennsylvania,420116,2,2,2,1,1,0,0,101,PHILADELPHIA (101),6540,PHILADELPHIA,3,March,11,11,6,Friday,2022,19,7:00pm-7:59pm,55,55,ALDINE ST,NA,6,Local Street - Municipality,2,Urban,7,Local,4,City or Municipal Highway Agency,0,This section IS NOT on the NHS,0,No Special Jurisdiction,0,None,40.03629167,40.03629167,-75.03830556,-75.03830556,8,Pedestrian,0,The First Harmful Event was Not a Collision with a Motor Vehicle in Transport,0,No,1,Non-Junction,1,Not an Intersection,4,On Roadside,0,None,2,Dark - Not Lighted,1,Clear,0,No,0000000,Not Applicable,19,7:00pm-7:59pm,59,59,20,8:00pm-8:59pm,2,2,20,8:00pm-8:59pm,39,39,1
42,Pennsylvania,420117,0,0,2,2,0,4,4,101,PHILADELPHIA (101),6540,PHILADELPHIA,1,January,2,2,1,Sunday,2022,7,7:00am-7:59am,45,45,CONSHOHOCKEN AVE,MONUMENT RD,6,Local Street - Municipality,2,Urban,7,Local,4,City or Municipal Highway Agency,0,This section IS NOT on the NHS,0,No Special Jurisdiction,0,None,40.00136944,40.00136944,-75.21506944,-75.21506944,12,Motor Vehicle In-Transport,1,Front-to-Rear,0,No,3,Intersection-Related,7,"Five Point, or More",1,On Roadway,0,None,1,Daylight,99,Reported as Unknown,0,No,0000000,Not Applicable,7,7:00am-7:59am,39,39,7,7:00am-7:59am,46,46,8,8:00am-8:59am,16,16,1
42,Pennsylvania,420118,1,1,1,1,0,1,1,129,WESTMORELAND (129),0,NOT APPLICABLE,3,March,12,12,7,Saturday,2022,10,10:00am-10:59am,35,35,SR-3089 WATER ST,NA,3,State Highway,2,Urban,5,Major Collector,1,State Highway Agency,0,This section IS NOT on the NHS,0,No Special Jurisdiction,12,12,40.12535556,40.12535556,-79.58906944,-79.58906944,8,Pedestrian,0,The First Harmful Event was Not a Collision with a Motor Vehicle in Transport,0,No,4,Driveway Access,1,Not an Intersection,1,On Roadway,0,None,1,Daylight,4,Snow,0,No,0000000,Not Applicable,99,Unknown,99,Unknown,99,Unknown EMS Scene Arrival Hour,99,Unknown EMS Scene Arrival Minutes,99,Unknown,99,Unknown EMS Hospital Arrival Time,1
42,Pennsylvania,420119,1,1,1,1,0,1,1,45,DELAWARE (45),0,NOT APPLICABLE,2,February,3,3,5,Thursday,2022,20,8:00pm-8:59pm,22,22,SR-3009 CHICHESTER AVE,KINGSMAN RD,3,State Highway,2,Urban,4,Minor Arterial,1,State Highway Agency,0,This section IS NOT on the NHS,0,No Special Jurisdiction,13,13,39.83449722,39.83449722,-75.44181389,-75.44181389,8,Pedestrian,0,The First Harmful Event was Not a Collision with a Motor Vehicle in Transport,0,No,2,Intersection,2,Four-Way Intersection,1,On Roadway,0,None,3,Dark - Lighted,2,Rain,0,No,0000000,Not Applicable,20,8:00pm-8:59pm,23,23,20,8:00pm-8:59pm,28,28,88,Not Applicable (Not Transported),88,Not Applicable (Not Transported),1
42,Pennsylvania,420120,1,1,1,1,0,1,1,45,DELAWARE (45),0,NOT APPLICABLE,2,February,6,6,1,Sunday,2022,5,5:00am-5:59am,38,38,US-1 STATE RD,NA,2,US Highway,2,Urban,3,Principal Arterial - Other,99,Unknown,1,This section IS ON the NHS,0,No Special Jurisdiction,152,152,39.94163056,39.94163056,-75.33689444,-75.33689444,8,Pedestrian,0,The First Harmful Event was Not a Collision with a Motor Vehicle in Transport,0,No,1,Non-Junction,1,Not an Intersection,1,On Roadway,0,None,2,Dark - Not Lighted,1,Clear,0,No,0000000,Not Applicable,5,5:00am-5:59am,37,37,5,5:00am-5:59am,40,40,88,Not Applicable (Not Transported),88,Not Applicable (Not Transported),1
42,Pennsylvania,420121,0,0,2,2,0,3,3,51,FAYETTE (51),0,NOT APPLICABLE,2,February,20,20,1,Sunday,2022,0,0:00am-0:59am,42,42,US-40 GEO C MARSHALL PKWY,NA,2,US Highway,2,Urban,2,Principal Arterial - Other Freeways and Expressways,99,Unknown,1,This section IS ON the NHS,0,No Special Jurisdiction,148,148,39.86792222,39.86792222,-79.73861667,-79.73861667,12,Motor Vehicle In-Transport,2,Front-to-Front,0,No,1,Non-Junction,1,Not an Intersection,1,On Roadway,0,None,3,Dark - Lighted,1,Clear,0,No,0000000,Not Applicable,0,0:00am-0:59am,43,43,0,0:00am-0:59am,48,48,99,Unknown,99,Unknown EMS Hospital Arrival Time,2
42,Pennsylvania,420122,0,0,2,2,0,2,2,91,MONTGOMERY (91),0,NOT APPLICABLE,2,February,19,19,7,Saturday,2022,4,4:00am-4:59am,52,52,I-276 MAINLINE TPKE,NA,1,Interstate,1,Rural,1,Interstate,31,State Toll Road,1,This section IS ON the NHS,0,No Special Jurisdiction,3382,3382,40.13176111,40.13176111,-75.19893333,-75.19893333,12,Motor Vehicle In-Transport,2,Front-to-Front,0,No,1,Non-Junction,1,Not an Intersection,1,On Roadway,0,None,3,Dark - Lighted,1,Clear,0,No,0000000,Not Applicable,4,4:00am-4:59am,58,58,5,5:00am-5:59am,9,9,88,Not Applicable (Not Transported),88,Not Applicable (Not Transported),2
42,Pennsylvania,420123,0,0,2,2,0,2,2,55,FRANKLIN (55),0,NOT APPLICABLE,2,February,24,24,5,Thursday,2022,3,3:00am-3:59am,38,38,SR-641 FORGE HILL RD,NA,3,State Highway,1,Rural,4,Minor Arterial,1,State Highway Agency,0,This section IS NOT on the NHS,0,No Special Jurisdiction,97,97,40.11918333,40.11918333,-77.69295833,-77.69295833,12,Motor Vehicle In-Transport,11,Other,0,No,1,Non-Junction,1,Not an Intersection,1,On Roadway,0,None,2,Dark - Not Lighted,1,Clear,0,No,0000000,Not Applicable,3,3:00am-3:59am,38,38,3,3:00am-3:59am,49,49,4,4:00am-4:59am,57,57,1
42,Pennsylvania,420124,0,0,2,2,0,2,2,79,LUZERNE (79),0,NOT APPLICABLE,3,March,5,5,7,Saturday,2022,23,11:00pm-11:59pm,25,25,I-81 AMERICAN LEGION MEM HWY,NA,1,Interstate,2,Urban,1,Interstate,1,State Highway Agency,1,This section IS ON the NHS,0,No Special Jurisdiction,1575,1575,41.12305556,41.12305556,-75.96157222,-75.96157222,12,Motor Vehicle In-Transport,2,Front-to-Front,0,No,1,Non-Junction,1,Not an Intersection,1,On Roadway,0,None,2,Dark - Not Lighted,1,Clear,0,No,0000000,Not Applicable,23,11:00pm-11:59pm,31,31,23,11:00pm-11:59pm,45,45,0,0:00am-0:59am,7,7,1
42,Pennsylvania,420125,0,0,1,1,0,1,1,3,ALLEGHENY (3),2250,EAST MCKEESPORT,2,February,27,27,1,Sunday,2022,8,8:00am-8:59am,22,22,US-30 LINCOLN HWY,NA,2,US Highway,2,Urban,3,Principal Arterial - Other,99,Unknown,1,This section IS ON the NHS,0,No Special Jurisdiction,129,129,40.37962222,40.37962222,-79.80793333,-79.80793333,30,Utility Pole/Light Support,0,The First Harmful Event was Not a Collision with a Motor Vehicle in Transport,0,No,1,Non-Junction,1,Not an Intersection,4,On Roadside,0,None,4,Dawn,1,Clear,0,No,0000000,Not Applicable,8,8:00am-8:59am,25,25,8,8:00am-8:59am,30,30,8,8:00am-8:59am,58,58,1
42,Pennsylvania,420126,0,0,2,2,0,2,2,11,BERKS (11),0,NOT APPLICABLE,3,March,14,14,2,Monday,2022,6,6:00am-6:59am,45,45,SR-61 POTTSVILLE PIKE,NA,3,State Highway,2,Urban,3,Principal Arterial - Other,1,State Highway Agency,1,This section IS ON the NHS,0,No Special Jurisdiction,141,141,40.53000833,40.53000833,-75.97551667,-75.97551667,12,Motor Vehicle In-Transport,2,Front-to-Front,0,No,1,Non-Junction,1,Not an Intersection,1,On Roadway,0,None,4,Dawn,1,Clear,0,No,0000000,Not Applicable,99,Unknown,99,Unknown,99,Unknown EMS Scene Arrival Hour,99,Unknown EMS Scene Arrival Minutes,99,Unknown,99,Unknown EMS Hospital Arrival Time,1
42,Pennsylvania,420127,0,0,1,1,0,1,1,55,FRANKLIN (55),0,NOT APPLICABLE,3,March,2,2,4,Wednesday,2022,22,10:00pm-10:59pm,13,13,MEYERS RD,NA,5,Local Street - Township,1,Rural,7,Local,3,Town or Township Highway Agency,0,This section IS NOT on the NHS,0,No Special Jurisdiction,0,None,39.85044167,39.85044167,-77.82784444,-77.82784444,30,Utility Pole/Light Support,0,The First Harmful Event was Not a Collision with a Motor Vehicle in Transport,0,No,1,Non-Junction,1,Not an Intersection,4,On Roadside,0,None,2,Dark - Not Lighted,1,Clear,0,No,0000000,Not Applicable,99,Unknown,99,Unknown,99,Unknown EMS Scene Arrival Hour,99,Unknown EMS Scene Arrival Minutes,88,Not Applicable (Not Transported),88,Not Applicable (Not Transported),1
42,Pennsylvania,420128,0,0,2,2,0,3,3,129,WESTMORELAND (129),0,NOT APPLICABLE,3,March,7,7,2,Monday,2022,11,11:00am-11:59am,20,20,SR-3071 ARONA RD,NA,3,State Highway,2,Urban,5,Major Collector,1,State Highway Agency,0,This section IS NOT on the NHS,0,No Special Jurisdiction,31,31,40.26102222,40.26102222,-79.64330278,-79.64330278,12,Motor Vehicle In-Transport,2,Front-to-Front,0,No,1,Non-Junction,1,Not an Intersection,1,On Roadway,0,None,1,Daylight,2,Rain,0,No,0000000,Not Applicable,11,11:00am-11:59am,20,20,11,11:00am-11:59am,27,27,11,11:00am-11:59am,47,47,1
42,Pennsylvania,420129,0,0,1,1,0,1,1,101,PHILADELPHIA (101),6540,PHILADELPHIA,2,February,8,8,3,Tuesday,2022,23,11:00pm-11:59pm,45,45,I-76 SCHUYLKILL EXPY,NA,1,Interstate,2,Urban,1,Interstate,1,State Highway Agency,1,This section IS ON the NHS,0,No Special Jurisdiction,3415,3415,39.99005833,39.99005833,-75.205525,-75.205525,25,Concrete Traffic Barrier,0,The First Harmful Event was Not a Collision with a Motor Vehicle in Transport,0,No,1,Non-Junction,1,Not an Intersection,3,On Median,0,None,3,Dark - Lighted,1,Clear,0,No,0000000,Not Applicable,23,11:00pm-11:59pm,51,51,23,11:00pm-11:59pm,54,54,88,Not Applicable (Not Transported),88,Not Applicable (Not Transported),1
42,Pennsylvania,420130,0,0,1,1,0,1,1,29,CHESTER (29),0,NOT APPLICABLE,2,February,20,20,1,Sunday,2022,22,10:00pm-10:59pm,12,12,US-1 KENNETT OXFORD BYP,NA,2,US Highway,2,Urban,3,Principal Arterial - Other,99,Unknown,1,This section IS ON the NHS,0,No Special Jurisdiction,2,2,39.72446111,39.72446111,-76.02863889,-76.02863889,59,Traffic Sign Support,0,The First Harmful Event was Not a Collision with a Motor Vehicle in Transport,0,No,1,Non-Junction,1,Not an Intersection,3,On Median,0,None,2,Dark - Not Lighted,1,Clear,0,No,0000000,Not Applicable,22,10:00pm-10:59pm,12,12,22,10:00pm-10:59pm,19,19,23,11:00pm-11:59pm,26,26,1
42,Pennsylvania,420131,0,0,2,2,0,2,2,91,MONTGOMERY (91),0,NOT APPLICABLE,3,March,19,19,7,Saturday,2022,6,6:00am-6:59am,39,39,SR-73 SKIPPACK PIKE,NA,3,State Highway,2,Urban,3,Principal Arterial - Other,1,State Highway Agency,1,This section IS ON the NHS,0,No Special Jurisdiction,179,179,40.18949722,40.18949722,-75.32779722,-75.32779722,12,Motor Vehicle In-Transport,2,Front-to-Front,0,No,1,Non-Junction,1,Not an Intersection,1,On Roadway,0,None,4,Dawn,1,Clear,0,No,0000000,Not Applicable,6,6:00am-6:59am,37,37,6,6:00am-6:59am,44,44,7,7:00am-7:59am,25,25,1
42,Pennsylvania,420132,0,0,1,1,0,2,2,43,DAUPHIN (43),0,NOT APPLICABLE,4,April,3,3,1,Sunday,2022,15,3:00pm-3:59pm,11,11,SR-2017 MANADA BOTTOM RD,NA,3,State Highway,1,Rural,6,Minor Collector,1,State Highway Agency,0,This section IS NOT on the NHS,0,No Special Jurisdiction,26,26,40.39211111,40.39211111,-76.71141389,-76.71141389,42,Tree (Standing Only),0,The First Harmful Event was Not a Collision with a Motor Vehicle in Transport,0,No,1,Non-Junction,1,Not an Intersection,4,On Roadside,0,None,1,Daylight,10,Cloudy,0,No,0000000,Not Applicable,15,3:00pm-3:59pm,11,11,15,3:00pm-3:59pm,18,18,16,4:00pm-4:59pm,0,0,1
42,Pennsylvania,420133,0,0,1,1,0,2,2,91,MONTGOMERY (91),0,NOT APPLICABLE,4,April,29,29,6,Friday,2022,12,12:00pm-12:59pm,55,55,SR-4009 RIVER RD,COLLEGEVILLE RD,3,State Highway,2,Urban,7,Local,1,State Highway Agency,0,This section IS NOT on the NHS,0,No Special Jurisdiction,3,3,40.18741944,40.18741944,-75.44511944,-75.44511944,42,Tree (Standing Only),0,The First Harmful Event was Not a Collision with a Motor Vehicle in Transport,0,No,3,Intersection-Related,3,T-Intersection,4,On Roadside,0,None,1,Daylight,1,Clear,0,No,0000000,Not Applicable,12,12:00pm-12:59pm,55,55,13,1:00pm-1:59pm,3,3,13,1:00pm-1:59pm,43,43,1
42,Pennsylvania,420134,0,0,1,1,0,1,1,11,BERKS (11),0,NOT APPLICABLE,4,April,23,23,7,Saturday,2022,17,5:00pm-5:59pm,51,51,VIRGINVILLE RD,NA,5,Local Street - Township,1,Rural,7,Local,3,Town or Township Highway Agency,0,This section IS NOT on the NHS,0,No Special Jurisdiction,0,None,40.53337222,40.53337222,-75.90198056,-75.90198056,38,Fence,0,The First Harmful Event was Not a Collision with a Motor Vehicle in Transport,0,No,1,Non-Junction,1,Not an Intersection,4,On Roadside,0,None,1,Daylight,1,Clear,0,No,0000000,Not Applicable,99,Unknown,99,Unknown,99,Unknown EMS Scene Arrival Hour,99,Unknown EMS Scene Arrival Minutes,88,Not Applicable (Not Transported),88,Not Applicable (Not Transported),1
42,Pennsylvania,420135,1,1,1,1,0,1,1,103,PIKE (103),0,NOT APPLICABLE,1,January,9,9,1,Sunday,2022,6,6:00am-6:59am,28,28,US-6 PENNSYLVANIA AVE,NA,2,US Highway,2,Urban,3,Principal Arterial - Other,99,Unknown,1,This section IS ON the NHS,0,No Special Jurisdiction,299,299,41.36022778,41.36022778,-74.70986944,-74.70986944,8,Pedestrian,0,The First Harmful Event was Not a Collision with a Motor Vehicle in Transport,1,Yes,18,Through Roadway,1,Not an Intersection,1,On Roadway,0,None,3,Dark - Lighted,12,Freezing Rain or Drizzle,0,No,0000000,Not Applicable,6,6:00am-6:59am,27,27,6,6:00am-6:59am,39,39,7,7:00am-7:59am,20,20,1
42,Pennsylvania,420136,0,0,1,1,0,1,1,25,CARBON (25),6410,PARRYVILLE,4,April,22,22,6,Friday,2022,13,1:00pm-1:59pm,19,19,N FIRE LINE RD,NA,6,Local Street - Municipality,2,Urban,7,Local,4,City or Municipal Highway Agency,0,This section IS NOT on the NHS,0,No Special Jurisdiction,0,None,40.82205833,40.82205833,-75.66643889,-75.66643889,35,Embankment,0,The First Harmful Event was Not a Collision with a Motor Vehicle in Transport,0,No,1,Non-Junction,1,Not an Intersection,4,On Roadside,0,None,1,Daylight,1,Clear,0,No,0000000,Not Applicable,99,Unknown,99,Unknown,99,Unknown EMS Scene Arrival Hour,99,Unknown EMS Scene Arrival Minutes,99,Unknown,99,Unknown EMS Hospital Arrival Time,1
42,Pennsylvania,420137,0,0,2,2,0,2,2,19,BUTLER (19),0,NOT APPLICABLE,4,April,26,26,3,Tuesday,2022,6,6:00am-6:59am,5,5,I-79 RAYMOND P SHAFFER HWY,NA,1,Interstate,2,Urban,1,Interstate,1,State Highway Agency,1,This section IS ON the NHS,0,No Special Jurisdiction,880,880,40.81357778,40.81357778,-80.11217222,-80.11217222,12,Motor Vehicle In-Transport,1,Front-to-Rear,0,No,1,Non-Junction,1,Not an Intersection,1,On Roadway,0,None,4,Dawn,1,Clear,0,No,0000000,Not Applicable,6,6:00am-6:59am,2,2,6,6:00am-6:59am,7,7,7,7:00am-7:59am,16,16,1
42,Pennsylvania,420138,0,0,2,2,0,2,2,41,CUMBERLAND (41),0,NOT APPLICABLE,4,April,28,28,5,Thursday,2022,18,6:00pm-6:59pm,8,8,SR-641 TRINDLE RD,39TH ST,3,State Highway,2,Urban,3,Principal Arterial - Other,1,State Highway Agency,1,This section IS ON the NHS,0,No Special Jurisdiction,336,336,40.23418056,40.23418056,-76.94684167,-76.94684167,12,Motor Vehicle In-Transport,6,Angle,0,No,2,Intersection,3,T-Intersection,1,On Roadway,0,None,1,Daylight,1,Clear,0,No,0000000,Not Applicable,18,6:00pm-6:59pm,8,8,18,6:00pm-6:59pm,18,18,88,Not Applicable (Not Transported),88,Not Applicable (Not Transported),1
42,Pennsylvania,420139,0,0,3,3,0,3,3,91,MONTGOMERY (91),0,NOT APPLICABLE,3,March,14,14,2,Monday,2022,18,6:00pm-6:59pm,32,32,CR-RIDGE PIKE,NA,4,County Road,2,Urban,7,Local,2,County Highway Agency,0,This section IS NOT on the NHS,0,No Special Jurisdiction,0,None,40.10635556,40.10635556,-75.31561111,-75.31561111,12,Motor Vehicle In-Transport,6,Angle,0,No,1,Non-Junction,1,Not an Intersection,1,On Roadway,0,None,1,Daylight,1,Clear,0,No,0000000,Not Applicable,18,6:00pm-6:59pm,32,32,18,6:00pm-6:59pm,40,40,19,7:00pm-7:59pm,14,14,1
42,Pennsylvania,420140,0,0,3,3,0,4,4,71,LANCASTER (71),0,NOT APPLICABLE,3,March,28,28,2,Monday,2022,9,9:00am-9:59am,57,57,SR-23 MARIETTA AVE,SR-4003 KINDERHOOK RD,3,State Highway,2,Urban,4,Minor Arterial,1,State Highway Agency,0,This section IS NOT on the NHS,0,No Special Jurisdiction,21,21,40.06190833,40.06190833,-76.498775,-76.498775,12,Motor Vehicle In-Transport,6,Angle,0,No,2,Intersection,2,Four-Way Intersection,1,On Roadway,0,None,1,Daylight,1,Clear,0,No,0000000,Not Applicable,9,9:00am-9:59am,59,59,10,10:00am-10:59am,6,6,10,10:00am-10:59am,42,42,1
42,Pennsylvania,420141,1,2,3,1,2,2,1,43,DAUPHIN (43),0,NOT APPLICABLE,4,April,11,11,2,Monday,2022,9,9:00am-9:59am,1,1,I-81 GEORGE N WADE BRG,NA,1,Interstate,2,Urban,1,Interstate,1,State Highway Agency,1,This section IS ON the NHS,0,No Special Jurisdiction,653,653,40.31481111,40.31481111,-76.91174444,-76.91174444,14,Parked Motor Vehicle,0,The First Harmful Event was Not a Collision with a Motor Vehicle in Transport,0,No,1,Non-Junction,1,Not an Intersection,2,On Shoulder,0,None,1,Daylight,1,Clear,0,No,0000000,Not Applicable,9,9:00am-9:59am,2,2,9,9:00am-9:59am,10,10,10,10:00am-10:59am,7,7,1
42,Pennsylvania,420142,0,0,2,2,0,2,2,73,LAWRENCE (73),0,NOT APPLICABLE,1,January,14,14,6,Friday,2022,10,10:00am-10:59am,50,50,SR-4005 RIVER RD,NASHUA RD,3,State Highway,1,Rural,6,Minor Collector,1,State Highway Agency,0,This section IS NOT on the NHS,0,No Special Jurisdiction,35,35,41.08181389,41.08181389,-80.39114444,-80.39114444,12,Motor Vehicle In-Transport,6,Angle,0,No,2,Intersection,2,Four-Way Intersection,1,On Roadway,0,None,1,Daylight,10,Cloudy,0,No,0000000,Not Applicable,10,10:00am-10:59am,54,54,11,11:00am-11:59am,8,8,12,12:00pm-12:59pm,4,4,1
42,Pennsylvania,420143,0,0,2,2,0,3,3,71,LANCASTER (71),0,NOT APPLICABLE,4,April,28,28,5,Thursday,2022,15,3:00pm-3:59pm,53,53,SR-2009 NOBLE RD,STREET RD,3,State Highway,1,Rural,6,Minor Collector,1,State Highway Agency,0,This section IS NOT on the NHS,0,No Special Jurisdiction,29,29,39.84138056,39.84138056,-76.09321389,-76.09321389,12,Motor Vehicle In-Transport,6,Angle,0,No,2,Intersection,2,Four-Way Intersection,1,On Roadway,0,None,1,Daylight,1,Clear,0,No,0000000,Not Applicable,15,3:00pm-3:59pm,3,3,16,4:00pm-4:59pm,5,5,16,4:00pm-4:59pm,52,52,1
42,Pennsylvania,420144,0,0,2,2,0,3,3,71,LANCASTER (71),0,NOT APPLICABLE,4,April,4,4,2,Monday,2022,9,9:00am-9:59am,6,6,SR-23 NEW HOLLAND PIKE,NA,3,State Highway,1,Rural,4,Minor Arterial,1,State Highway Agency,0,This section IS NOT on the NHS,0,No Special Jurisdiction,344,344,40.14962778,40.14962778,-75.90735556,-75.90735556,12,Motor Vehicle In-Transport,6,Angle,0,No,8,Driveway Access Related,1,Not an Intersection,1,On Roadway,0,None,1,Daylight,1,Clear,0,No,0000000,Not Applicable,99,Unknown,99,Unknown,99,Unknown EMS Scene Arrival Hour,99,Unknown EMS Scene Arrival Minutes,99,Unknown,99,Unknown EMS Hospital Arrival Time,1
42,Pennsylvania,420145,0,0,1,1,0,1,1,81,LYCOMING (81),0,NOT APPLICABLE,4,April,9,9,7,Saturday,2022,0,0:00am-0:59am,43,43,SR-3028 RAILROAD ST,NA,3,State Highway,2,Urban,4,Minor Arterial,1,State Highway Agency,0,This section IS NOT on the NHS,0,No Special Jurisdiction,5,5,41.20144722,41.20144722,-77.28346111,-77.28346111,53,Mail Box,0,The First Harmful Event was Not a Collision with a Motor Vehicle in Transport,0,No,1,Non-Junction,1,Not an Intersection,4,On Roadside,0,None,3,Dark - Lighted,1,Clear,0,No,0000000,Not Applicable,0,0:00am-0:59am,43,43,0,0:00am-0:59am,52,52,88,Not Applicable (Not Transported),88,Not Applicable (Not Transported),1
42,Pennsylvania,420146,2,2,1,1,0,1,1,101,PHILADELPHIA (101),6540,PHILADELPHIA,2,February,18,18,6,Friday,2022,0,0:00am-0:59am,16,16,US-13 ROOSEVELT BLVD,SR-611 BROAD ST,2,US Highway,2,Urban,3,Principal Arterial - Other,99,Unknown,1,This section IS ON the NHS,0,No Special Jurisdiction,77,77,40.01795278,40.01795278,-75.14954167,-75.14954167,8,Pedestrian,0,The First Harmful Event was Not a Collision with a Motor Vehicle in Transport,0,No,3,Intersection-Related,2,Four-Way Intersection,1,On Roadway,0,None,3,Dark - Lighted,10,Cloudy,0,No,0000000,Not Applicable,0,0:00am-0:59am,16,16,0,0:00am-0:59am,33,33,99,Unknown,99,Unknown EMS Hospital Arrival Time,1
42,Pennsylvania,420147,0,0,1,1,0,1,1,43,DAUPHIN (43),0,NOT APPLICABLE,4,April,23,23,7,Saturday,2022,6,6:00am-6:59am,2,2,SR-300 283RD FIELD ARTILLE HWY,NA,3,State Highway,2,Urban,2,Principal Arterial - Other Freeways and Expressways,1,State Highway Agency,1,This section IS ON the NHS,0,No Special Jurisdiction,42,42,40.2233,40.2233,-76.714875,-76.714875,59,Traffic Sign Support,0,The First Harmful Event was Not a Collision with a Motor Vehicle in Transport,0,No,1,Non-Junction,1,Not an Intersection,3,On Median,0,None,2,Dark - Not Lighted,1,Clear,0,No,0000000,Not Applicable,6,6:00am-6:59am,11,11,6,6:00am-6:59am,24,24,88,Not Applicable (Not Transported),88,Not Applicable (Not Transported),1