STATE,STATENAME,ST_CASE,PEDS,PERNOTMVIT,VE_TOTAL,VE_FORMS,PVH_INVL,PERSONS,PERMVIT,COUNTY,COUNTYNAME,CITY,CITYNAME,MONTH,MONTHNAME,DAY,DAYNAME,DAY_WEEK,DAY_WEEKNAME,YEAR,HOUR,HOURNAME,MINUTE,MINUTENAME,TWAY_ID,TWAY_ID2,ROUTE,ROUTENAME,RUR_URB,RUR_URBNAME,FUNC_SYS,FUNC_SYSNAME,RD_OWNER,RD_OWNERNAME,NHS,NHSNAME,SP_JUR,SP_JURNAME,MILEPT,MILEPTNAME,LATITUDE,LATITUDENAME,LONGITUD,LONGITUDNAME,HARM_EV,HARM_EVNAME,MAN_COLL,MAN_COLLNAME,RELJCT1,RELJCT1NAME,RELJCT2,RELJCT2NAME,TYP_INT,TYP_INTNAME,REL_ROAD,REL_ROADNAME,WRK_ZONE,WRK_ZONENAME,LGT_COND,LGT_CONDNAME,WEATHER,WEATHERNAME,SCH_BUS,SCH_BUSNAME,RAIL,RAILNAME,NOT_HOUR,NOT_HOURNAME,NOT_MIN,NOT_MINNAME,ARR_HOUR,ARR_HOURNAME,ARR_MIN,ARR_MINNAME,HOSP_HR,HOSP_HRNAME,HOSP_MN,HOSP_MNNAME,FATALS
42,Pennsylvania,420184,0,0,1,1,0,1,1,115,SUSQUEHANNA (115),0,NOT APPLICABLE,1,January,31,31,2,Monday,2022,8,8:00am-8:59am,31,31,SR-374,NA,3,State Highway,1,Rural,5,Major Collector,1,State Highway Agency,0,This section IS NOT on the NHS,0,No Special Jurisdiction,26,26,41.65327222,41.65327222,-75.67201667,-75.67201667,39,Wall,0,The First Harmful Event was Not a Collision with a Motor Vehicle in Transport,0,No,1,Non-Junction,1,Not an Intersection,5,Outside Trafficway,0,None,1,Daylight,1,Clear,0,No,0000000,Not Applicable,8,8:00am-8:59am,31,31,8,8:00am-8:59am,39,39,88,Not Applicable (Not Transported),88,Not Applicable (Not Transported),1
42,Pennsylvania,420185,1,1,1,1,0,1,1,77,LEHIGH (77),110,ALLENTOWN,2,February,15,15,3,Tuesday,2022,3,3:00am-3:59am,15,15,17TH ST,SUMNER AVE,6,Local Street - Municipality,2,Urban,7,Local,4,City or Municipal Highway Agency,0,This section IS NOT on the NHS,0,No Special Jurisdiction,0,None,40.60710278,40.60710278,-75.49718056,-75.49718056,8,Pedestrian,0,The First Harmful Event was Not a Collision with a Motor Vehicle in Transport,0,No,3,Intersection-Related,2,Four-Way Intersection,1,On Roadway,0,None,3,Dark - Lighted,1,Clear,0,No,0000000,Not Applicable,99,Unknown,99,Unknown,99,Unknown EMS Scene Arrival Hour,99,Unknown EMS Scene Arrival Minutes,99,Unknown,99,Unknown EMS Hospital Arrival Time,1
42,Pennsylvania,420186,0,0,2,2,0,2,2,107,SCHUYLKILL (107),0,NOT APPLICABLE,2,February,1,1,3,Tuesday,2022,5,5:00am-5:59am,31,31,KEYSTONE BLVD,NA,5,Local Street - Township,1,Rural,7,Local,3,Town or Township Highway Agency,0,This section IS NOT on the NHS,0,No Special Jurisdiction,0,None,40.72939722,40.72939722,-76.29874722,-76.29874722,33,Curb,0,The First Harmful Event was Not a Collision with a Motor Vehicle in Transport,0,No,1,Non-Junction,1,Not an Intersection,4,On Roadside,0,None,2,Dark - Not Lighted,1,Clear,0,No,0000000,Not Applicable,99,Unknown,99,Unknown,99,Unknown EMS Scene Arrival Hour,99,Unknown EMS Scene Arrival Minutes,88,Not Applicable (Not Transported),88,Not Applicable (Not Transported),1
42,Pennsylvania,420187,0,0,2,2,0,2,2,21,CAMBRIA (21),0,NOT APPLICABLE,2,February,11,11,6,Friday,2022,22,10:00pm-10:59pm,51,51,US-22 WILLIAM PENN HWY,NA,2,US Highway,1,Rural,3,Principal Arterial - Other,99,Unknown,1,This section IS ON the NHS,0,No Special Jurisdiction,174,174,40.46366667,40.46366667,-78.63962778,-78.63962778,12,Motor Vehicle In-Transport,1,Front-to-Rear,0,No,1,Non-Junction,1,Not an Intersection,1,On Roadway,0,None,2,Dark - Not Lighted,1,Clear,0,No,0000000,Not Applicable,99,Unknown,99,Unknown,99,Unknown EMS Scene Arrival Hour,99,Unknown EMS Scene Arrival Minutes,88,Not Applicable (Not Transported),88,Not Applicable (Not Transported),1
42,Pennsylvania,420188,0,0,1,1,0,4,4,43,DAUPHIN (43),0,NOT APPLICABLE,2,February,5,5,7,Saturday,2022,15,3:00pm-3:59pm,41,41,SR-3027 KECKLER RD,NA,3,State Highway,2,Urban,5,Major Collector,1,State Highway Agency,0,This section IS NOT on the NHS,0,No Special Jurisdiction,3,3,40.24684444,40.24684444,-76.798022219999993,-76.798022219999993,59,Traffic Sign Support,0,The First Harmful Event was Not a Collision with a Motor Vehicle in Transport,0,No,1,Non-Junction,1,Not an Intersection,4,On Roadside,0,None,1,Daylight,1,Clear,0,No,0000000,Not Applicable,99,Unknown,99,Unknown,99,Unknown EMS Scene Arrival Hour,99,Unknown EMS Scene Arrival Minutes,99,Unknown,99,Unknown EMS Hospital Arrival Time,1
42,Pennsylvania,420189,0,0,1,1,0,1,1,125,WASHINGTON (125),0,NOT APPLICABLE,2,February,12,12,7,Saturday,2022,3,3:00am-3:59am,9,9,SR-18 PARK AVE,NA,3,State Highway,1,Rural,4,Minor Arterial,1,State Highway Agency,0,This section IS NOT on the NHS,0,No Special Jurisdiction,101,101,40.09626944,40.09626944,-80.28740278,-80.28740278,42,Tree (Standing Only),0,The First Harmful Event was Not a Collision with a Motor Vehicle in Transport,0,No,1,Non-Junction,1,Not an Intersection,4,On Roadside,0,None,2,Dark - Not Lighted,2,Rain,0,No,0000000,Not Applicable,88,Not Applicable (Not Notified),88,Not Applicable (Not Notified),88,Not Applicable,88,Not Applicable,88,Not Applicable (Not Transported),88,Not Applicable (Not Transported),1
42,Pennsylvania,420190,0,0,1,1,0,1,1,125,WASHINGTON (125),5400,MONONGAHELA,2,February,19,19,7,Saturday,2022,14,2:00pm-2:59pm,23,23,4TH ST,NA,6,Local Street - Municipality,2,Urban,7,Local,4,City or Municipal Highway Agency,0,This section IS NOT on the NHS,0,No Special Jurisdiction,0,None,40.20349167,40.20349167,-79.92540833,-79.92540833,10,Railway Vehicle,0,The First Harmful Event was Not a Collision with a Motor Vehicle in Transport,0,No,6,Railway Grade Crossing,1,Not an Intersection,1,On Roadway,0,None,1,Daylight,1,Clear,0,No,507749V,507749V,88,Not Applicable (Not Notified),88,Not Applicable (Not Notified),88,Not Applicable,88,Not Applicable,88,Not Applicable (Not Transported),88,Not Applicable (Not Transported),1
42,Pennsylvania,420191,0,0,2,2,0,3,3,7,BEAVER (7),7671,SHIPPINGPORT,2,February,16,16,4,Wednesday,2022,21,9:00pm-9:59pm,14,14,SR-3016 SHIPPINGPORT HILL RD,NA,3,State Highway,2,Urban,4,Minor Arterial,1,State Highway Agency,0,This section IS NOT on the NHS,0,No Special Jurisdiction,14,14,40.62946944,40.62946944,-80.40646111,-80.40646111,12,Motor Vehicle In-Transport,2,Front-to-Front,0,No,1,Non-Junction,1,Not an Intersection,1,On Roadway,0,None,2,Dark - Not Lighted,1,Clear,0,No,0000000,Not Applicable,21,9:00pm-9:59pm,6,6,21,9:00pm-9:59pm,18,18,99,Unknown,99,Unknown EMS Hospital Arrival Time,2
42,Pennsylvania,420192,1,1,1,1,0,4,4,115,SUSQUEHANNA (115),0,NOT APPLICABLE,3,March,16,16,4,Wednesday,2022,18,6:00pm-6:59pm,19,19,US-11 MAIN ST,NA,2,US Highway,2,Urban,5,Major Collector,99,Unknown,0,This section IS NOT on the NHS,0,No Special Jurisdiction,250,250,41.964825,41.964825,-75.74140556,-75.74140556,8,Pedestrian,0,The First Harmful Event was Not a Collision with a Motor Vehicle in Transport,0,No,8,Driveway Access Related,1,Not an Intersection,1,On Roadway,0,None,5,Dusk,1,Clear,0,No,0000000,Not Applicable,18,6:00pm-6:59pm,18,18,18,6:00pm-6:59pm,29,29,88,Not Applicable (Not Transported),88,Not Applicable (Not Transported),1
42,Pennsylvania,420193,0,0,3,3,0,4,4,27,CENTRE (27),0,NOT APPLICABLE,3,March,22,22,3,Tuesday,2022,16,4:00pm-4:59pm,30,30,US-220A ALT 220 RD,NA,2,US Highway,1,Rural,3,Principal Arterial - Other,99,Unknown,1,This section IS ON the NHS,0,No Special Jurisdiction,67,67,40.81146389,40.81146389,-78.04143889,-78.04143889,12,Motor Vehicle In-Transport,11,Other,0,No,1,Non-Junction,1,Not an Intersection,1,On Roadway,0,None,1,Daylight,1,Clear,0,No,0000000,Not Applicable,16,4:00pm-4:59pm,29,29,16,4:00pm-4:59pm,34,34,99,Unknown,99,Unknown EMS Hospital Arrival Time,2
42,Pennsylvania,420194,0,0,4,4,0,5,5,3,ALLEGHENY (3),6600,PITTSBURGH,3,March,5,5,7,Saturday,2022,19,7:00pm-7:59pm,26,26,US-19 WEST END BRG,NA,2,US Highway,2,Urban,2,Principal Arterial - Other Freeways and Expressways,99,Unknown,1,This section IS ON the NHS,0,No Special Jurisdiction,105,105,40.44603889,40.44603889,-80.02720833,-80.02720833,12,Motor Vehicle In-Transport,1,Front-to-Rear,0,No,1,Non-Junction,1,Not an Intersection,1,On Roadway,0,None,3,Dark - Lighted,1,Clear,0,No,0000000,Not Applicable,19,7:00pm-7:59pm,28,28,19,7:00pm-7:59pm,29,29,88,Not Applicable (Not Transported),88,Not Applicable (Not Transported),1
42,Pennsylvania,420195,0,0,2,2,0,2,2,125,WASHINGTON (125),0,NOT APPLICABLE,3,March,21,21,2,Monday,2022,13,1:00pm-1:59pm,57,57,SR-1009 MORGANZA RD,SR-1032 SOUTHPOINTE BLVD,3,State Highway,2,Urban,4,Minor Arterial,1,State Highway Agency,0,This section IS NOT on the NHS,0,No Special Jurisdiction,102,102,40.29555,40.29555,-80.15876944,-80.15876944,12,Motor Vehicle In-Transport,6,Angle,0,No,2,Intersection,2,Four-Way Intersection,1,On Roadway,0,None,1,Daylight,1,Clear,0,No,0000000,Not Applicable,13,1:00pm-1:59pm,57,57,14,2:00pm-2:59pm,7,7,14,2:00pm-2:59pm,38,38,1
42,Pennsylvania,420196,0,0,2,2,0,3,3,3,ALLEGHENY (3),0,NOT APPLICABLE,3,March,2,2,4,Wednesday,2022,22,10:00pm-10:59pm,50,50,SR-148 FIFTH AVE,CONGRESS ST,3,State Highway,2,Urban,3,Principal Arterial - Other,1,State Highway Agency,1,This section IS ON the NHS,0,No Special Jurisdiction,62,62,40.37749167,40.37749167,-79.81368056,-79.81368056,12,Motor Vehicle In-Transport,6,Angle,0,No,2,Intersection,3,T-Intersection,1,On Roadway,0,None,3,Dark - Lighted,1,Clear,0,No,0000000,Not Applicable,22,10:00pm-10:59pm,51,51,22,10:00pm-10:59pm,55,55,23,11:00pm-11:59pm,45,45,1
42,Pennsylvania,420197,0,0,2,2,0,2,2,11,BERKS (11),0,NOT APPLICABLE,1,January,30,30,1,Sunday,2022,2,2:00am-2:59am,25,25,SR-183 BERNVILLE RD,NA,3,State Highway,1,Rural,4,Minor Arterial,1,State Highway Agency,0,This section IS NOT on the NHS,0,No Special Jurisdiction,105,105,40.41713333,40.41713333,-76.10076111,-76.10076111,12,Motor Vehicle In-Transport,2,Front-to-Front,0,No,1,Non-Junction,1,Not an Intersection,1,On Roadway,0,None,2,Dark - Not Lighted,1,Clear,0,No,0000000,Not Applicable,99,Unknown,99,Unknown,99,Unknown EMS Scene Arrival Hour,99,Unknown EMS Scene Arrival Minutes,99,Unknown,99,Unknown EMS Hospital Arrival Time,1
42,Pennsylvania,420198,1,1,1,1,0,1,1,101,PHILADELPHIA (101),6540,PHILADELPHIA,5,May,1,1,1,Sunday,2022,2,2:00am-2:59am,21,21,SR-2009 ARAMINGO AVE,SR-1004 TORRESDALE AVE,3,State Highway,2,Urban,3,Principal Arterial - Other,1,State Highway Agency,1,This section IS ON the NHS,0,No Special Jurisdiction,42,42,40.013725,40.013725,-75.06849722,-75.06849722,8,Pedestrian,0,The First Harmful Event was Not a Collision with a Motor Vehicle in Transport,0,No,3,Intersection-Related,2,Four-Way Intersection,1,On Roadway,0,None,3,Dark - Lighted,1,Clear,0,No,0000000,Not Applicable,2,2:00am-2:59am,22,22,2,2:00am-2:59am,26,26,88,Not Applicable (Not Transported),88,Not Applicable (Not Transported),1
42,Pennsylvania,420199,0,0,2,1,1,1,1,79,LUZERNE (79),0,NOT APPLICABLE,2,February,25,25,6,Friday,2022,8,8:00am-8:59am,22,22,I-80,NA,1,Interstate,2,Urban,1,Interstate,1,State Highway Agency,1,This section IS ON the NHS,0,No Special Jurisdiction,2614,2614,41.05015,41.05015,-75.98161667,-75.98161667,14,Parked Motor Vehicle,0,The First Harmful Event was Not a Collision with a Motor Vehicle in Transport,0,No,1,Non-Junction,1,Not an Intersection,2,On Shoulder,0,None,1,Daylight,12,Freezing Rain or Drizzle,0,No,0000000,Not Applicable,8,8:00am-8:59am,21,21,8,8:00am-8:59am,32,32,8,8:00am-8:59am,53,53,1
42,Pennsylvania,420200,1,1,1,1,0,1,1,21,CAMBRIA (21),0,NOT APPLICABLE,5,May,3,3,3,Tuesday,2022,8,8:00am-8:59am,53,53,SR-3016 SCALP AV,NA,3,State Highway,2,Urban,3,Principal Arterial - Other,1,State Highway Agency,1,This section IS ON the NHS,0,No Special Jurisdiction,46,46,40.28030556,40.28030556,-78.86244722,-78.86244722,8,Pedestrian,0,The First Harmful Event was Not a Collision with a Motor Vehicle in Transport,0,No,8,Driveway Access Related,1,Not an Intersection,1,On Roadway,0,None,1,Daylight,1,Clear,0,No,0000000,Not Applicable,99,Unknown,99,Unknown,99,Unknown EMS Scene Arrival Hour,99,Unknown EMS Scene Arrival Minutes,99,Unknown,99,Unknown EMS Hospital Arrival Time,1
42,Pennsylvania,420201,0,0,2,2,0,3,3,29,CHESTER (29),0,NOT APPLICABLE,5,May,3,3,3,Tuesday,2022,17,5:00pm-5:59pm,36,36,I-76 MAINLINE TPKE,NA,1,Interstate,1,Rural,1,Interstate,31,State Toll Road,1,This section IS ON the NHS,0,No Special Jurisdiction,3226,3226,40.07747778,40.07747778,-75.47726111,-75.47726111,12,Motor Vehicle In-Transport,1,Front-to-Rear,0,No,1,Non-Junction,1,Not an Intersection,1,On Roadway,0,None,1,Daylight,1,Clear,0,No,0000000,Not Applicable,17,5:00pm-5:59pm,34,34,17,5:00pm-5:59pm,45,45,18,6:00pm-6:59pm,45,45,1
42,Pennsylvania,420202,0,0,2,2,0,2,2,129,WESTMORELAND (129),0,NOT APPLICABLE,5,May,4,4,4,Wednesday,2022,6,6:00am-6:59am,58,58,I-76 MAINLINE TPKE,NA,1,Interstate,1,Rural,1,Interstate,31,State Toll Road,1,This section IS ON the NHS,0,No Special Jurisdiction,610,610,40.39341389,40.39341389,-79.68925278,-79.68925278,25,Concrete Traffic Barrier,0,The First Harmful Event was Not a Collision with a Motor Vehicle in Transport,0,No,1,Non-Junction,1,Not an Intersection,4,On Roadside,0,None,4,Dawn,2,Rain,0,No,0000000,Not Applicable,7,7:00am-7:59am,8,8,7,7:00am-7:59am,16,16,7,7:00am-7:59am,57,57,1
42,Pennsylvania,420203,0,0,2,2,0,2,2,101,PHILADELPHIA (101),6540,PHILADELPHIA,3,March,22,22,3,Tuesday,2022,19,7:00pm-7:59pm,34,34,DIAMOND ST,23RD ST,6,Local Street - Municipality,2,Urban,7,Local,4,City or Municipal Highway Agency,0,This section IS NOT on the NHS,0,No Special Jurisdiction,0,None,39.98664167,39.98664167,-75.17119167,-75.17119167,12,Motor Vehicle In-Transport,6,Angle,0,No,2,Intersection,3,T-Intersection,1,On Roadway,0,None,2,Dark - Not Lighted,1,Clear,0,No,0000000,Not Applicable,19,7:00pm-7:59pm,34,34,19,7:00pm-7:59pm,38,38,19,7:00pm-7:59pm,57,57,1
42,Pennsylvania,420204,0,0,1,1,0,3,3,115,SUSQUEHANNA (115),0,NOT APPLICABLE,3,March,15,15,3,Tuesday,2022,12,12:00pm-12:59pm,47,47,SR-1015 RIVER RD,NA,3,State Highway,1,Rural,5,Major Collector,1,State Highway Agency,0,This section IS NOT on the NHS,0,No Special Jurisdiction,24,24,41.99464444,41.99464444,-75.59911667,-75.59911667,42,Tree (Standing Only),0,The First Harmful Event was Not a Collision with a Motor Vehicle in Transport,0,No,1,Non-Junction,1,Not an Intersection,4,On Roadside,0,None,1,Daylight,1,Clear,0,No,0000000,Not Applicable,12,12:00pm-12:59pm,18,18,12,12:00pm-12:59pm,26,26,99,Unknown,99,Unknown EMS Hospital Arrival Time,1
42,Pennsylvania,420205,0,0,1,1,0,2,2,77,LEHIGH (77),110,ALLENTOWN,3,March,5,5,7,Saturday,2022,3,3:00am-3:59am,28,28,MARTIN LUTHER KING JR DR,NA,6,Local Street - Municipality,2,Urban,7,Local,4,City or Municipal Highway Agency,0,This section IS NOT on the NHS,0,No Special Jurisdiction,0,None,40.59493889,40.59493889,-75.48141667,-75.48141667,43,Other Fixed Object,0,The First Harmful Event was Not a Collision with a Motor Vehicle in Transport,0,No,1,Non-Junction,1,Not an Intersection,4,On Roadside,0,None,3,Dark - Lighted,1,Clear,0,No,0000000,Not Applicable,88,Not Applicable (Not Notified),88,Not Applicable (Not Notified),88,Not Applicable,88,Not Applicable,88,Not Applicable (Not Transported),88,Not Applicable (Not Transported),2
42,Pennsylvania,420206,0,0,2,2,0,2,2,3,ALLEGHENY (3),6600,PITTSBURGH,5,May,4,4,4,Wednesday,2022,2,2:00am-2:59am,22,22,I-376 PENN LINCOLN PKWY,NA,1,Interstate,2,Urban,1,Interstate,1,State Highway Agency,1,This section IS ON the NHS,0,No Special Jurisdiction,725,725,40.43365556,40.43365556,-79.96320556,-79.96320556,12,Motor Vehicle In-Transport,1,Front-to-Rear,0,No,1,Non-Junction,1,Not an Intersection,1,On Roadway,0,None,3,Dark - Lighted,2,Rain,0,No,0000000,Not Applicable,99,Unknown,99,Unknown,99,Unknown EMS Scene Arrival Hour,99,Unknown EMS Scene Arrival Minutes,88,Not Applicable (Not Transported),88,Not Applicable (Not Transported),1
42,Pennsylvania,420207,0,0,2,2,0,2,2,55,FRANKLIN (55),3343,"GREENE, TOWNSHIP",5,May,4,4,4,Wednesday,2022,15,3:00pm-3:59pm,44,44,SR-0997 BLACK GAP RD,NA,3,State Highway,2,Urban,5,Major Collector,1,State Highway Agency,0,This section IS NOT on the NHS,0,No Special Jurisdiction,144,144,39.91086111,39.91086111,-77.51829722,-77.51829722,12,Motor Vehicle In-Transport,6,Angle,0,No,1,Non-Junction,1,Not an Intersection,1,On Roadway,0,None,1,Daylight,1,Clear,0,No,0000000,Not Applicable,15,3:00pm-3:59pm,43,43,15,3:00pm-3:59pm,48,48,99,Unknown,99,Unknown EMS Hospital Arrival Time,1
42,Pennsylvania,420208,0,0,1,1,0,1,1,3,ALLEGHENY (3),0,NOT APPLICABLE,5,May,6,6,6,Friday,2022,2,2:00am-2:59am,8,8,SR-0060 STEUBENVILLE PK,NA,3,State Highway,2,Urban,3,Principal Arterial - Other,1,State Highway Agency,1,This section IS ON the NHS,0,No Special Jurisdiction,53,53,40.44528889,40.44528889,-80.09971389,-80.09971389,24,Guardrail Face,0,The First Harmful Event was Not a Collision with a Motor Vehicle in Transport,0,No,1,Non-Junction,1,Not an Intersection,4,On Roadside,0,None,3,Dark - Lighted,2,Rain,0,No,0000000,Not Applicable,2,2:00am-2:59am,10,10,2,2:00am-2:59am,21,21,2,2:00am-2:59am,57,57,1
42,Pennsylvania,420209,0,0,1,1,0,1,1,3,ALLEGHENY (3),2140,DUQUESNE,4,April,17,17,1,Sunday,2022,10,10:00am-10:59am,53,53,SR-837 DUQUESNE BLVD,NA,3,State Highway,2,Urban,3,Principal Arterial - Other,1,State Highway Agency,1,This section IS ON the NHS,0,No Special Jurisdiction,117,117,40.37764167,40.37764167,-79.85134167,-79.85134167,25,Concrete Traffic Barrier,0,The First Harmful Event was Not a Collision with a Motor Vehicle in Transport,0,No,1,Non-Junction,1,Not an Intersection,4,On Roadside,0,None,1,Daylight,1,Clear,0,No,0000000,Not Applicable,99,Unknown,99,Unknown,99,Unknown EMS Scene Arrival Hour,99,Unknown EMS Scene Arrival Minutes,88,Not Applicable (Not Transported),88,Not Applicable (Not Transported),1
42,Pennsylvania,420210,0,0,1,1,0,2,2,133,YORK (133),0,NOT APPLICABLE,4,April,15,15,6,Friday,2022,19,7:00pm-7:59pm,9,9,SR-177 WYNDAMERE RD,WOODLAND AVE,3,State Highway,2,Urban,5,Major Collector,1,State Highway Agency,0,This section IS NOT on the NHS,0,No Special Jurisdiction,83,83,40.15683056,40.15683056,-76.839,-76.839,33,Curb,0,The First Harmful Event was Not a Collision with a Motor Vehicle in Transport,0,No,3,Intersection-Related,3,T-Intersection,4,On Roadside,0,None,1,Daylight,1,Clear,0,No,0000000,Not Applicable,19,7:00pm-7:59pm,12,12,19,7:00pm-7:59pm,18,18,19,7:00pm-7:59pm,52,52,1
42,Pennsylvania,420211,0,0,2,1,1,2,2,3,ALLEGHENY (3),408,BALDWIN,4,April,3,3,1,Sunday,2022,10,10:00am-10:59am,1,1,CR-BECKS RUN RD,NA,4,County Road,2,Urban,7,Local,2,County Highway Agency,0,This section IS NOT on the NHS,0,No Special Jurisdiction,0,None,40.40890833,40.40890833,-79.964175,-79.964175,30,Utility Pole/Light Support,0,The First Harmful Event was Not a Collision with a Motor Vehicle in Transport,0,No,1,Non-Junction,1,Not an Intersection,4,On Roadside,0,None,1,Daylight,1,Clear,0,No,0000000,Not Applicable,10,10:00am-10:59am,4,4,10,10:00am-10:59am,11,11,99,Unknown,99,Unknown EMS Hospital Arrival Time,1
42,Pennsylvania,420212,0,0,2,2,0,2,2,91,MONTGOMERY (91),0,NOT APPLICABLE,4,April,3,3,1,Sunday,2022,16,4:00pm-4:59pm,36,36,SR-663 LAYFIELD RD,NA,3,State Highway,2,Urban,3,Principal Arterial - Other,1,State Highway Agency,1,This section IS ON the NHS,0,No Special Jurisdiction,127,127,40.38573056,40.38573056,-75.50780833,-75.50780833,12,Motor Vehicle In-Transport,8,Sideswipe - Opposite Direction,0,No,1,Non-Junction,1,Not an Intersection,1,On Roadway,0,None,1,Daylight,1,Clear,0,No,0000000,Not Applicable,16,4:00pm-4:59pm,35,35,16,4:00pm-4:59pm,37,37,88,Not Applicable (Not Transported),88,Not Applicable (Not Transported),1
42,Pennsylvania,420213,1,1,2,2,0,2,2,101,PHILADELPHIA (101),6540,PHILADELPHIA,2,February,27,27,1,Sunday,2022,1,1:00am-1:59am,53,53,SR-232 OXFORD AVE,NA,3,State Highway,2,Urban,3,Principal Arterial - Other,1,State Highway Agency,1,This section IS ON the NHS,0,No Special Jurisdiction,15,15,40.05196944,40.05196944,-75.086525,-75.086525,8,Pedestrian,0,The First Harmful Event was Not a Collision with a Motor Vehicle in Transport,0,No,1,Non-Junction,1,Not an Intersection,1,On Roadway,0,None,3,Dark - Lighted,1,Clear,0,No,0000000,Not Applicable,1,1:00am-1:59am,53,53,2,2:00am-2:59am,2,2,88,Not Applicable (Not Transported),88,Not Applicable (Not Transported),1
42,Pennsylvania,420214,0,0,2,2,0,5,5,89,MONROE (89),0,NOT APPLICABLE,3,March,19,19,7,Saturday,2022,18,6:00pm-6:59pm,52,52,SR-611,SR-4008 TO SR 4008/0030 RD,3,State Highway,2,Urban,4,Minor Arterial,1,State Highway Agency,0,This section IS NOT on the NHS,0,No Special Jurisdiction,245,245,41.17217222,41.17217222,-75.408875,-75.408875,12,Motor Vehicle In-Transport,6,Angle,0,No,2,Intersection,3,T-Intersection,1,On Roadway,0,None,5,Dusk,2,Rain,0,No,0000000,Not Applicable,99,Unknown,99,Unknown,99,Unknown EMS Scene Arrival Hour,99,Unknown EMS Scene Arrival Minutes,99,Unknown,99,Unknown EMS Hospital Arrival Time,2
42,Pennsylvania,420215,0,0,2,2,0,2,2,19,BUTLER (19),0,NOT APPLICABLE,4,April,5,5,3,Tuesday,2022,6,6:00am-6:59am,8,8,SR-8 WILLIAM FLYNN HWY,SR-4010 BRANCHTON RD,3,State Highway,1,Rural,3,Principal Arterial - Other,1,State Highway Agency,1,This section IS ON the NHS,0,No Special Jurisdiction,309,309,41.07445,41.07445,-80.00220556,-80.00220556,12,Motor Vehicle In-Transport,6,Angle,0,No,2,Intersection,2,Four-Way Intersection,1,On Roadway,0,None,1,Daylight,1,Clear,0,No,0000000,Not Applicable,6,6:00am-6:59am,6,6,6,6:00am-6:59am,19,19,88,Not Applicable (Not Transported),88,Not Applicable (Not Transported),1
42,Pennsylvania,420216,0,0,1,1,0,1,1,29,CHESTER (29),0,NOT APPLICABLE,4,April,21,21,5,Thursday,2022,19,7:00pm-7:59pm,14,14,BUCKTOE RD,NA,5,Local Street - Township,1,Rural,7,Local,3,Town or Township Highway Agency,0,This section IS NOT on the NHS,0,No Special Jurisdiction,0,None,39.81497222,39.81497222,-75.72200556,-75.72200556,38,Fence,0,The First Harmful Event was Not a Collision with a Motor Vehicle in Transport,0,No,1,Non-Junction,1,Not an Intersection,4,On Roadside,0,None,1,Daylight,1,Clear,0,No,0000000,Not Applicable,19,7:00pm-7:59pm,13,13,19,7:00pm-7:59pm,23,23,88,Not Applicable (Not Transported),88,Not Applicable (Not Transported),1
42,Pennsylvania,420217,0,0,1,1,0,1,1,129,WESTMORELAND (129),0,NOT APPLICABLE,4,April,22,22,6,Friday,2022,16,4:00pm-4:59pm,1,1,SR-780 SEVENTH ST,NA,3,State Highway,2,Urban,5,Major Collector,1,State Highway Agency,0,This section IS NOT on the NHS,0,No Special Jurisdiction,57,57,40.55049444,40.55049444,-79.66771389,-79.66771389,35,Embankment,0,The First Harmful Event was Not a Collision with a Motor Vehicle in Transport,0,No,1,Non-Junction,1,Not an Intersection,4,On Roadside,0,None,1,Daylight,1,Clear,0,No,0000000,Not Applicable,16,4:00pm-4:59pm,0,0,16,4:00pm-4:59pm,10,10,88,Not Applicable (Not Transported),88,Not Applicable (Not Transported),1
42,Pennsylvania,420218,0,0,1,1,0,3,3,125,WASHINGTON (125),0,NOT APPLICABLE,4,April,8,8,6,Friday,2022,16,4:00pm-4:59pm,26,26,SR-2034 SUNSET DR,NA,3,State Highway,1,Rural,6,Minor Collector,1,State Highway Agency,0,This section IS NOT on the NHS,0,No Special Jurisdiction,8,8,40.07033056,40.07033056,-80.00621389,-80.00621389,35,Embankment,0,The First Harmful Event was Not a Collision with a Motor Vehicle in Transport,0,No,1,Non-Junction,1,Not an Intersection,4,On Roadside,0,None,1,Daylight,1,Clear,0,No,0000000,Not Applicable,16,4:00pm-4:59pm,25,25,16,4:00pm-4:59pm,37,37,17,5:00pm-5:59pm,40,40,1
42,Pennsylvania,420219,0,0,1,1,0,1,1,109,SNYDER (109),0,NOT APPLICABLE,4,April,17,17,1,Sunday,2022,7,7:00am-7:59am,3,3,TROUP VALLEY HILL RD,NA,5,Local Street - Township,1,Rural,7,Local,3,Town or Township Highway Agency,0,This section IS NOT on the NHS,0,No Special Jurisdiction,0,None,40.69988333,40.69988333,-76.95640278,-76.95640278,35,Embankment,0,The First Harmful Event was Not a Collision with a Motor Vehicle in Transport,0,No,1,Non-Junction,1,Not an Intersection,4,On Roadside,0,None,1,Daylight,10,Cloudy,0,No,0000000,Not Applicable,7,7:00am-7:59am,2,2,7,7:00am-7:59am,8,8,88,Not Applicable (Not Transported),88,Not Applicable (Not Transported),1