STATE,STATENAME,ST_CASE,PEDS,PERNOTMVIT,VE_TOTAL,VE_FORMS,PVH_INVL,PERSONS,PERMVIT,COUNTY,COUNTYNAME,CITY,CITYNAME,MONTH,MONTHNAME,DAY,DAYNAME,DAY_WEEK,DAY_WEEKNAME,YEAR,HOUR,HOURNAME,MINUTE,MINUTENAME,TWAY_ID,TWAY_ID2,ROUTE,ROUTENAME,RUR_URB,RUR_URBNAME,FUNC_SYS,FUNC_SYSNAME,RD_OWNER,RD_OWNERNAME,NHS,NHSNAME,SP_JUR,SP_JURNAME,MILEPT,MILEPTNAME,LATITUDE,LATITUDENAME,LONGITUD,LONGITUDNAME,HARM_EV,HARM_EVNAME,MAN_COLL,MAN_COLLNAME,RELJCT1,RELJCT1NAME,RELJCT2,RELJCT2NAME,TYP_INT,TYP_INTNAME,REL_ROAD,REL_ROADNAME,WRK_ZONE,WRK_ZONENAME,LGT_COND,LGT_CONDNAME,WEATHER,WEATHERNAME,SCH_BUS,SCH_BUSNAME,RAIL,RAILNAME,NOT_HOUR,NOT_HOURNAME,NOT_MIN,NOT_MINNAME,ARR_HOUR,ARR_HOURNAME,ARR_MIN,ARR_MINNAME,HOSP_HR,HOSP_HRNAME,HOSP_MN,HOSP_MNNAME,FATALS
42,Pennsylvania,420330,0,0,2,2,0,4,4,95,NORTHAMPTON (95),0,NOT APPLICABLE,3,March,24,24,5,Thursday,2022,1,1:00am-1:59am,26,26,SR-33,NA,3,State Highway,1,Rural,3,Principal Arterial - Other,1,State Highway Agency,1,This section IS ON the NHS,0,No Special Jurisdiction,111,111,40.78548889,40.78548889,-75.28626944,-75.28626944,12,Motor Vehicle In-Transport,1,Front-to-Rear,0,No,1,Non-Junction,1,Not an Intersection,1,On Roadway,0,None,2,Dark - Not Lighted,2,Rain,0,No,0000000,Not Applicable,88,Not Applicable (Not Notified),88,Not Applicable (Not Notified),88,Not Applicable,88,Not Applicable,88,Not Applicable (Not Transported),88,Not Applicable (Not Transported),3
42,Pennsylvania,420331,0,0,1,1,0,1,1,43,DAUPHIN (43),0,NOT APPLICABLE,6,June,11,11,7,Saturday,2022,1,1:00am-1:59am,14,14,SR-3012 DERRY ST,NA,3,State Highway,2,Urban,4,Minor Arterial,1,State Highway Agency,0,This section IS NOT on the NHS,0,No Special Jurisdiction,52,52,40.25957222,40.25957222,-76.79509167,-76.79509167,40,Fire Hydrant,0,The First Harmful Event was Not a Collision with a Motor Vehicle in Transport,0,No,1,Non-Junction,1,Not an Intersection,4,On Roadside,0,None,3,Dark - Lighted,1,Clear,0,No,0000000,Not Applicable,1,1:00am-1:59am,18,18,1,1:00am-1:59am,33,33,88,Not Applicable (Not Transported),88,Not Applicable (Not Transported),1
42,Pennsylvania,420332,0,0,1,1,0,2,2,95,NORTHAMPTON (95),0,NOT APPLICABLE,3,March,29,29,3,Tuesday,2022,11,11:00am-11:59am,36,36,SR-2018 FREEMANSBURG AVE,NA,3,State Highway,2,Urban,4,Minor Arterial,1,State Highway Agency,0,This section IS NOT on the NHS,0,No Special Jurisdiction,9,9,40.64508333,40.64508333,-75.31679167,-75.31679167,39,Wall,0,The First Harmful Event was Not a Collision with a Motor Vehicle in Transport,0,No,1,Non-Junction,1,Not an Intersection,4,On Roadside,0,None,1,Daylight,1,Clear,0,No,0000000,Not Applicable,99,Unknown,99,Unknown,99,Unknown EMS Scene Arrival Hour,99,Unknown EMS Scene Arrival Minutes,99,Unknown,99,Unknown EMS Hospital Arrival Time,1
42,Pennsylvania,420333,0,0,1,1,0,2,2,3,ALLEGHENY (3),0,NOT APPLICABLE,4,April,24,24,1,Sunday,2022,14,2:00pm-2:59pm,5,5,SR-3024 BATTLE RIDGE RD,NA,3,State Highway,2,Urban,5,Major Collector,1,State Highway Agency,0,This section IS NOT on the NHS,0,No Special Jurisdiction,44,44,40.37901667,40.37901667,-80.15051111,-80.15051111,33,Curb,0,The First Harmful Event was Not a Collision with a Motor Vehicle in Transport,0,No,1,Non-Junction,1,Not an Intersection,4,On Roadside,0,None,1,Daylight,1,Clear,0,No,0000000,Not Applicable,2,2:00am-2:59am,7,7,2,2:00am-2:59am,18,18,3,3:00am-3:59am,0,0,1
42,Pennsylvania,420334,0,0,1,1,0,1,1,21,CAMBRIA (21),4010,JOHNSTOWN,6,June,11,11,7,Saturday,2022,19,7:00pm-7:59pm,43,43,SR-8016 RAMP A RD,NA,3,State Highway,2,Urban,2,Principal Arterial - Other Freeways and Expressways,1,State Highway Agency,1,This section IS ON the NHS,0,No Special Jurisdiction,69,69,40.32048333,40.32048333,-78.91251667,-78.91251667,34,Ditch,0,The First Harmful Event was Not a Collision with a Motor Vehicle in Transport,1,Yes,5,Entrance/Exit Ramp Related,1,Not an Intersection,4,On Roadside,0,None,1,Daylight,1,Clear,0,No,0000000,Not Applicable,99,Unknown,99,Unknown,99,Unknown EMS Scene Arrival Hour,99,Unknown EMS Scene Arrival Minutes,99,Unknown,99,Unknown EMS Hospital Arrival Time,1
42,Pennsylvania,420335,0,0,1,1,0,2,2,1,ADAMS (1),0,NOT APPLICABLE,6,June,12,12,1,Sunday,2022,0,0:00am-0:59am,33,33,SR-0116 HANOVER RD,NA,3,State Highway,2,Urban,3,Principal Arterial - Other,1,State Highway Agency,0,This section IS NOT on the NHS,0,No Special Jurisdiction,229,229,39.79675833,39.79675833,-77.03952222,-77.03952222,53,Mail Box,0,The First Harmful Event was Not a Collision with a Motor Vehicle in Transport,0,No,1,Non-Junction,1,Not an Intersection,4,On Roadside,0,None,3,Dark - Lighted,1,Clear,0,No,0000000,Not Applicable,0,0:00am-0:59am,35,35,0,0:00am-0:59am,42,42,99,Unknown,99,Unknown EMS Hospital Arrival Time,1
42,Pennsylvania,420336,0,0,2,2,0,2,2,95,NORTHAMPTON (95),0,NOT APPLICABLE,5,May,12,12,5,Thursday,2022,18,6:00pm-6:59pm,35,35,SR-248 NAZARETH RD,NA,3,State Highway,2,Urban,3,Principal Arterial - Other,1,State Highway Agency,1,This section IS ON the NHS,0,No Special Jurisdiction,216,216,40.68891667,40.68891667,-75.25473889,-75.25473889,12,Motor Vehicle In-Transport,1,Front-to-Rear,0,No,1,Non-Junction,1,Not an Intersection,1,On Roadway,0,None,1,Daylight,1,Clear,0,No,0000000,Not Applicable,99,Unknown,99,Unknown,99,Unknown EMS Scene Arrival Hour,99,Unknown EMS Scene Arrival Minutes,99,Unknown,99,Unknown EMS Hospital Arrival Time,1
42,Pennsylvania,420337,0,0,2,2,0,5,5,65,JEFFERSON (65),0,NOT APPLICABLE,6,June,13,13,2,Monday,2022,17,5:00pm-5:59pm,48,48,I-80 KEYSTONE SHORTWAY RD,NA,1,Interstate,1,Rural,1,Interstate,1,State Highway Agency,1,This section IS ON the NHS,0,No Special Jurisdiction,897,897,41.15258889,41.15258889,-78.91198611,-78.91198611,12,Motor Vehicle In-Transport,1,Front-to-Rear,0,No,1,Non-Junction,1,Not an Intersection,1,On Roadway,1,Construction,1,Daylight,1,Clear,0,No,0000000,Not Applicable,18,6:00pm-6:59pm,10,10,18,6:00pm-6:59pm,26,26,19,7:00pm-7:59pm,21,21,1
42,Pennsylvania,420338,0,0,1,1,0,1,1,31,CLARION (31),0,NOT APPLICABLE,6,June,13,13,2,Monday,2022,13,1:00pm-1:59pm,44,44,SR-0861,NA,3,State Highway,1,Rural,4,Minor Arterial,1,State Highway Agency,0,This section IS NOT on the NHS,0,No Special Jurisdiction,27,27,41.01499167,41.01499167,-79.47905556,-79.47905556,35,Embankment,0,The First Harmful Event was Not a Collision with a Motor Vehicle in Transport,0,No,1,Non-Junction,1,Not an Intersection,4,On Roadside,0,None,1,Daylight,1,Clear,0,No,0000000,Not Applicable,99,Unknown,99,Unknown,99,Unknown EMS Scene Arrival Hour,99,Unknown EMS Scene Arrival Minutes,88,Not Applicable (Not Transported),88,Not Applicable (Not Transported),1
42,Pennsylvania,420339,0,0,2,2,0,3,3,31,CLARION (31),0,NOT APPLICABLE,5,May,27,27,6,Friday,2022,21,9:00pm-9:59pm,10,10,SR-1015 FOREST RD,NA,3,State Highway,1,Rural,6,Minor Collector,1,State Highway Agency,0,This section IS NOT on the NHS,8,Other,21,21,41.35834167,41.35834167,-79.21606667,-79.21606667,12,Motor Vehicle In-Transport,2,Front-to-Front,0,No,1,Non-Junction,1,Not an Intersection,1,On Roadway,0,None,5,Dusk,1,Clear,0,No,0000000,Not Applicable,99,Unknown,99,Unknown,99,Unknown EMS Scene Arrival Hour,99,Unknown EMS Scene Arrival Minutes,99,Unknown,99,Unknown EMS Hospital Arrival Time,1
42,Pennsylvania,420340,0,0,2,2,0,2,2,69,LACKAWANNA (69),3205,GLENBURN TOWNSHIP,6,June,13,13,2,Monday,2022,14,2:00pm-2:59pm,10,10,US-6,SR-4010 ACKERLY RD,2,US Highway,2,Urban,3,Principal Arterial - Other,99,Unknown,1,This section IS ON the NHS,0,No Special Jurisdiction,45,45,41.51686389,41.51686389,-75.72614167,-75.72614167,12,Motor Vehicle In-Transport,1,Front-to-Rear,0,No,2,Intersection,3,T-Intersection,1,On Roadway,0,None,1,Daylight,1,Clear,0,No,0000000,Not Applicable,99,Unknown,99,Unknown,99,Unknown EMS Scene Arrival Hour,99,Unknown EMS Scene Arrival Minutes,99,Unknown,99,Unknown EMS Hospital Arrival Time,1
42,Pennsylvania,420341,0,0,2,2,0,2,2,71,LANCASTER (71),0,NOT APPLICABLE,5,May,27,27,6,Friday,2022,23,11:00pm-11:59pm,48,48,SR-272 READING RD,NA,3,State Highway,2,Urban,4,Minor Arterial,1,State Highway Agency,0,This section IS NOT on the NHS,0,No Special Jurisdiction,349,349,40.20311389,40.20311389,-76.15697778,-76.15697778,12,Motor Vehicle In-Transport,2,Front-to-Front,0,No,1,Non-Junction,1,Not an Intersection,1,On Roadway,0,None,2,Dark - Not Lighted,2,Rain,0,No,0000000,Not Applicable,23,11:00pm-11:59pm,48,48,23,11:00pm-11:59pm,52,52,0,0:00am-0:59am,21,21,1
42,Pennsylvania,420342,0,0,2,2,0,3,3,17,BUCKS (17),0,NOT APPLICABLE,6,June,14,14,3,Tuesday,2022,18,6:00pm-6:59pm,53,53,US-13,NA,2,US Highway,2,Urban,3,Principal Arterial - Other,99,Unknown,1,This section IS ON the NHS,0,No Special Jurisdiction,96,96,40.13193333,40.13193333,-74.83110833,-74.83110833,12,Motor Vehicle In-Transport,6,Angle,0,No,8,Driveway Access Related,1,Not an Intersection,1,On Roadway,0,None,1,Daylight,1,Clear,0,No,0000000,Not Applicable,99,Unknown,99,Unknown,99,Unknown EMS Scene Arrival Hour,99,Unknown EMS Scene Arrival Minutes,99,Unknown,99,Unknown EMS Hospital Arrival Time,1
42,Pennsylvania,420343,0,0,3,1,2,1,1,49,ERIE (49),1700,CORRY,5,May,14,14,7,Saturday,2022,1,1:00am-1:59am,50,50,W SMITH ST,NA,6,Local Street - Municipality,2,Urban,7,Local,4,City or Municipal Highway Agency,0,This section IS NOT on the NHS,0,No Special Jurisdiction,0,None,41.92563333,41.92563333,-79.65707778,-79.65707778,30,Utility Pole/Light Support,0,The First Harmful Event was Not a Collision with a Motor Vehicle in Transport,0,No,1,Non-Junction,1,Not an Intersection,4,On Roadside,0,None,3,Dark - Lighted,1,Clear,0,No,0000000,Not Applicable,88,Not Applicable (Not Notified),88,Not Applicable (Not Notified),88,Not Applicable,88,Not Applicable,88,Not Applicable (Not Transported),88,Not Applicable (Not Transported),1
42,Pennsylvania,420344,0,0,2,2,0,4,4,3,ALLEGHENY (3),0,NOT APPLICABLE,6,June,14,14,3,Tuesday,2022,21,9:00pm-9:59pm,5,5,SR-8013 RAMP A RD,SR-51 CORAOPOLIS RD,3,State Highway,2,Urban,1,Interstate,1,State Highway Agency,1,This section IS ON the NHS,0,No Special Jurisdiction,645,645,40.50385,40.50385,-80.13528056,-80.13528056,12,Motor Vehicle In-Transport,6,Angle,1,Yes,2,Intersection,3,T-Intersection,1,On Roadway,0,None,5,Dusk,1,Clear,0,No,0000000,Not Applicable,21,9:00pm-9:59pm,7,7,21,9:00pm-9:59pm,23,23,21,9:00pm-9:59pm,39,39,1
42,Pennsylvania,420345,0,0,3,3,0,5,5,11,BERKS (11),0,NOT APPLICABLE,5,May,25,25,4,Wednesday,2022,15,3:00pm-3:59pm,20,20,SR-61 POTTSVILLE PIKE,CROSS ROADS BLVD,3,State Highway,2,Urban,3,Principal Arterial - Other,1,State Highway Agency,1,This section IS ON the NHS,0,No Special Jurisdiction,45,45,40.40902778,40.40902778,-75.93779444,-75.93779444,12,Motor Vehicle In-Transport,6,Angle,0,No,2,Intersection,2,Four-Way Intersection,1,On Roadway,0,None,1,Daylight,1,Clear,0,No,0000000,Not Applicable,99,Unknown,99,Unknown,99,Unknown EMS Scene Arrival Hour,99,Unknown EMS Scene Arrival Minutes,99,Unknown,99,Unknown EMS Hospital Arrival Time,1
42,Pennsylvania,420346,0,0,7,7,0,10,10,27,CENTRE (27),0,NOT APPLICABLE,5,May,9,9,2,Monday,2022,13,1:00pm-1:59pm,51,51,US-322B NORTH ATHERTON ST,NA,2,US Highway,2,Urban,3,Principal Arterial - Other,99,Unknown,1,This section IS ON the NHS,0,No Special Jurisdiction,29,29,40.80156667,40.80156667,-77.88019444,-77.88019444,12,Motor Vehicle In-Transport,1,Front-to-Rear,0,No,1,Non-Junction,1,Not an Intersection,1,On Roadway,0,None,1,Daylight,1,Clear,0,No,0000000,Not Applicable,13,1:00pm-1:59pm,53,53,14,2:00pm-2:59pm,0,0,14,2:00pm-2:59pm,28,28,1
42,Pennsylvania,420347,0,0,4,4,0,6,6,103,PIKE (103),0,NOT APPLICABLE,6,June,24,24,6,Friday,2022,11,11:00am-11:59am,6,6,I-84 FALLEN TROOPER MEM HWY,NA,1,Interstate,1,Rural,1,Interstate,1,State Highway Agency,1,This section IS ON the NHS,0,No Special Jurisdiction,415,415,41.34448889,41.34448889,-74.92486944,-74.92486944,12,Motor Vehicle In-Transport,1,Front-to-Rear,0,No,1,Non-Junction,1,Not an Intersection,1,On Roadway,1,Construction,1,Daylight,1,Clear,0,No,0000000,Not Applicable,11,11:00am-11:59am,3,3,11,11:00am-11:59am,11,11,12,12:00pm-12:59pm,55,55,1
42,Pennsylvania,420348,0,0,3,3,0,4,4,91,MONTGOMERY (91),0,NOT APPLICABLE,6,June,9,9,5,Thursday,2022,17,5:00pm-5:59pm,50,50,I-476 NORTHEAST EXT,NA,1,Interstate,1,Rural,1,Interstate,31,State Toll Road,1,This section IS ON the NHS,0,No Special Jurisdiction,281,281,40.22201944,40.22201944,-75.33058611,-75.33058611,12,Motor Vehicle In-Transport,7,Sideswipe - Same Direction,0,No,1,Non-Junction,1,Not an Intersection,1,On Roadway,0,None,1,Daylight,1,Clear,0,No,0000000,Not Applicable,17,5:00pm-5:59pm,49,49,17,5:00pm-5:59pm,59,59,19,7:00pm-7:59pm,4,4,1
42,Pennsylvania,420349,0,0,3,2,1,6,6,101,PHILADELPHIA (101),6540,PHILADELPHIA,6,June,29,29,4,Wednesday,2022,17,5:00pm-5:59pm,58,58,E CHELTEN AVE,NA,6,Local Street - Municipality,2,Urban,7,Local,4,City or Municipal Highway Agency,0,This section IS NOT on the NHS,0,No Special Jurisdiction,0,None,40.05024722,40.05024722,-75.15991944,-75.15991944,12,Motor Vehicle In-Transport,6,Angle,0,No,1,Non-Junction,1,Not an Intersection,1,On Roadway,0,None,1,Daylight,1,Clear,0,No,0000000,Not Applicable,17,5:00pm-5:59pm,58,58,18,6:00pm-6:59pm,3,3,18,6:00pm-6:59pm,25,25,1
42,Pennsylvania,420350,0,0,5,5,0,8,8,35,CLINTON (35),0,NOT APPLICABLE,6,June,13,13,2,Monday,2022,18,6:00pm-6:59pm,57,57,I-80 Z H CONFAIR MEMORIAL HWY,NA,1,Interstate,1,Rural,1,Interstate,1,State Highway Agency,1,This section IS ON the NHS,0,No Special Jurisdiction,1868,1868,41.05452222,41.05452222,-77.28291667,-77.28291667,12,Motor Vehicle In-Transport,1,Front-to-Rear,0,No,1,Non-Junction,1,Not an Intersection,1,On Roadway,1,Construction,1,Daylight,1,Clear,0,No,0000000,Not Applicable,18,6:00pm-6:59pm,52,52,19,7:00pm-7:59pm,13,13,99,Unknown,99,Unknown EMS Hospital Arrival Time,1
42,Pennsylvania,420351,0,0,4,4,0,5,5,101,PHILADELPHIA (101),6540,PHILADELPHIA,7,July,13,13,4,Wednesday,2022,12,12:00pm-12:59pm,15,15,SR-3009 RIDGE AVE,MANATAWNA AVE,3,State Highway,2,Urban,3,Principal Arterial - Other,1,State Highway Agency,1,This section IS ON the NHS,0,No Special Jurisdiction,88,88,40.06841111,40.06841111,-75.24036667,-75.24036667,12,Motor Vehicle In-Transport,1,Front-to-Rear,0,No,2,Intersection,2,Four-Way Intersection,1,On Roadway,0,None,1,Daylight,1,Clear,0,No,0000000,Not Applicable,12,12:00pm-12:59pm,16,16,12,12:00pm-12:59pm,22,22,12,12:00pm-12:59pm,48,48,1
42,Pennsylvania,420352,0,0,2,2,0,3,3,85,MERCER (85),0,NOT APPLICABLE,6,June,14,14,3,Tuesday,2022,7,7:00am-7:59am,9,9,SR-0173 SANDY LAKE RD,NA,3,State Highway,1,Rural,5,Major Collector,1,State Highway Agency,0,This section IS NOT on the NHS,0,No Special Jurisdiction,106,106,41.26046667,41.26046667,-80.07551667,-80.07551667,12,Motor Vehicle In-Transport,1,Front-to-Rear,0,No,1,Non-Junction,1,Not an Intersection,1,On Roadway,0,None,1,Daylight,2,Rain,0,No,0000000,Not Applicable,99,Unknown,99,Unknown,99,Unknown EMS Scene Arrival Hour,99,Unknown EMS Scene Arrival Minutes,99,Unknown,99,Unknown EMS Hospital Arrival Time,1
42,Pennsylvania,420353,0,0,3,3,0,3,3,91,MONTGOMERY (91),0,NOT APPLICABLE,6,June,21,21,3,Tuesday,2022,9,9:00am-9:59am,52,52,SR-463 HORSHAM RD,STUMP RD,3,State Highway,2,Urban,4,Minor Arterial,1,State Highway Agency,0,This section IS NOT on the NHS,0,No Special Jurisdiction,66,66,40.23528333,40.23528333,-75.22470833,-75.22470833,12,Motor Vehicle In-Transport,6,Angle,0,No,2,Intersection,2,Four-Way Intersection,1,On Roadway,0,None,1,Daylight,1,Clear,0,No,0000000,Not Applicable,9,9:00am-9:59am,54,54,9,9:00am-9:59am,59,59,10,10:00am-10:59am,58,58,1
42,Pennsylvania,420354,0,0,3,2,1,2,2,77,LEHIGH (77),110,ALLENTOWN,6,June,25,25,7,Saturday,2022,21,9:00pm-9:59pm,52,52,N 8TH ST,W TURNER ST,6,Local Street - Municipality,1,Rural,7,Local,4,City or Municipal Highway Agency,0,This section IS NOT on the NHS,0,No Special Jurisdiction,0,None,40.60451667,40.60451667,-75.47494167,-75.47494167,12,Motor Vehicle In-Transport,6,Angle,0,No,2,Intersection,2,Four-Way Intersection,1,On Roadway,0,None,3,Dark - Lighted,1,Clear,0,No,0000000,Not Applicable,99,Unknown,99,Unknown,99,Unknown EMS Scene Arrival Hour,99,Unknown EMS Scene Arrival Minutes,99,Unknown,99,Unknown EMS Hospital Arrival Time,1
42,Pennsylvania,420355,0,0,2,2,0,2,2,49,ERIE (49),0,NOT APPLICABLE,6,June,14,14,3,Tuesday,2022,8,8:00am-8:59am,46,46,SR-0832 STERRETTANIA RD,NA,3,State Highway,1,Rural,5,Major Collector,1,State Highway Agency,0,This section IS NOT on the NHS,0,No Special Jurisdiction,31,31,42.01813333,42.01813333,-80.18850278,-80.18850278,12,Motor Vehicle In-Transport,6,Angle,0,No,5,Entrance/Exit Ramp Related,1,Not an Intersection,1,On Roadway,0,None,1,Daylight,1,Clear,0,No,0000000,Not Applicable,8,8:00am-8:59am,40,40,8,8:00am-8:59am,58,58,9,9:00am-9:59am,30,30,1
42,Pennsylvania,420356,0,0,3,3,0,6,6,11,BERKS (11),0,NOT APPLICABLE,7,July,10,10,1,Sunday,2022,14,2:00pm-2:59pm,52,52,SR-724 MAIN ST,NA,3,State Highway,2,Urban,4,Minor Arterial,1,State Highway Agency,0,This section IS NOT on the NHS,0,No Special Jurisdiction,96,96,40.28115,40.28115,-75.8589,-75.8589,12,Motor Vehicle In-Transport,1,Front-to-Rear,0,No,8,Driveway Access Related,1,Not an Intersection,1,On Roadway,0,None,1,Daylight,1,Clear,0,No,0000000,Not Applicable,99,Unknown,99,Unknown,99,Unknown EMS Scene Arrival Hour,99,Unknown EMS Scene Arrival Minutes,99,Unknown,99,Unknown EMS Hospital Arrival Time,1
42,Pennsylvania,420357,1,1,4,4,0,5,5,11,BERKS (11),0,NOT APPLICABLE,7,July,11,11,2,Monday,2022,4,4:00am-4:59am,42,42,I-78 WILLIAM PENN HWY,NA,1,Interstate,1,Rural,1,Interstate,1,State Highway Agency,1,This section IS ON the NHS,0,No Special Jurisdiction,264,264,40.53709722,40.53709722,-76.05111944,-76.05111944,8,Pedestrian,0,The First Harmful Event was Not a Collision with a Motor Vehicle in Transport,0,No,1,Non-Junction,1,Not an Intersection,1,On Roadway,0,None,2,Dark - Not Lighted,1,Clear,0,No,0000000,Not Applicable,99,Unknown,99,Unknown,99,Unknown EMS Scene Arrival Hour,99,Unknown EMS Scene Arrival Minutes,88,Not Applicable (Not Transported),88,Not Applicable (Not Transported),1
42,Pennsylvania,420358,0,0,1,1,0,1,1,129,WESTMORELAND (129),0,NOT APPLICABLE,6,June,14,14,3,Tuesday,2022,16,4:00pm-4:59pm,45,45,SR-0711 STAHLSTOWN LIGONIER RD,NA,3,State Highway,1,Rural,4,Minor Arterial,1,State Highway Agency,0,This section IS NOT on the NHS,0,No Special Jurisdiction,108,108,40.217125,40.217125,-79.25196389,-79.25196389,35,Embankment,0,The First Harmful Event was Not a Collision with a Motor Vehicle in Transport,0,No,1,Non-Junction,1,Not an Intersection,4,On Roadside,0,None,1,Daylight,10,Cloudy,0,No,0000000,Not Applicable,16,4:00pm-4:59pm,57,57,16,4:00pm-4:59pm,59,59,17,5:00pm-5:59pm,59,59,1
42,Pennsylvania,420359,1,1,1,1,0,1,1,107,SCHUYLKILL (107),7600,SHENANDOAH,1,January,22,22,7,Saturday,2022,5,5:00am-5:59am,21,21,SR-924 GOLD STAR HWY,NA,3,State Highway,2,Urban,4,Minor Arterial,1,State Highway Agency,0,This section IS NOT on the NHS,0,No Special Jurisdiction,33,33,40.81573611,40.81573611,-76.199925,-76.199925,8,Pedestrian,0,The First Harmful Event was Not a Collision with a Motor Vehicle in Transport,0,No,1,Non-Junction,1,Not an Intersection,1,On Roadway,0,None,2,Dark - Not Lighted,1,Clear,0,No,0000000,Not Applicable,99,Unknown,99,Unknown,99,Unknown EMS Scene Arrival Hour,99,Unknown EMS Scene Arrival Minutes,88,Not Applicable (Not Transported),88,Not Applicable (Not Transported),1
42,Pennsylvania,420360,1,1,1,1,0,1,1,101,PHILADELPHIA (101),6540,PHILADELPHIA,6,June,15,15,4,Wednesday,2022,18,6:00pm-6:59pm,24,24,W OXFORD ST,19TH ST,6,Local Street - Municipality,2,Urban,7,Local,4,City or Municipal Highway Agency,0,This section IS NOT on the NHS,0,No Special Jurisdiction,0,None,39.97829167,39.97829167,-75.16616667,-75.16616667,8,Pedestrian,0,The First Harmful Event was Not a Collision with a Motor Vehicle in Transport,0,No,3,Intersection-Related,2,Four-Way Intersection,1,On Roadway,0,None,1,Daylight,1,Clear,0,No,0000000,Not Applicable,18,6:00pm-6:59pm,25,25,18,6:00pm-6:59pm,34,34,18,6:00pm-6:59pm,49,49,1
42,Pennsylvania,420361,0,0,2,2,0,2,2,89,MONROE (89),5590,MOUNT POCONO,3,March,9,9,4,Wednesday,2022,12,12:00pm-12:59pm,41,41,SR-940 POCONO BLVD,NA,3,State Highway,2,Urban,4,Minor Arterial,1,State Highway Agency,0,This section IS NOT on the NHS,0,No Special Jurisdiction,155,155,41.12576944,41.12576944,-75.35030278,-75.35030278,12,Motor Vehicle In-Transport,6,Angle,0,No,1,Non-Junction,1,Not an Intersection,1,On Roadway,0,None,1,Daylight,4,Snow,0,No,0000000,Not Applicable,99,Unknown,99,Unknown,99,Unknown EMS Scene Arrival Hour,99,Unknown EMS Scene Arrival Minutes,99,Unknown,99,Unknown EMS Hospital Arrival Time,1
42,Pennsylvania,420362,0,0,2,2,0,2,2,89,MONROE (89),0,NOT APPLICABLE,6,June,15,15,4,Wednesday,2022,7,7:00am-7:59am,55,55,SR-3023 RIMROCK DR,CUSTARD RD,3,State Highway,2,Urban,5,Major Collector,1,State Highway Agency,0,This section IS NOT on the NHS,0,No Special Jurisdiction,47,47,40.99154167,40.99154167,-75.28281389,-75.28281389,12,Motor Vehicle In-Transport,6,Angle,0,No,2,Intersection,2,Four-Way Intersection,1,On Roadway,0,None,1,Daylight,1,Clear,0,No,0000000,Not Applicable,99,Unknown,99,Unknown,99,Unknown EMS Scene Arrival Hour,99,Unknown EMS Scene Arrival Minutes,99,Unknown,99,Unknown EMS Hospital Arrival Time,1
42,Pennsylvania,420363,0,0,2,2,0,2,2,127,WAYNE (127),0,NOT APPLICABLE,5,May,16,16,2,Monday,2022,20,8:00pm-8:59pm,8,8,SR-3031 WANOKA RD,SR-3036 SCHOOLHOUSE RD,3,State Highway,2,Urban,5,Major Collector,1,State Highway Agency,0,This section IS NOT on the NHS,0,No Special Jurisdiction,74,74,41.54979722,41.54979722,-75.26762778,-75.26762778,12,Motor Vehicle In-Transport,2,Front-to-Front,0,No,2,Intersection,3,T-Intersection,1,On Roadway,0,None,2,Dark - Not Lighted,2,Rain,0,No,0000000,Not Applicable,20,8:00pm-8:59pm,8,8,20,8:00pm-8:59pm,16,16,20,8:00pm-8:59pm,27,27,1
42,Pennsylvania,420364,1,1,1,1,0,1,1,11,BERKS (11),7080,ROBESONIA,6,June,16,16,5,Thursday,2022,19,7:00pm-7:59pm,57,57,E MAPLE AV,NA,6,Local Street - Municipality,2,Urban,7,Local,4,City or Municipal Highway Agency,0,This section IS NOT on the NHS,0,No Special Jurisdiction,0,None,40.35168056,40.35168056,-76.13168333,-76.13168333,8,Pedestrian,0,The First Harmful Event was Not a Collision with a Motor Vehicle in Transport,0,No,1,Non-Junction,1,Not an Intersection,1,On Roadway,0,None,1,Daylight,1,Clear,0,No,0000000,Not Applicable,99,Unknown,99,Unknown,99,Unknown EMS Scene Arrival Hour,99,Unknown EMS Scene Arrival Minutes,99,Unknown,99,Unknown EMS Hospital Arrival Time,1
42,Pennsylvania,420365,0,0,1,1,0,1,1,31,CLARION (31),7740,SLIGO,6,June,17,17,6,Friday,2022,22,10:00pm-10:59pm,58,58,SR-0058,NA,3,State Highway,1,Rural,4,Minor Arterial,1,State Highway Agency,0,This section IS NOT on the NHS,0,No Special Jurisdiction,120,120,41.11675556,41.11675556,-79.50686389,-79.50686389,42,Tree (Standing Only),0,The First Harmful Event was Not a Collision with a Motor Vehicle in Transport,0,No,1,Non-Junction,1,Not an Intersection,4,On Roadside,0,None,2,Dark - Not Lighted,1,Clear,0,No,0000000,Not Applicable,99,Unknown,99,Unknown,99,Unknown EMS Scene Arrival Hour,99,Unknown EMS Scene Arrival Minutes,88,Not Applicable (Not Transported),88,Not Applicable (Not Transported),1
42,Pennsylvania,420366,0,0,1,1,0,1,1,79,LUZERNE (79),0,NOT APPLICABLE,6,June,17,17,6,Friday,2022,18,6:00pm-6:59pm,10,10,SR-0029,NA,3,State Highway,2,Urban,5,Major Collector,1,State Highway Agency,0,This section IS NOT on the NHS,0,No Special Jurisdiction,80,80,41.25212222,41.25212222,-76.00398056,-76.00398056,1,Rollover/Overturn,0,The First Harmful Event was Not a Collision with a Motor Vehicle in Transport,0,No,1,Non-Junction,1,Not an Intersection,4,On Roadside,0,None,1,Daylight,1,Clear,0,No,0000000,Not Applicable,18,6:00pm-6:59pm,13,13,18,6:00pm-6:59pm,28,28,88,Not Applicable (Not Transported),88,Not Applicable (Not Transported),1
42,Pennsylvania,420367,0,0,3,3,0,4,4,71,LANCASTER (71),0,NOT APPLICABLE,7,July,9,9,7,Saturday,2022,13,1:00pm-1:59pm,29,29,US-222,NA,2,US Highway,2,Urban,2,Principal Arterial - Other Freeways and Expressways,99,Unknown,1,This section IS ON the NHS,0,No Special Jurisdiction,359,359,40.12373889,40.12373889,-76.22121667,-76.22121667,12,Motor Vehicle In-Transport,1,Front-to-Rear,0,No,1,Non-Junction,1,Not an Intersection,1,On Roadway,0,None,1,Daylight,1,Clear,0,No,0000000,Not Applicable,13,1:00pm-1:59pm,30,30,13,1:00pm-1:59pm,44,44,14,2:00pm-2:59pm,21,21,1