STATE,STATENAME,ST_CASE,PEDS,PERNOTMVIT,VE_TOTAL,VE_FORMS,PVH_INVL,PERSONS,PERMVIT,COUNTY,COUNTYNAME,CITY,CITYNAME,MONTH,MONTHNAME,DAY,DAYNAME,DAY_WEEK,DAY_WEEKNAME,YEAR,HOUR,HOURNAME,MINUTE,MINUTENAME,TWAY_ID,TWAY_ID2,ROUTE,ROUTENAME,RUR_URB,RUR_URBNAME,FUNC_SYS,FUNC_SYSNAME,RD_OWNER,RD_OWNERNAME,NHS,NHSNAME,SP_JUR,SP_JURNAME,MILEPT,MILEPTNAME,LATITUDE,LATITUDENAME,LONGITUD,LONGITUDNAME,HARM_EV,HARM_EVNAME,MAN_COLL,MAN_COLLNAME,RELJCT1,RELJCT1NAME,RELJCT2,RELJCT2NAME,TYP_INT,TYP_INTNAME,REL_ROAD,REL_ROADNAME,WRK_ZONE,WRK_ZONENAME,LGT_COND,LGT_CONDNAME,WEATHER,WEATHERNAME,SCH_BUS,SCH_BUSNAME,RAIL,RAILNAME,NOT_HOUR,NOT_HOURNAME,NOT_MIN,NOT_MINNAME,ARR_HOUR,ARR_HOURNAME,ARR_MIN,ARR_MINNAME,HOSP_HR,HOSP_HRNAME,HOSP_MN,HOSP_MNNAME,FATALS
42,Pennsylvania,420368,1,1,1,1,0,1,1,101,PHILADELPHIA (101),6540,PHILADELPHIA,6,June,17,17,6,Friday,2022,4,4:00am-4:59am,40,40,SR-0063 WOODHAVEN RD,NA,3,State Highway,2,Urban,2,Principal Arterial - Other Freeways and Expressways,1,State Highway Agency,1,This section IS ON the NHS,0,No Special Jurisdiction,26,26,40.07968333,40.07968333,-74.96563333,-74.96563333,8,Pedestrian,0,The First Harmful Event was Not a Collision with a Motor Vehicle in Transport,0,No,1,Non-Junction,1,Not an Intersection,1,On Roadway,0,None,3,Dark - Lighted,10,Cloudy,0,No,0000000,Not Applicable,4,4:00am-4:59am,39,39,4,4:00am-4:59am,45,45,5,5:00am-5:59am,0,0,1
42,Pennsylvania,420369,1,1,2,2,0,1,1,69,LACKAWANNA (69),4980,MAYFIELD,7,July,28,28,5,Thursday,2022,0,0:00am-0:59am,14,14,US-6 ROBERT P CASEY HWY,NA,2,US Highway,1,Rural,3,Principal Arterial - Other,99,Unknown,1,This section IS ON the NHS,0,No Special Jurisdiction,112,112,41.53684722,41.53684722,-75.52454722,-75.52454722,8,Pedestrian,0,The First Harmful Event was Not a Collision with a Motor Vehicle in Transport,1,Yes,17,Acceleration/Deceleration Lane,1,Not an Intersection,1,On Roadway,0,None,2,Dark - Not Lighted,1,Clear,0,No,0000000,Not Applicable,0,0:00am-0:59am,15,15,0,0:00am-0:59am,23,23,88,Not Applicable (Not Transported),88,Not Applicable (Not Transported),1
42,Pennsylvania,420370,0,0,1,1,0,1,1,73,LAWRENCE (73),0,NOT APPLICABLE,6,June,17,17,6,Friday,2022,13,1:00pm-1:59pm,21,21,PENNSYLVANIA AV,SYCAMORE ST,5,Local Street - Township,1,Rural,7,Local,3,Town or Township Highway Agency,0,This section IS NOT on the NHS,0,No Special Jurisdiction,0,None,40.97847222,40.97847222,-80.34098333,-80.34098333,24,Guardrail Face,0,The First Harmful Event was Not a Collision with a Motor Vehicle in Transport,0,No,3,Intersection-Related,3,T-Intersection,4,On Roadside,0,None,1,Daylight,1,Clear,0,No,0000000,Not Applicable,13,1:00pm-1:59pm,22,22,13,1:00pm-1:59pm,24,24,13,1:00pm-1:59pm,43,43,1
42,Pennsylvania,420371,0,0,2,2,0,3,3,11,BERKS (11),9460,WOMELSDORF,6,June,17,17,6,Friday,2022,17,5:00pm-5:59pm,24,24,US-422 CONRAD WEISER PKWY,SR-3039 WATER ST,2,US Highway,2,Urban,3,Principal Arterial - Other,99,Unknown,1,This section IS ON the NHS,0,No Special Jurisdiction,45,45,40.36579722,40.36579722,-76.18029722,-76.18029722,12,Motor Vehicle In-Transport,6,Angle,0,No,2,Intersection,2,Four-Way Intersection,1,On Roadway,0,None,1,Daylight,1,Clear,0,No,0000000,Not Applicable,99,Unknown,99,Unknown,99,Unknown EMS Scene Arrival Hour,99,Unknown EMS Scene Arrival Minutes,99,Unknown,99,Unknown EMS Hospital Arrival Time,1
42,Pennsylvania,420372,0,0,1,1,0,3,3,71,LANCASTER (71),2225,EAST EARL,6,June,18,18,7,Saturday,2022,11,11:00am-11:59am,10,10,SR-0897 SPRINGVILLE RD,NA,3,State Highway,1,Rural,5,Major Collector,1,State Highway Agency,0,This section IS NOT on the NHS,0,No Special Jurisdiction,82,82,40.08842778,40.08842778,-76.02030556,-76.02030556,35,Embankment,0,The First Harmful Event was Not a Collision with a Motor Vehicle in Transport,0,No,1,Non-Junction,1,Not an Intersection,4,On Roadside,0,None,1,Daylight,1,Clear,0,No,0000000,Not Applicable,11,11:00am-11:59am,15,15,11,11:00am-11:59am,22,22,12,12:00pm-12:59pm,24,24,2
42,Pennsylvania,420373,0,0,2,1,1,1,1,3,ALLEGHENY (3),4460,LIBERTY,6,June,18,18,7,Saturday,2022,19,7:00pm-7:59pm,57,57,LIBERTY WY,NA,6,Local Street - Municipality,2,Urban,7,Local,4,City or Municipal Highway Agency,0,This section IS NOT on the NHS,0,No Special Jurisdiction,0,None,40.3284,40.3284,-79.85625278,-79.85625278,30,Utility Pole/Light Support,0,The First Harmful Event was Not a Collision with a Motor Vehicle in Transport,0,No,1,Non-Junction,1,Not an Intersection,4,On Roadside,0,None,1,Daylight,1,Clear,0,No,0000000,Not Applicable,19,7:00pm-7:59pm,59,59,20,8:00pm-8:59pm,6,6,20,8:00pm-8:59pm,24,24,1
42,Pennsylvania,420374,0,0,1,1,0,1,1,107,SCHUYLKILL (107),0,NOT APPLICABLE,6,June,18,18,7,Saturday,2022,0,0:00am-0:59am,32,32,SR-0443,NA,3,State Highway,1,Rural,4,Minor Arterial,1,State Highway Agency,0,This section IS NOT on the NHS,0,No Special Jurisdiction,256,256,40.6779,40.6779,-76.04954167,-76.04954167,18,Other Object (not fixed),0,The First Harmful Event was Not a Collision with a Motor Vehicle in Transport,0,No,1,Non-Junction,1,Not an Intersection,1,On Roadway,0,None,2,Dark - Not Lighted,1,Clear,0,No,0000000,Not Applicable,99,Unknown,99,Unknown,99,Unknown EMS Scene Arrival Hour,99,Unknown EMS Scene Arrival Minutes,88,Not Applicable (Not Transported),88,Not Applicable (Not Transported),1
42,Pennsylvania,420375,1,1,1,1,0,1,1,91,MONTGOMERY (91),1257,CHELTENHAM,6,June,19,19,1,Sunday,2022,12,12:00pm-12:59pm,29,29,SR-2035 CHELTENHAM AV,NA,3,State Highway,2,Urban,3,Principal Arterial - Other,1,State Highway Agency,1,This section IS ON the NHS,0,No Special Jurisdiction,0,None,40.07501944,40.07501944,-75.15986111,-75.15986111,8,Pedestrian,0,The First Harmful Event was Not a Collision with a Motor Vehicle in Transport,0,No,1,Non-Junction,1,Not an Intersection,1,On Roadway,0,None,1,Daylight,1,Clear,0,No,0000000,Not Applicable,12,12:00pm-12:59pm,29,29,12,12:00pm-12:59pm,37,37,13,1:00pm-1:59pm,0,0,1
42,Pennsylvania,420376,0,0,1,1,0,5,5,133,YORK (133),0,NOT APPLICABLE,6,June,19,19,1,Sunday,2022,1,1:00am-1:59am,15,15,SR-0124 EAST PROSPECT RD,NA,3,State Highway,2,Urban,5,Major Collector,1,State Highway Agency,0,This section IS NOT on the NHS,0,No Special Jurisdiction,59,59,39.96484167,39.96484167,-76.60095833,-76.60095833,30,Utility Pole/Light Support,0,The First Harmful Event was Not a Collision with a Motor Vehicle in Transport,0,No,1,Non-Junction,1,Not an Intersection,4,On Roadside,0,None,2,Dark - Not Lighted,1,Clear,0,No,0000000,Not Applicable,1,1:00am-1:59am,39,39,1,1:00am-1:59am,50,50,2,2:00am-2:59am,50,50,1
42,Pennsylvania,420377,0,0,3,1,2,1,1,101,PHILADELPHIA (101),6540,PHILADELPHIA,5,May,25,25,4,Wednesday,2022,13,1:00pm-1:59pm,1,1,SR-1018 GRANT AVE,NA,3,State Highway,2,Urban,3,Principal Arterial - Other,1,State Highway Agency,1,This section IS ON the NHS,0,No Special Jurisdiction,8,8,40.08047222,40.08047222,-75.02847222,-75.02847222,14,Parked Motor Vehicle,0,The First Harmful Event was Not a Collision with a Motor Vehicle in Transport,0,No,1,Non-Junction,1,Not an Intersection,5,Outside Trafficway,0,None,1,Daylight,1,Clear,0,No,0000000,Not Applicable,13,1:00pm-1:59pm,0,0,13,1:00pm-1:59pm,17,17,13,1:00pm-1:59pm,39,39,1
42,Pennsylvania,420378,0,0,2,2,0,3,3,41,CUMBERLAND (41),0,NOT APPLICABLE,6,June,19,19,1,Sunday,2022,19,7:00pm-7:59pm,20,20,SR-0114 HOGESTOWN RD,NA,3,State Highway,2,Urban,4,Minor Arterial,1,State Highway Agency,0,This section IS NOT on the NHS,0,No Special Jurisdiction,33,33,40.23935,40.23935,-77.03083333,-77.03083333,12,Motor Vehicle In-Transport,6,Angle,0,No,8,Driveway Access Related,1,Not an Intersection,1,On Roadway,0,None,1,Daylight,1,Clear,0,No,0000000,Not Applicable,19,7:00pm-7:59pm,20,20,19,7:00pm-7:59pm,29,29,88,Not Applicable (Not Transported),88,Not Applicable (Not Transported),1
42,Pennsylvania,420379,0,0,2,2,0,2,2,129,WESTMORELAND (129),7892,SOURH HUNTINGDON TOWNSHIP,6,June,19,19,1,Sunday,2022,0,0:00am-0:59am,5,5,I-70,NA,1,Interstate,1,Rural,1,Interstate,1,State Highway Agency,1,This section IS ON the NHS,0,No Special Jurisdiction,534,534,40.21094444,40.21094444,-79.67435833,-79.67435833,12,Motor Vehicle In-Transport,2,Front-to-Front,0,No,1,Non-Junction,1,Not an Intersection,1,On Roadway,1,Construction,2,Dark - Not Lighted,1,Clear,0,No,0000000,Not Applicable,99,Unknown,99,Unknown,99,Unknown EMS Scene Arrival Hour,99,Unknown EMS Scene Arrival Minutes,99,Unknown,99,Unknown EMS Hospital Arrival Time,1
42,Pennsylvania,420380,0,0,2,2,0,2,2,31,CLARION (31),0,NOT APPLICABLE,6,June,19,19,1,Sunday,2022,5,5:00am-5:59am,54,54,SR-9202 WEIGH STATION EAST RD,I-80 KEYSTONE SHORTWAY RD,3,State Highway,1,Rural,1,Interstate,1,State Highway Agency,1,This section IS ON the NHS,0,No Special Jurisdiction,561,561,41.196025,41.196025,-79.50256944,-79.50256944,12,Motor Vehicle In-Transport,1,Front-to-Rear,1,Yes,2,Intersection,4,Y-Intersection,1,On Roadway,0,None,1,Daylight,1,Clear,0,No,0000000,Not Applicable,99,Unknown,99,Unknown,99,Unknown EMS Scene Arrival Hour,99,Unknown EMS Scene Arrival Minutes,88,Not Applicable (Not Transported),88,Not Applicable (Not Transported),1
42,Pennsylvania,420381,0,0,2,2,0,3,3,69,LACKAWANNA (69),6230,OLD FORGE,3,March,3,3,5,Thursday,2022,15,3:00pm-3:59pm,7,7,SR-3013 MAIN ST,TAROLI ALY,3,State Highway,2,Urban,4,Minor Arterial,1,State Highway Agency,0,This section IS NOT on the NHS,0,No Special Jurisdiction,9,9,41.36353611,41.36353611,-75.74201389,-75.74201389,12,Motor Vehicle In-Transport,1,Front-to-Rear,0,No,3,Intersection-Related,3,T-Intersection,1,On Roadway,0,None,1,Daylight,1,Clear,0,No,0000000,Not Applicable,15,3:00pm-3:59pm,9,9,15,3:00pm-3:59pm,18,18,16,4:00pm-4:59pm,2,2,1
42,Pennsylvania,420382,0,0,1,1,0,1,1,19,BUTLER (19),0,NOT APPLICABLE,3,March,27,27,1,Sunday,2022,15,3:00pm-3:59pm,31,31,SR-3025 YELLOW CREEK RD,NA,3,State Highway,1,Rural,6,Minor Collector,1,State Highway Agency,0,This section IS NOT on the NHS,0,No Special Jurisdiction,62,62,40.87836667,40.87836667,-80.09600833,-80.09600833,35,Embankment,0,The First Harmful Event was Not a Collision with a Motor Vehicle in Transport,0,No,1,Non-Junction,1,Not an Intersection,4,On Roadside,0,None,1,Daylight,11,Blowing Snow,0,No,0000000,Not Applicable,15,3:00pm-3:59pm,32,32,15,3:00pm-3:59pm,48,48,88,Not Applicable (Not Transported),88,Not Applicable (Not Transported),1
42,Pennsylvania,420383,1,1,1,1,0,1,1,101,PHILADELPHIA (101),6540,PHILADELPHIA,6,June,20,20,2,Monday,2022,18,6:00pm-6:59pm,44,44,SR-4005 GERMANTOWN AV,COULTER ST,3,State Highway,2,Urban,3,Principal Arterial - Other,1,State Highway Agency,1,This section IS ON the NHS,0,No Special Jurisdiction,20,20,40.03313056,40.03313056,-75.17056111,-75.17056111,8,Pedestrian,0,The First Harmful Event was Not a Collision with a Motor Vehicle in Transport,0,No,3,Intersection-Related,2,Four-Way Intersection,1,On Roadway,0,None,1,Daylight,1,Clear,0,No,0000000,Not Applicable,18,6:00pm-6:59pm,47,47,18,6:00pm-6:59pm,55,55,19,7:00pm-7:59pm,17,17,1
42,Pennsylvania,420384,0,0,1,1,0,2,2,101,PHILADELPHIA (101),6540,PHILADELPHIA,4,April,11,11,2,Monday,2022,15,3:00pm-3:59pm,50,50,SR-73 COTTMAN AVE,NA,3,State Highway,2,Urban,3,Principal Arterial - Other,1,State Highway Agency,1,This section IS ON the NHS,0,No Special Jurisdiction,7,7,40.05739167,40.05739167,-75.07701111,-75.07701111,30,Utility Pole/Light Support,0,The First Harmful Event was Not a Collision with a Motor Vehicle in Transport,0,No,1,Non-Junction,1,Not an Intersection,4,On Roadside,0,None,1,Daylight,1,Clear,0,No,0000000,Not Applicable,99,Unknown,99,Unknown,99,Unknown EMS Scene Arrival Hour,99,Unknown EMS Scene Arrival Minutes,99,Unknown,99,Unknown EMS Hospital Arrival Time,2
42,Pennsylvania,420385,0,0,1,1,0,1,1,49,ERIE (49),0,NOT APPLICABLE,6,June,21,21,3,Tuesday,2022,13,1:00pm-1:59pm,15,15,US-6 GRAND ARMY OF THE REP,NA,2,US Highway,1,Rural,3,Principal Arterial - Other,99,Unknown,1,This section IS ON the NHS,0,No Special Jurisdiction,139,139,41.90792222,41.90792222,-79.80878889,-79.80878889,24,Guardrail Face,0,The First Harmful Event was Not a Collision with a Motor Vehicle in Transport,0,No,1,Non-Junction,1,Not an Intersection,4,On Roadside,0,None,1,Daylight,1,Clear,0,No,0000000,Not Applicable,99,Unknown,99,Unknown,99,Unknown EMS Scene Arrival Hour,99,Unknown EMS Scene Arrival Minutes,88,Not Applicable (Not Transported),88,Not Applicable (Not Transported),1
42,Pennsylvania,420386,0,0,1,1,0,6,6,1,ADAMS (1),0,NOT APPLICABLE,6,June,22,22,4,Wednesday,2022,12,12:00pm-12:59pm,20,20,SR-1019 PINE RUN RD,NA,3,State Highway,1,Rural,5,Major Collector,1,State Highway Agency,0,This section IS NOT on the NHS,0,No Special Jurisdiction,50,50,39.91748611,39.91748611,-76.99048889,-76.99048889,42,Tree (Standing Only),0,The First Harmful Event was Not a Collision with a Motor Vehicle in Transport,0,No,1,Non-Junction,1,Not an Intersection,4,On Roadside,0,None,1,Daylight,10,Cloudy,0,No,0000000,Not Applicable,12,12:00pm-12:59pm,21,21,12,12:00pm-12:59pm,28,28,13,1:00pm-1:59pm,20,20,4
42,Pennsylvania,420387,0,0,1,1,0,2,2,85,MERCER (85),0,NOT APPLICABLE,4,April,22,22,6,Friday,2022,17,5:00pm-5:59pm,52,52,SR-208 LEESBURG GROVE CITY RD,NA,3,State Highway,1,Rural,3,Principal Arterial - Other,1,State Highway Agency,0,This section IS NOT on the NHS,0,No Special Jurisdiction,23,23,41.14038611,41.14038611,-80.21188611,-80.21188611,53,Mail Box,0,The First Harmful Event was Not a Collision with a Motor Vehicle in Transport,0,No,1,Non-Junction,1,Not an Intersection,4,On Roadside,0,None,1,Daylight,1,Clear,0,No,0000000,Not Applicable,99,Unknown,99,Unknown,99,Unknown EMS Scene Arrival Hour,99,Unknown EMS Scene Arrival Minutes,99,Unknown,99,Unknown EMS Hospital Arrival Time,1
42,Pennsylvania,420388,0,0,2,2,0,2,2,3,ALLEGHENY (3),6600,PITTSBURGH,3,March,18,18,6,Friday,2022,10,10:00am-10:59am,52,52,SR-51 SAW MILL RUN BLVD,BAUSMAN ST,3,State Highway,2,Urban,3,Principal Arterial - Other,1,State Highway Agency,1,This section IS ON the NHS,0,No Special Jurisdiction,184,184,40.41107222,40.41107222,-80.00615833,-80.00615833,12,Motor Vehicle In-Transport,6,Angle,0,No,2,Intersection,3,T-Intersection,1,On Roadway,0,None,1,Daylight,1,Clear,0,No,0000000,Not Applicable,10,10:00am-10:59am,57,57,11,11:00am-11:59am,5,5,11,11:00am-11:59am,20,20,1
42,Pennsylvania,420389,1,1,1,1,0,1,1,101,PHILADELPHIA (101),6540,PHILADELPHIA,4,April,26,26,3,Tuesday,2022,0,0:00am-0:59am,44,44,SR-2009 HARBISON AVE,NA,3,State Highway,2,Urban,3,Principal Arterial - Other,1,State Highway Agency,1,This section IS ON the NHS,0,No Special Jurisdiction,51,51,40.02405278,40.02405278,-75.06300833,-75.06300833,8,Pedestrian,0,The First Harmful Event was Not a Collision with a Motor Vehicle in Transport,0,No,1,Non-Junction,1,Not an Intersection,1,On Roadway,0,None,3,Dark - Lighted,1,Clear,0,No,0000000,Not Applicable,0,0:00am-0:59am,45,45,0,0:00am-0:59am,51,51,1,1:00am-1:59am,12,12,1
42,Pennsylvania,420390,0,0,2,2,0,4,4,101,PHILADELPHIA (101),6540,PHILADELPHIA,6,June,23,23,5,Thursday,2022,23,11:00pm-11:59pm,55,55,SR-0532 BUSTLETON AV,RENNARD ST,3,State Highway,2,Urban,3,Principal Arterial - Other,1,State Highway Agency,1,This section IS ON the NHS,0,No Special Jurisdiction,32,32,40.11677222,40.11677222,-75.01981111,-75.01981111,12,Motor Vehicle In-Transport,6,Angle,0,No,2,Intersection,2,Four-Way Intersection,1,On Roadway,0,None,3,Dark - Lighted,1,Clear,0,No,0000000,Not Applicable,23,11:00pm-11:59pm,56,56,0,0:00am-0:59am,17,17,0,0:00am-0:59am,52,52,1
42,Pennsylvania,420391,0,0,2,2,0,2,2,111,SOMERSET (111),0,NOT APPLICABLE,4,April,6,6,4,Wednesday,2022,17,5:00pm-5:59pm,44,44,SR-3010 E MUD PIKE,NA,3,State Highway,1,Rural,6,Minor Collector,1,State Highway Agency,0,This section IS NOT on the NHS,0,No Special Jurisdiction,134,134,39.93373611,39.93373611,-79.00723333,-79.00723333,12,Motor Vehicle In-Transport,2,Front-to-Front,0,No,1,Non-Junction,1,Not an Intersection,1,On Roadway,0,None,1,Daylight,1,Clear,0,No,0000000,Not Applicable,99,Unknown,99,Unknown,99,Unknown EMS Scene Arrival Hour,99,Unknown EMS Scene Arrival Minutes,99,Unknown,99,Unknown EMS Hospital Arrival Time,1
42,Pennsylvania,420392,1,1,1,1,0,2,2,29,CHESTER (29),9236,WESTTOWN,6,June,23,23,5,Thursday,2022,21,9:00pm-9:59pm,10,10,SR-0003 WEST CHESTER PK,NA,3,State Highway,2,Urban,3,Principal Arterial - Other,1,State Highway Agency,1,This section IS ON the NHS,0,No Special Jurisdiction,45,45,39.96688056,39.96688056,-75.52725556,-75.52725556,8,Pedestrian,0,The First Harmful Event was Not a Collision with a Motor Vehicle in Transport,0,No,1,Non-Junction,1,Not an Intersection,1,On Roadway,0,None,3,Dark - Lighted,1,Clear,0,No,0000000,Not Applicable,99,Unknown,99,Unknown,99,Unknown EMS Scene Arrival Hour,99,Unknown EMS Scene Arrival Minutes,88,Not Applicable (Not Transported),88,Not Applicable (Not Transported),1
42,Pennsylvania,420393,0,0,1,1,0,1,1,69,LACKAWANNA (69),0,NOT APPLICABLE,5,May,9,9,2,Monday,2022,19,7:00pm-7:59pm,10,10,SR-106 FALLSBROOK RD,NA,3,State Highway,1,Rural,4,Minor Arterial,1,State Highway Agency,0,This section IS NOT on the NHS,0,No Special Jurisdiction,48,48,41.60051111,41.60051111,-75.532388889999993,-75.532388889999993,24,Guardrail Face,0,The First Harmful Event was Not a Collision with a Motor Vehicle in Transport,0,No,1,Non-Junction,1,Not an Intersection,4,On Roadside,0,None,1,Daylight,1,Clear,0,No,0000000,Not Applicable,19,7:00pm-7:59pm,11,11,19,7:00pm-7:59pm,20,20,88,Not Applicable (Not Transported),88,Not Applicable (Not Transported),1
42,Pennsylvania,420394,0,0,2,2,0,3,3,77,LEHIGH (77),0,NOT APPLICABLE,6,June,24,24,6,Friday,2022,21,9:00pm-9:59pm,15,15,I-476 NORTHEAST EXT,NA,1,Interstate,1,Rural,1,Interstate,31,State Toll Road,1,This section IS ON the NHS,0,No Special Jurisdiction,560,560,40.57748056,40.57748056,-75.55767778,-75.55767778,12,Motor Vehicle In-Transport,2,Front-to-Front,0,No,1,Non-Junction,1,Not an Intersection,1,On Roadway,0,None,2,Dark - Not Lighted,1,Clear,0,No,0000000,Not Applicable,99,Unknown,99,Unknown,99,Unknown EMS Scene Arrival Hour,99,Unknown EMS Scene Arrival Minutes,99,Unknown,99,Unknown EMS Hospital Arrival Time,1
42,Pennsylvania,420395,0,0,1,1,0,1,1,15,BRADFORD (15),9547,WYSOX,6,June,1,1,4,Wednesday,2022,4,4:00am-4:59am,6,6,OLD SAWMILL RD,NA,5,Local Street - Township,1,Rural,7,Local,3,Town or Township Highway Agency,0,This section IS NOT on the NHS,0,No Special Jurisdiction,0,None,41.80879167,41.80879167,-76.41470556,-76.41470556,34,Ditch,0,The First Harmful Event was Not a Collision with a Motor Vehicle in Transport,0,No,1,Non-Junction,1,Not an Intersection,4,On Roadside,0,None,2,Dark - Not Lighted,1,Clear,0,No,0000000,Not Applicable,4,4:00am-4:59am,4,4,4,4:00am-4:59am,12,12,88,Not Applicable (Not Transported),88,Not Applicable (Not Transported),1
42,Pennsylvania,420396,0,0,1,1,0,2,2,111,SOMERSET (111),0,NOT APPLICABLE,6,June,4,4,7,Saturday,2022,0,0:00am-0:59am,11,11,CHRISTNER RD,NA,5,Local Street - Township,1,Rural,7,Local,3,Town or Township Highway Agency,0,This section IS NOT on the NHS,0,No Special Jurisdiction,0,None,39.76795,39.76795,-79.18917778,-79.18917778,42,Tree (Standing Only),0,The First Harmful Event was Not a Collision with a Motor Vehicle in Transport,0,No,1,Non-Junction,1,Not an Intersection,4,On Roadside,0,None,2,Dark - Not Lighted,1,Clear,0,No,0000000,Not Applicable,99,Unknown,99,Unknown,99,Unknown EMS Scene Arrival Hour,99,Unknown EMS Scene Arrival Minutes,99,Unknown,99,Unknown EMS Hospital Arrival Time,1
42,Pennsylvania,420397,0,0,1,1,0,1,1,107,SCHUYLKILL (107),0,NOT APPLICABLE,6,June,4,4,7,Saturday,2022,11,11:00am-11:59am,14,14,SR-0895 FAIR RD,NA,3,State Highway,1,Rural,5,Major Collector,1,State Highway Agency,0,This section IS NOT on the NHS,0,No Special Jurisdiction,130,130,40.5799,40.5799,-76.16021111,-76.16021111,44,"Pavement Surface Irregularity (Ruts, Potholes, Grates, etc.)",0,The First Harmful Event was Not a Collision with a Motor Vehicle in Transport,0,No,1,Non-Junction,1,Not an Intersection,1,On Roadway,0,None,1,Daylight,1,Clear,0,No,0000000,Not Applicable,99,Unknown,99,Unknown,99,Unknown EMS Scene Arrival Hour,99,Unknown EMS Scene Arrival Minutes,99,Unknown,99,Unknown EMS Hospital Arrival Time,1
42,Pennsylvania,420398,0,0,1,1,0,1,1,129,WESTMORELAND (129),7892,SOURH HUNTINGDON TOWNSHIP,6,June,11,11,7,Saturday,2022,22,10:00pm-10:59pm,48,48,SHERBONDY RD,NA,5,Local Street - Township,1,Rural,7,Local,3,Town or Township Highway Agency,0,This section IS NOT on the NHS,0,No Special Jurisdiction,0,None,40.18251111,40.18251111,-79.73193889,-79.73193889,42,Tree (Standing Only),0,The First Harmful Event was Not a Collision with a Motor Vehicle in Transport,0,No,1,Non-Junction,1,Not an Intersection,4,On Roadside,0,None,2,Dark - Not Lighted,1,Clear,0,No,0000000,Not Applicable,22,10:00pm-10:59pm,45,45,22,10:00pm-10:59pm,54,54,88,Not Applicable (Not Transported),88,Not Applicable (Not Transported),1
42,Pennsylvania,420399,0,0,3,3,0,3,3,101,PHILADELPHIA (101),6540,PHILADELPHIA,6,June,15,15,4,Wednesday,2022,9,9:00am-9:59am,35,35,I-95 DELAWARE EXPY,NA,1,Interstate,2,Urban,1,Interstate,1,State Highway Agency,1,This section IS ON the NHS,0,No Special Jurisdiction,309,309,40.03813056,40.03813056,-75.01058889,-75.01058889,12,Motor Vehicle In-Transport,7,Sideswipe - Same Direction,0,No,1,Non-Junction,1,Not an Intersection,1,On Roadway,0,None,1,Daylight,1,Clear,0,No,0000000,Not Applicable,10,10:00am-10:59am,6,6,10,10:00am-10:59am,7,7,88,Not Applicable (Not Transported),88,Not Applicable (Not Transported),1
42,Pennsylvania,420400,0,0,3,3,0,4,4,3,ALLEGHENY (3),1330,CHURCHILL,7,July,9,9,7,Saturday,2022,2,2:00am-2:59am,33,33,I-376 PENN LINCOLN PKWY,NA,1,Interstate,2,Urban,1,Interstate,1,State Highway Agency,1,This section IS ON the NHS,0,No Special Jurisdiction,792,792,40.445075,40.445075,-79.85080278,-79.85080278,12,Motor Vehicle In-Transport,2,Front-to-Front,0,No,1,Non-Junction,1,Not an Intersection,1,On Roadway,0,None,2,Dark - Not Lighted,1,Clear,0,No,0000000,Not Applicable,2,2:00am-2:59am,36,36,2,2:00am-2:59am,46,46,3,3:00am-3:59am,5,5,1
42,Pennsylvania,420401,1,1,1,1,0,1,1,3,ALLEGHENY (3),6600,PITTSBURGH,5,May,19,19,5,Thursday,2022,23,11:00pm-11:59pm,5,5,MOUNTAIN AVE,ORMSBY ST,6,Local Street - Municipality,2,Urban,7,Local,4,City or Municipal Highway Agency,0,This section IS NOT on the NHS,0,No Special Jurisdiction,0,None,40.41246111,40.41246111,-79.97706389,-79.97706389,8,Pedestrian,0,The First Harmful Event was Not a Collision with a Motor Vehicle in Transport,0,No,3,Intersection-Related,3,T-Intersection,1,On Roadway,0,None,3,Dark - Lighted,1,Clear,0,No,0000000,Not Applicable,23,11:00pm-11:59pm,3,3,23,11:00pm-11:59pm,12,12,23,11:00pm-11:59pm,47,47,1
42,Pennsylvania,420402,1,1,1,1,0,1,1,15,BRADFORD (15),0,NOT APPLICABLE,2,February,9,9,4,Wednesday,2022,7,7:00am-7:59am,46,46,SR-1010 CC ALLIS RD,NA,3,State Highway,1,Rural,7,Local,1,State Highway Agency,0,This section IS NOT on the NHS,0,No Special Jurisdiction,17,17,41.82946389,41.82946389,-76.26543056,-76.26543056,8,Pedestrian,0,The First Harmful Event was Not a Collision with a Motor Vehicle in Transport,0,No,1,Non-Junction,1,Not an Intersection,1,On Roadway,0,None,1,Daylight,1,Clear,0,No,0000000,Not Applicable,7,7:00am-7:59am,50,50,8,8:00am-8:59am,0,0,88,Not Applicable (Not Transported),88,Not Applicable (Not Transported),1
42,Pennsylvania,420403,0,0,1,1,0,1,1,111,SOMERSET (111),0,NOT APPLICABLE,1,January,22,22,7,Saturday,2022,10,10:00am-10:59am,55,55,SR-4025 RALPHTON RD,NA,3,State Highway,1,Rural,7,Local,1,State Highway Agency,0,This section IS NOT on the NHS,0,No Special Jurisdiction,3,3,40.11982222,40.11982222,-79.03051944,-79.03051944,48,Snow Bank,0,The First Harmful Event was Not a Collision with a Motor Vehicle in Transport,0,No,1,Non-Junction,1,Not an Intersection,4,On Roadside,0,None,1,Daylight,1,Clear,0,No,0000000,Not Applicable,99,Unknown,99,Unknown,99,Unknown EMS Scene Arrival Hour,99,Unknown EMS Scene Arrival Minutes,88,Not Applicable (Not Transported),88,Not Applicable (Not Transported),1