STATE,STATENAME,ST_CASE,PEDS,PERNOTMVIT,VE_TOTAL,VE_FORMS,PVH_INVL,PERSONS,PERMVIT,COUNTY,COUNTYNAME,CITY,CITYNAME,MONTH,MONTHNAME,DAY,DAYNAME,DAY_WEEK,DAY_WEEKNAME,YEAR,HOUR,HOURNAME,MINUTE,MINUTENAME,TWAY_ID,TWAY_ID2,ROUTE,ROUTENAME,RUR_URB,RUR_URBNAME,FUNC_SYS,FUNC_SYSNAME,RD_OWNER,RD_OWNERNAME,NHS,NHSNAME,SP_JUR,SP_JURNAME,MILEPT,MILEPTNAME,LATITUDE,LATITUDENAME,LONGITUD,LONGITUDNAME,HARM_EV,HARM_EVNAME,MAN_COLL,MAN_COLLNAME,RELJCT1,RELJCT1NAME,RELJCT2,RELJCT2NAME,TYP_INT,TYP_INTNAME,REL_ROAD,REL_ROADNAME,WRK_ZONE,WRK_ZONENAME,LGT_COND,LGT_CONDNAME,WEATHER,WEATHERNAME,SCH_BUS,SCH_BUSNAME,RAIL,RAILNAME,NOT_HOUR,NOT_HOURNAME,NOT_MIN,NOT_MINNAME,ARR_HOUR,ARR_HOURNAME,ARR_MIN,ARR_MINNAME,HOSP_HR,HOSP_HRNAME,HOSP_MN,HOSP_MNNAME,FATALS
42,Pennsylvania,420477,0,0,2,2,0,4,4,17,BUCKS (17),0,NOT APPLICABLE,7,July,30,30,7,Saturday,2022,17,5:00pm-5:59pm,50,50,SR-32 RIVER RD,NA,3,State Highway,2,Urban,3,Principal Arterial - Other,1,State Highway Agency,1,This section IS ON the NHS,0,No Special Jurisdiction,25,25,40.22148056,40.22148056,-74.785,-74.785,12,Motor Vehicle In-Transport,6,Angle,0,No,8,Driveway Access Related,1,Not an Intersection,1,On Roadway,0,None,1,Daylight,1,Clear,0,No,0000000,Not Applicable,17,5:00pm-5:59pm,51,51,17,5:00pm-5:59pm,57,57,18,6:00pm-6:59pm,21,21,1
42,Pennsylvania,420478,0,0,2,2,0,2,2,7,BEAVER (7),0,NOT APPLICABLE,7,July,29,29,6,Friday,2022,5,5:00am-5:59am,55,55,SR-68 SUNFLOWER RD,NA,3,State Highway,1,Rural,4,Minor Arterial,1,State Highway Agency,0,This section IS NOT on the NHS,0,No Special Jurisdiction,172,172,40.73471944,40.73471944,-80.26844444,-80.26844444,1,Rollover/Overturn,0,The First Harmful Event was Not a Collision with a Motor Vehicle in Transport,0,No,1,Non-Junction,1,Not an Intersection,1,On Roadway,0,None,1,Daylight,1,Clear,0,No,0000000,Not Applicable,5,5:00am-5:59am,57,57,6,6:00am-6:59am,5,5,7,7:00am-7:59am,26,26,1
42,Pennsylvania,420479,0,0,1,1,0,1,1,45,DELAWARE (45),9580,YEADON,7,July,26,26,3,Tuesday,2022,13,1:00pm-1:59pm,48,48,SR-3015 COBBS CREEK PKWY,NA,3,State Highway,2,Urban,4,Minor Arterial,1,State Highway Agency,0,This section IS NOT on the NHS,0,No Special Jurisdiction,14,14,39.93301111,39.93301111,-75.23775556,-75.23775556,42,Tree (Standing Only),0,The First Harmful Event was Not a Collision with a Motor Vehicle in Transport,0,No,1,Non-Junction,1,Not an Intersection,4,On Roadside,0,None,1,Daylight,1,Clear,0,No,0000000,Not Applicable,13,1:00pm-1:59pm,43,43,13,1:00pm-1:59pm,46,46,14,2:00pm-2:59pm,10,10,1
42,Pennsylvania,420480,0,0,3,2,1,2,2,127,WAYNE (127),3700,HONESDALE,8,August,11,11,5,Thursday,2022,16,4:00pm-4:59pm,56,56,SR-670 ELM PL,NA,3,State Highway,2,Urban,5,Major Collector,1,State Highway Agency,0,This section IS NOT on the NHS,0,No Special Jurisdiction,5,5,41.58977222,41.58977222,-75.26696667,-75.26696667,12,Motor Vehicle In-Transport,2,Front-to-Front,0,No,1,Non-Junction,1,Not an Intersection,1,On Roadway,0,None,1,Daylight,1,Clear,0,No,0000000,Not Applicable,16,4:00pm-4:59pm,56,56,17,5:00pm-5:59pm,13,13,88,Not Applicable (Not Transported),88,Not Applicable (Not Transported),1
42,Pennsylvania,420481,0,0,6,2,4,2,2,101,PHILADELPHIA (101),6540,PHILADELPHIA,9,September,18,18,1,Sunday,2022,2,2:00am-2:59am,45,45,CHELTEN AVE,ARDLEIGH ST,6,Local Street - Municipality,2,Urban,7,Local,4,City or Municipal Highway Agency,0,This section IS NOT on the NHS,0,No Special Jurisdiction,0,None,40.04966111,40.04966111,-75.16051389,-75.16051389,12,Motor Vehicle In-Transport,6,Angle,0,No,2,Intersection,2,Four-Way Intersection,1,On Roadway,0,None,3,Dark - Lighted,1,Clear,0,No,0000000,Not Applicable,2,2:00am-2:59am,52,52,2,2:00am-2:59am,57,57,88,Not Applicable (Not Transported),88,Not Applicable (Not Transported),1
42,Pennsylvania,420482,0,0,2,2,0,2,2,83,MCKEAN (83),6710,PORT ALLEGANY,5,May,17,17,3,Tuesday,2022,12,12:00pm-12:59pm,19,19,US-6 MAIN ST,ARNOLD AVE,2,US Highway,1,Rural,3,Principal Arterial - Other,99,Unknown,1,This section IS ON the NHS,0,No Special Jurisdiction,452,452,41.81243333,41.81243333,-78.28133333,-78.28133333,12,Motor Vehicle In-Transport,6,Angle,0,No,2,Intersection,2,Four-Way Intersection,1,On Roadway,0,None,1,Daylight,1,Clear,1,Yes,0000000,Not Applicable,12,12:00pm-12:59pm,21,21,12,12:00pm-12:59pm,23,23,13,1:00pm-1:59pm,38,38,1
42,Pennsylvania,420483,0,0,2,2,0,2,2,29,CHESTER (29),0,NOT APPLICABLE,6,June,28,28,3,Tuesday,2022,19,7:00pm-7:59pm,45,45,SR-3011 CLAY CREEK RD,NA,3,State Highway,2,Urban,7,Local,1,State Highway Agency,0,This section IS NOT on the NHS,0,No Special Jurisdiction,14,14,39.79668056,39.79668056,-75.7815,-75.7815,1,Rollover/Overturn,0,The First Harmful Event was Not a Collision with a Motor Vehicle in Transport,0,No,1,Non-Junction,1,Not an Intersection,1,On Roadway,0,None,1,Daylight,1,Clear,0,No,0000000,Not Applicable,19,7:00pm-7:59pm,44,44,19,7:00pm-7:59pm,49,49,20,8:00pm-8:59pm,20,20,1
42,Pennsylvania,420484,0,0,1,1,0,6,6,29,CHESTER (29),0,NOT APPLICABLE,6,June,6,6,2,Monday,2022,12,12:00pm-12:59pm,10,10,SR-41 GAP NEWPORT PIKE,NA,3,State Highway,1,Rural,3,Principal Arterial - Other,1,State Highway Agency,1,This section IS ON the NHS,0,No Special Jurisdiction,75,75,39.85572778,39.85572778,-75.82631667,-75.82631667,24,Guardrail Face,0,The First Harmful Event was Not a Collision with a Motor Vehicle in Transport,0,No,1,Non-Junction,1,Not an Intersection,4,On Roadside,0,None,1,Daylight,1,Clear,0,No,0000000,Not Applicable,12,12:00pm-12:59pm,8,8,12,12:00pm-12:59pm,14,14,12,12:00pm-12:59pm,50,50,1
42,Pennsylvania,420485,0,0,2,2,0,7,7,83,MCKEAN (83),0,NOT APPLICABLE,9,September,5,5,2,Monday,2022,12,12:00pm-12:59pm,32,32,US-219 BUFFALO PITTSBURGH HWY,SR-59,2,US Highway,1,Rural,3,Principal Arterial - Other,99,Unknown,1,This section IS ON the NHS,0,No Special Jurisdiction,141,141,41.80282222,41.80282222,-78.69785,-78.69785,12,Motor Vehicle In-Transport,6,Angle,0,No,2,Intersection,2,Four-Way Intersection,1,On Roadway,0,None,1,Daylight,2,Rain,0,No,0000000,Not Applicable,13,1:00pm-1:59pm,8,8,13,1:00pm-1:59pm,20,20,13,1:00pm-1:59pm,55,55,1
42,Pennsylvania,420486,0,0,2,2,0,4,4,125,WASHINGTON (125),0,NOT APPLICABLE,4,April,17,17,1,Sunday,2022,20,8:00pm-8:59pm,45,45,SR-4004 STEUBENVILLE PIKE,NA,3,State Highway,1,Rural,5,Major Collector,1,State Highway Agency,0,This section IS NOT on the NHS,0,No Special Jurisdiction,16,16,40.40450556,40.40450556,-80.49081389,-80.49081389,12,Motor Vehicle In-Transport,7,Sideswipe - Same Direction,0,No,8,Driveway Access Related,1,Not an Intersection,1,On Roadway,0,None,2,Dark - Not Lighted,1,Clear,0,No,0000000,Not Applicable,99,Unknown,99,Unknown,99,Unknown EMS Scene Arrival Hour,99,Unknown EMS Scene Arrival Minutes,99,Unknown,99,Unknown EMS Hospital Arrival Time,1
42,Pennsylvania,420487,0,0,2,2,0,2,2,51,FAYETTE (51),0,NOT APPLICABLE,5,May,13,13,6,Friday,2022,17,5:00pm-5:59pm,34,34,SR-3013 PALMER RD,NA,3,State Highway,1,Rural,6,Minor Collector,1,State Highway Agency,0,This section IS NOT on the NHS,0,No Special Jurisdiction,88,88,39.89309167,39.89309167,-79.91535833,-79.91535833,1,Rollover/Overturn,0,The First Harmful Event was Not a Collision with a Motor Vehicle in Transport,0,No,1,Non-Junction,1,Not an Intersection,1,On Roadway,0,None,1,Daylight,1,Clear,0,No,0000000,Not Applicable,17,5:00pm-5:59pm,38,38,17,5:00pm-5:59pm,58,58,18,6:00pm-6:59pm,14,14,1
42,Pennsylvania,420488,0,0,1,1,0,1,1,91,MONTGOMERY (91),8707,UPPER MERION,7,July,18,18,2,Monday,2022,15,3:00pm-3:59pm,15,15,SR-8047 RAMP S RD,NA,3,State Highway,2,Urban,2,Principal Arterial - Other Freeways and Expressways,1,State Highway Agency,1,This section IS ON the NHS,0,No Special Jurisdiction,1,1,40.07895556,40.07895556,-75.40474722,-75.40474722,25,Concrete Traffic Barrier,0,The First Harmful Event was Not a Collision with a Motor Vehicle in Transport,1,Yes,5,Entrance/Exit Ramp Related,1,Not an Intersection,4,On Roadside,0,None,1,Daylight,1,Clear,0,No,0000000,Not Applicable,99,Unknown,99,Unknown,99,Unknown EMS Scene Arrival Hour,99,Unknown EMS Scene Arrival Minutes,99,Unknown,99,Unknown EMS Hospital Arrival Time,1
42,Pennsylvania,420489,0,0,1,1,0,1,1,69,LACKAWANNA (69),0,NOT APPLICABLE,3,March,9,9,4,Wednesday,2022,10,10:00am-10:59am,27,27,SR-690 MADISONVILLE RD,NA,3,State Highway,1,Rural,5,Major Collector,1,State Highway Agency,0,This section IS NOT on the NHS,0,No Special Jurisdiction,98,98,41.36301944,41.36301944,-75.46413056,-75.46413056,42,Tree (Standing Only),0,The First Harmful Event was Not a Collision with a Motor Vehicle in Transport,0,No,1,Non-Junction,1,Not an Intersection,4,On Roadside,0,None,1,Daylight,4,Snow,0,No,0000000,Not Applicable,10,10:00am-10:59am,27,27,10,10:00am-10:59am,39,39,11,11:00am-11:59am,22,22,1
42,Pennsylvania,420490,0,0,1,1,0,4,4,59,GREENE (59),0,NOT APPLICABLE,6,June,19,19,1,Sunday,2022,3,3:00am-3:59am,7,7,SR-1027 RUTTERS LN,NA,3,State Highway,1,Rural,7,Local,1,State Highway Agency,0,This section IS NOT on the NHS,0,No Special Jurisdiction,2,2,39.87123889,39.87123889,-79.95529444,-79.95529444,42,Tree (Standing Only),0,The First Harmful Event was Not a Collision with a Motor Vehicle in Transport,0,No,1,Non-Junction,1,Not an Intersection,4,On Roadside,0,None,2,Dark - Not Lighted,1,Clear,0,No,0000000,Not Applicable,3,3:00am-3:59am,14,14,3,3:00am-3:59am,29,29,99,Unknown,99,Unknown EMS Hospital Arrival Time,1
42,Pennsylvania,420491,0,0,2,2,0,3,3,29,CHESTER (29),0,NOT APPLICABLE,7,July,21,21,5,Thursday,2022,11,11:00am-11:59am,5,5,SR-100 POTTSTOWN PIKE,NA,3,State Highway,2,Urban,3,Principal Arterial - Other,1,State Highway Agency,1,This section IS ON the NHS,0,No Special Jurisdiction,109,109,40.10524722,40.10524722,-75.69606944,-75.69606944,12,Motor Vehicle In-Transport,6,Angle,0,No,1,Non-Junction,1,Not an Intersection,1,On Roadway,0,None,1,Daylight,1,Clear,0,No,0000000,Not Applicable,11,11:00am-11:59am,5,5,11,11:00am-11:59am,13,13,99,Unknown,99,Unknown EMS Hospital Arrival Time,1
42,Pennsylvania,420492,0,0,2,2,0,5,5,51,FAYETTE (51),0,NOT APPLICABLE,7,July,28,28,5,Thursday,2022,17,5:00pm-5:59pm,26,26,SR-3009 WALNUT HILL RD,NA,3,State Highway,2,Urban,5,Major Collector,1,State Highway Agency,0,This section IS NOT on the NHS,0,No Special Jurisdiction,135,135,39.88031944,39.88031944,-79.77551667,-79.77551667,12,Motor Vehicle In-Transport,2,Front-to-Front,0,No,1,Non-Junction,1,Not an Intersection,1,On Roadway,0,None,1,Daylight,1,Clear,0,No,0000000,Not Applicable,17,5:00pm-5:59pm,30,30,17,5:00pm-5:59pm,37,37,99,Unknown,99,Unknown EMS Hospital Arrival Time,2
42,Pennsylvania,420493,0,0,2,2,0,3,3,19,BUTLER (19),0,NOT APPLICABLE,7,July,27,27,4,Wednesday,2022,12,12:00pm-12:59pm,42,42,US-19 PERRY HWY,NA,2,US Highway,2,Urban,3,Principal Arterial - Other,99,Unknown,1,This section IS ON the NHS,0,No Special Jurisdiction,16,16,40.69685833,40.69685833,-80.10448611,-80.10448611,12,Motor Vehicle In-Transport,6,Angle,0,No,8,Driveway Access Related,1,Not an Intersection,1,On Roadway,0,None,1,Daylight,1,Clear,0,No,0000000,Not Applicable,99,Unknown,99,Unknown,99,Unknown EMS Scene Arrival Hour,99,Unknown EMS Scene Arrival Minutes,99,Unknown,99,Unknown EMS Hospital Arrival Time,1
42,Pennsylvania,420494,0,0,1,1,0,1,1,129,WESTMORELAND (129),0,NOT APPLICABLE,7,July,30,30,7,Saturday,2022,21,9:00pm-9:59pm,9,9,SR-4014 MAPLE LN,NA,3,State Highway,2,Urban,7,Local,1,State Highway Agency,0,This section IS NOT on the NHS,0,No Special Jurisdiction,6,6,40.34137778,40.34137778,-79.73284167,-79.73284167,17,Boulder,0,The First Harmful Event was Not a Collision with a Motor Vehicle in Transport,0,No,1,Non-Junction,1,Not an Intersection,4,On Roadside,0,None,2,Dark - Not Lighted,1,Clear,0,No,0000000,Not Applicable,99,Unknown,99,Unknown,99,Unknown EMS Scene Arrival Hour,99,Unknown EMS Scene Arrival Minutes,88,Not Applicable (Not Transported),88,Not Applicable (Not Transported),1
42,Pennsylvania,420495,0,0,1,1,0,2,2,27,CENTRE (27),0,NOT APPLICABLE,7,July,30,30,7,Saturday,2022,2,2:00am-2:59am,49,49,I-80 Z H CONFAIR MEMORIAL HWY,NA,1,Interstate,1,Rural,1,Interstate,1,State Highway Agency,1,This section IS ON the NHS,0,No Special Jurisdiction,1630,1630,40.96014167,40.96014167,-77.67651111,-77.67651111,1,Rollover/Overturn,0,The First Harmful Event was Not a Collision with a Motor Vehicle in Transport,0,No,1,Non-Junction,1,Not an Intersection,1,On Roadway,1,Construction,2,Dark - Not Lighted,1,Clear,0,No,0000000,Not Applicable,2,2:00am-2:59am,48,48,3,3:00am-3:59am,8,8,99,Unknown,99,Unknown EMS Hospital Arrival Time,1
42,Pennsylvania,420496,0,0,1,1,0,1,1,91,MONTGOMERY (91),0,NOT APPLICABLE,7,July,30,30,7,Saturday,2022,18,6:00pm-6:59pm,31,31,SEITZ RD,NA,5,Local Street - Township,1,Rural,7,Local,3,Town or Township Highway Agency,0,This section IS NOT on the NHS,0,No Special Jurisdiction,0,None,40.23593889,40.23593889,-75.46511111,-75.46511111,5,Fell/Jumped from Vehicle,0,The First Harmful Event was Not a Collision with a Motor Vehicle in Transport,0,No,1,Non-Junction,1,Not an Intersection,1,On Roadway,0,None,1,Daylight,1,Clear,0,No,0000000,Not Applicable,99,Unknown,99,Unknown,99,Unknown EMS Scene Arrival Hour,99,Unknown EMS Scene Arrival Minutes,99,Unknown,99,Unknown EMS Hospital Arrival Time,1
42,Pennsylvania,420497,0,0,2,2,0,2,2,101,PHILADELPHIA (101),6540,PHILADELPHIA,8,August,1,1,2,Monday,2022,20,8:00pm-8:59pm,56,56,US-1 ROOSEVELT BLVD,NA,2,US Highway,2,Urban,3,Principal Arterial - Other,99,Unknown,1,This section IS ON the NHS,0,No Special Jurisdiction,53,53,40.04303333,40.04303333,-75.0554,-75.0554,12,Motor Vehicle In-Transport,6,Angle,0,No,1,Non-Junction,1,Not an Intersection,1,On Roadway,0,None,3,Dark - Lighted,1,Clear,0,No,0000000,Not Applicable,20,8:00pm-8:59pm,57,57,21,9:00pm-9:59pm,10,10,88,Not Applicable (Not Transported),88,Not Applicable (Not Transported),1
42,Pennsylvania,420498,0,0,6,2,4,4,4,101,PHILADELPHIA (101),6540,PHILADELPHIA,9,September,24,24,7,Saturday,2022,21,9:00pm-9:59pm,50,50,SR-2016 ALLEGHENY AVE,TULIP ST,3,State Highway,2,Urban,4,Minor Arterial,1,State Highway Agency,0,This section IS NOT on the NHS,0,No Special Jurisdiction,47,47,39.98983889,39.98983889,-75.10755556,-75.10755556,12,Motor Vehicle In-Transport,1,Front-to-Rear,0,No,3,Intersection-Related,2,Four-Way Intersection,1,On Roadway,0,None,3,Dark - Lighted,1,Clear,0,No,0000000,Not Applicable,21,9:00pm-9:59pm,51,51,21,9:00pm-9:59pm,57,57,88,Not Applicable (Not Transported),88,Not Applicable (Not Transported),1
42,Pennsylvania,420499,1,1,1,1,0,1,1,101,PHILADELPHIA (101),6540,PHILADELPHIA,8,August,6,6,7,Saturday,2022,21,9:00pm-9:59pm,51,51,SR-1018 GRANT AVE,NA,3,State Highway,2,Urban,3,Principal Arterial - Other,1,State Highway Agency,1,This section IS ON the NHS,0,No Special Jurisdiction,13,13,40.07631389,40.07631389,-75.02036389,-75.02036389,8,Pedestrian,0,The First Harmful Event was Not a Collision with a Motor Vehicle in Transport,0,No,1,Non-Junction,1,Not an Intersection,1,On Roadway,0,None,3,Dark - Lighted,1,Clear,0,No,0000000,Not Applicable,21,9:00pm-9:59pm,53,53,22,10:00pm-10:59pm,4,4,88,Not Applicable (Not Transported),88,Not Applicable (Not Transported),1
42,Pennsylvania,420500,1,1,1,1,0,1,1,79,LUZERNE (79),2480,EDWARDSVILLE,8,August,11,11,5,Thursday,2022,0,0:00am-0:59am,35,35,US-11,NA,2,US Highway,2,Urban,3,Principal Arterial - Other,99,Unknown,1,This section IS ON the NHS,0,No Special Jurisdiction,255,255,41.25404444,41.25404444,-75.91013611,-75.91013611,18,Other Object (not fixed),0,The First Harmful Event was Not a Collision with a Motor Vehicle in Transport,0,No,1,Non-Junction,1,Not an Intersection,1,On Roadway,0,None,2,Dark - Not Lighted,1,Clear,0,No,0000000,Not Applicable,0,0:00am-0:59am,36,36,0,0:00am-0:59am,41,41,88,Not Applicable (Not Transported),88,Not Applicable (Not Transported),1
42,Pennsylvania,420501,0,0,1,1,0,13,13,133,YORK (133),0,NOT APPLICABLE,7,July,29,29,6,Friday,2022,11,11:00am-11:59am,13,13,SR-825 FURNACE RD,NA,3,State Highway,1,Rural,6,Minor Collector,1,State Highway Agency,0,This section IS NOT on the NHS,0,No Special Jurisdiction,140,140,39.88225556,39.88225556,-76.38162222,-76.38162222,1,Rollover/Overturn,0,The First Harmful Event was Not a Collision with a Motor Vehicle in Transport,0,No,1,Non-Junction,1,Not an Intersection,1,On Roadway,0,None,1,Daylight,1,Clear,0,No,0000000,Not Applicable,11,11:00am-11:59am,13,13,11,11:00am-11:59am,25,25,13,1:00pm-1:59pm,17,17,5
42,Pennsylvania,420502,0,0,1,1,0,2,2,17,BUCKS (17),0,NOT APPLICABLE,4,April,24,24,1,Sunday,2022,19,7:00pm-7:59pm,37,37,SR-2020 NEW TYBURN RD,NA,3,State Highway,2,Urban,4,Minor Arterial,1,State Highway Agency,0,This section IS NOT on the NHS,0,No Special Jurisdiction,16,16,40.17972778,40.17972778,-74.80150833,-74.80150833,42,Tree (Standing Only),0,The First Harmful Event was Not a Collision with a Motor Vehicle in Transport,0,No,1,Non-Junction,1,Not an Intersection,4,On Roadside,0,None,1,Daylight,1,Clear,0,No,0000000,Not Applicable,19,7:00pm-7:59pm,37,37,19,7:00pm-7:59pm,42,42,20,8:00pm-8:59pm,18,18,2
42,Pennsylvania,420503,0,0,2,2,0,3,3,11,BERKS (11),0,NOT APPLICABLE,6,June,3,3,6,Friday,2022,0,0:00am-0:59am,35,35,US-422 POTTSTOWN BYP,NA,2,US Highway,2,Urban,2,Principal Arterial - Other Freeways and Expressways,99,Unknown,1,This section IS ON the NHS,0,No Special Jurisdiction,317,317,40.2491,40.2491,-75.71476944,-75.71476944,12,Motor Vehicle In-Transport,2,Front-to-Front,0,No,1,Non-Junction,1,Not an Intersection,1,On Roadway,0,None,2,Dark - Not Lighted,1,Clear,0,No,0000000,Not Applicable,99,Unknown,99,Unknown,99,Unknown EMS Scene Arrival Hour,99,Unknown EMS Scene Arrival Minutes,99,Unknown,99,Unknown EMS Hospital Arrival Time,1
42,Pennsylvania,420504,0,0,1,1,0,1,1,91,MONTGOMERY (91),0,NOT APPLICABLE,7,July,25,25,2,Monday,2022,5,5:00am-5:59am,52,52,SR-3033 GUTHRIE RD,NA,3,State Highway,2,Urban,5,Major Collector,1,State Highway Agency,0,This section IS NOT on the NHS,0,No Special Jurisdiction,3,3,40.08478056,40.08478056,-75.41038056,-75.41038056,1,Rollover/Overturn,0,The First Harmful Event was Not a Collision with a Motor Vehicle in Transport,0,No,1,Non-Junction,1,Not an Intersection,1,On Roadway,0,None,1,Daylight,1,Clear,0,No,0000000,Not Applicable,5,5:00am-5:59am,55,55,6,6:00am-6:59am,7,7,6,6:00am-6:59am,25,25,1
42,Pennsylvania,420505,0,0,2,2,0,2,2,13,BLAIR (13),0,NOT APPLICABLE,7,July,7,7,5,Thursday,2022,14,2:00pm-2:59pm,31,31,SR-764 SIXTH AV RD,NA,3,State Highway,2,Urban,3,Principal Arterial - Other,1,State Highway Agency,1,This section IS ON the NHS,0,No Special Jurisdiction,11,11,40.4557,40.4557,-78.42914722,-78.42914722,12,Motor Vehicle In-Transport,6,Angle,0,No,8,Driveway Access Related,1,Not an Intersection,1,On Roadway,0,None,1,Daylight,1,Clear,0,No,0000000,Not Applicable,99,Unknown,99,Unknown,99,Unknown EMS Scene Arrival Hour,99,Unknown EMS Scene Arrival Minutes,88,Not Applicable (Not Transported),88,Not Applicable (Not Transported),1
42,Pennsylvania,420506,0,0,2,2,0,3,3,33,CLEARFIELD (33),0,NOT APPLICABLE,8,August,1,1,2,Monday,2022,9,9:00am-9:59am,51,51,SR-53 FRONT ST,WEST ELIZA ST,3,State Highway,1,Rural,4,Minor Arterial,1,State Highway Agency,0,This section IS NOT on the NHS,0,No Special Jurisdiction,169,169,40.82671667,40.82671667,-78.35631389,-78.35631389,1,Rollover/Overturn,0,The First Harmful Event was Not a Collision with a Motor Vehicle in Transport,0,No,3,Intersection-Related,3,T-Intersection,1,On Roadway,0,None,1,Daylight,1,Clear,0,No,0000000,Not Applicable,99,Unknown,99,Unknown,99,Unknown EMS Scene Arrival Hour,99,Unknown EMS Scene Arrival Minutes,99,Unknown,99,Unknown EMS Hospital Arrival Time,1
42,Pennsylvania,420507,0,0,1,1,0,1,1,89,MONROE (89),0,NOT APPLICABLE,8,August,2,2,3,Tuesday,2022,20,8:00pm-8:59pm,51,51,SR-447 CREEK RD,NA,3,State Highway,1,Rural,5,Major Collector,1,State Highway Agency,0,This section IS NOT on the NHS,0,No Special Jurisdiction,102,102,41.14146389,41.14146389,-75.23403056,-75.23403056,18,Other Object (not fixed),0,The First Harmful Event was Not a Collision with a Motor Vehicle in Transport,0,No,1,Non-Junction,1,Not an Intersection,5,Outside Trafficway,0,None,5,Dusk,1,Clear,0,No,0000000,Not Applicable,99,Unknown,99,Unknown,99,Unknown EMS Scene Arrival Hour,99,Unknown EMS Scene Arrival Minutes,88,Not Applicable (Not Transported),88,Not Applicable (Not Transported),1
42,Pennsylvania,420508,0,0,1,1,0,1,1,89,MONROE (89),0,NOT APPLICABLE,8,August,3,3,4,Wednesday,2022,23,11:00pm-11:59pm,33,33,US-209B SOUTH COURTLAND ST,NA,2,US Highway,2,Urban,4,Minor Arterial,99,Unknown,0,This section IS NOT on the NHS,0,No Special Jurisdiction,117,117,40.99889722,40.99889722,-75.182925,-75.182925,33,Curb,0,The First Harmful Event was Not a Collision with a Motor Vehicle in Transport,0,No,1,Non-Junction,1,Not an Intersection,4,On Roadside,0,None,3,Dark - Lighted,1,Clear,0,No,0000000,Not Applicable,99,Unknown,99,Unknown,99,Unknown EMS Scene Arrival Hour,99,Unknown EMS Scene Arrival Minutes,99,Unknown,99,Unknown EMS Hospital Arrival Time,1
42,Pennsylvania,420509,0,0,2,2,0,2,2,29,CHESTER (29),3710,HONEY BROOK,8,August,3,3,4,Wednesday,2022,20,8:00pm-8:59pm,11,11,US-322 HORSESHOE PIKE,SR-10 CONESTOGA AVE,2,US Highway,2,Urban,3,Principal Arterial - Other,99,Unknown,1,This section IS ON the NHS,0,No Special Jurisdiction,17,17,40.09589167,40.09589167,-75.91340556,-75.91340556,12,Motor Vehicle In-Transport,6,Angle,0,No,2,Intersection,2,Four-Way Intersection,1,On Roadway,0,None,5,Dusk,1,Clear,0,No,0000000,Not Applicable,20,8:00pm-8:59pm,11,11,20,8:00pm-8:59pm,21,21,99,Unknown,99,Unknown EMS Hospital Arrival Time,1
42,Pennsylvania,420510,0,0,1,1,0,1,1,133,YORK (133),0,NOT APPLICABLE,8,August,4,4,5,Thursday,2022,21,9:00pm-9:59pm,58,58,SR-851 BRYANSVILLE RD,NA,3,State Highway,1,Rural,6,Minor Collector,1,State Highway Agency,0,This section IS NOT on the NHS,0,No Special Jurisdiction,322,322,39.74988333,39.74988333,-76.33454722,-76.33454722,42,Tree (Standing Only),0,The First Harmful Event was Not a Collision with a Motor Vehicle in Transport,0,No,1,Non-Junction,1,Not an Intersection,4,On Roadside,0,None,2,Dark - Not Lighted,2,Rain,0,No,0000000,Not Applicable,21,9:00pm-9:59pm,55,55,21,9:00pm-9:59pm,59,59,23,11:00pm-11:59pm,0,0,1
42,Pennsylvania,420511,0,0,1,1,0,1,1,43,DAUPHIN (43),0,NOT APPLICABLE,8,August,4,4,5,Thursday,2022,14,2:00pm-2:59pm,12,12,SR-8001 RAMP CC RD,NA,3,State Highway,2,Urban,1,Interstate,1,State Highway Agency,1,This section IS ON the NHS,0,No Special Jurisdiction,659,659,40.31057778,40.31057778,-76.899775,-76.899775,1,Rollover/Overturn,0,The First Harmful Event was Not a Collision with a Motor Vehicle in Transport,1,Yes,20,Entrance/Exit Ramp,1,Not an Intersection,1,On Roadway,0,None,1,Daylight,1,Clear,0,No,0000000,Not Applicable,99,Unknown,99,Unknown,99,Unknown EMS Scene Arrival Hour,99,Unknown EMS Scene Arrival Minutes,99,Unknown,99,Unknown EMS Hospital Arrival Time,1
42,Pennsylvania,420512,0,0,1,1,0,2,2,29,CHESTER (29),0,NOT APPLICABLE,8,August,6,6,7,Saturday,2022,3,3:00am-3:59am,29,29,US-202,NA,2,US Highway,2,Urban,2,Principal Arterial - Other Freeways and Expressways,99,Unknown,1,This section IS ON the NHS,0,No Special Jurisdiction,111,111,40.04405278,40.04405278,-75.56935,-75.56935,24,Guardrail Face,0,The First Harmful Event was Not a Collision with a Motor Vehicle in Transport,0,No,1,Non-Junction,1,Not an Intersection,4,On Roadside,0,None,2,Dark - Not Lighted,1,Clear,0,No,0000000,Not Applicable,3,3:00am-3:59am,27,27,3,3:00am-3:59am,35,35,3,3:00am-3:59am,54,54,1