STATE,STATENAME,ST_CASE,PEDS,PERNOTMVIT,VE_TOTAL,VE_FORMS,PVH_INVL,PERSONS,PERMVIT,COUNTY,COUNTYNAME,CITY,CITYNAME,MONTH,MONTHNAME,DAY,DAYNAME,DAY_WEEK,DAY_WEEKNAME,YEAR,HOUR,HOURNAME,MINUTE,MINUTENAME,TWAY_ID,TWAY_ID2,ROUTE,ROUTENAME,RUR_URB,RUR_URBNAME,FUNC_SYS,FUNC_SYSNAME,RD_OWNER,RD_OWNERNAME,NHS,NHSNAME,SP_JUR,SP_JURNAME,MILEPT,MILEPTNAME,LATITUDE,LATITUDENAME,LONGITUD,LONGITUDNAME,HARM_EV,HARM_EVNAME,MAN_COLL,MAN_COLLNAME,RELJCT1,RELJCT1NAME,RELJCT2,RELJCT2NAME,TYP_INT,TYP_INTNAME,REL_ROAD,REL_ROADNAME,WRK_ZONE,WRK_ZONENAME,LGT_COND,LGT_CONDNAME,WEATHER,WEATHERNAME,SCH_BUS,SCH_BUSNAME,RAIL,RAILNAME,NOT_HOUR,NOT_HOURNAME,NOT_MIN,NOT_MINNAME,ARR_HOUR,ARR_HOURNAME,ARR_MIN,ARR_MINNAME,HOSP_HR,HOSP_HRNAME,HOSP_MN,HOSP_MNNAME,FATALS
42,Pennsylvania,420587,1,1,1,1,0,1,1,11,BERKS (11),9530,WYOMISSING,8,August,28,28,1,Sunday,2022,8,8:00am-8:59am,56,56,BERKSHIRE BLVD,SR-3021 PAPER MILL RD,6,Local Street - Municipality,2,Urban,7,Local,4,City or Municipal Highway Agency,0,This section IS NOT on the NHS,0,No Special Jurisdiction,0,None,40.34716944,40.34716944,-75.97174167,-75.97174167,8,Pedestrian,0,The First Harmful Event was Not a Collision with a Motor Vehicle in Transport,0,No,3,Intersection-Related,2,Four-Way Intersection,1,On Roadway,0,None,1,Daylight,1,Clear,0,No,0000000,Not Applicable,99,Unknown,99,Unknown,99,Unknown EMS Scene Arrival Hour,99,Unknown EMS Scene Arrival Minutes,99,Unknown,99,Unknown EMS Hospital Arrival Time,1
42,Pennsylvania,420588,1,1,1,1,0,1,1,101,PHILADELPHIA (101),6540,PHILADELPHIA,8,August,29,29,2,Monday,2022,5,5:00am-5:59am,22,22,US-13 HUNTING PARK AVE,NA,2,US Highway,2,Urban,3,Principal Arterial - Other,99,Unknown,1,This section IS ON the NHS,0,No Special Jurisdiction,77,77,40.01769167,40.01769167,-75.15004167,-75.15004167,8,Pedestrian,0,The First Harmful Event was Not a Collision with a Motor Vehicle in Transport,0,No,1,Non-Junction,1,Not an Intersection,1,On Roadway,0,None,2,Dark - Not Lighted,1,Clear,0,No,0000000,Not Applicable,5,5:00am-5:59am,24,24,5,5:00am-5:59am,28,28,5,5:00am-5:59am,46,46,1
42,Pennsylvania,420589,0,0,2,2,0,2,2,3,ALLEGHENY (3),0,NOT APPLICABLE,8,August,29,29,2,Monday,2022,11,11:00am-11:59am,25,25,US-19 PERRY HWY,NA,2,US Highway,2,Urban,4,Minor Arterial,99,Unknown,0,This section IS NOT on the NHS,0,No Special Jurisdiction,193,193,40.54924722,40.54924722,-80.03700833,-80.03700833,12,Motor Vehicle In-Transport,6,Angle,0,No,8,Driveway Access Related,1,Not an Intersection,1,On Roadway,0,None,1,Daylight,1,Clear,0,No,0000000,Not Applicable,11,11:00am-11:59am,27,27,11,11:00am-11:59am,34,34,11,11:00am-11:59am,59,59,1
42,Pennsylvania,420590,0,0,2,2,0,3,3,101,PHILADELPHIA (101),6540,PHILADELPHIA,8,August,31,31,4,Wednesday,2022,6,6:00am-6:59am,15,15,SR-1009 BRIDGE ST,SR-8021 RAMP B RD,3,State Highway,2,Urban,1,Interstate,1,State Highway Agency,1,This section IS ON the NHS,0,No Special Jurisdiction,273,273,40.00691944,40.00691944,-75.06843056,-75.06843056,12,Motor Vehicle In-Transport,6,Angle,1,Yes,2,Intersection,3,T-Intersection,1,On Roadway,0,None,4,Dawn,1,Clear,0,No,0000000,Not Applicable,6,6:00am-6:59am,15,15,6,6:00am-6:59am,27,27,99,Unknown,99,Unknown EMS Hospital Arrival Time,1
42,Pennsylvania,420591,0,0,1,1,0,2,2,87,MIFFLIN (87),0,NOT APPLICABLE,8,August,30,30,3,Tuesday,2022,6,6:00am-6:59am,38,38,FERGUSON VALLEY RD,NA,5,Local Street - Township,1,Rural,7,Local,3,Town or Township Highway Agency,0,This section IS NOT on the NHS,0,No Special Jurisdiction,0,None,40.55962222,40.55962222,-77.68950833,-77.68950833,35,Embankment,0,The First Harmful Event was Not a Collision with a Motor Vehicle in Transport,0,No,1,Non-Junction,1,Not an Intersection,4,On Roadside,0,None,4,Dawn,1,Clear,0,No,0000000,Not Applicable,6,6:00am-6:59am,32,32,6,6:00am-6:59am,49,49,88,Not Applicable (Not Transported),88,Not Applicable (Not Transported),1
42,Pennsylvania,420592,0,0,2,2,0,2,2,129,WESTMORELAND (129),0,NOT APPLICABLE,8,August,30,30,3,Tuesday,2022,5,5:00am-5:59am,52,52,SR-31 WEST NEWTON RUFFSDALE RD,NA,3,State Highway,1,Rural,4,Minor Arterial,1,State Highway Agency,0,This section IS NOT on the NHS,0,No Special Jurisdiction,38,38,40.18388333,40.18388333,-79.69018333,-79.69018333,12,Motor Vehicle In-Transport,8,Sideswipe - Opposite Direction,0,No,1,Non-Junction,1,Not an Intersection,1,On Roadway,0,None,4,Dawn,1,Clear,0,No,0000000,Not Applicable,5,5:00am-5:59am,51,51,6,6:00am-6:59am,3,3,88,Not Applicable (Not Transported),88,Not Applicable (Not Transported),1
42,Pennsylvania,420593,0,0,1,1,0,1,1,29,CHESTER (29),0,NOT APPLICABLE,8,August,31,31,4,Wednesday,2022,99,Unknown Hours,99,Unknown Minutes,HOMEVILLE RD,NA,5,Local Street - Township,1,Rural,7,Local,3,Town or Township Highway Agency,0,This section IS NOT on the NHS,0,No Special Jurisdiction,0,None,39.88865,39.88865,-75.94566111,-75.94566111,43,Other Fixed Object,0,The First Harmful Event was Not a Collision with a Motor Vehicle in Transport,0,No,1,Non-Junction,1,Not an Intersection,4,On Roadside,0,None,9,Reported as Unknown,99,Reported as Unknown,0,No,0000000,Not Applicable,17,5:00pm-5:59pm,15,15,17,5:00pm-5:59pm,27,27,88,Not Applicable (Not Transported),88,Not Applicable (Not Transported),1
42,Pennsylvania,420594,0,0,2,2,0,2,2,45,DELAWARE (45),0,NOT APPLICABLE,8,August,31,31,4,Wednesday,2022,17,5:00pm-5:59pm,6,6,US-1 STATE RD,WEYMOUTH RD,2,US Highway,2,Urban,3,Principal Arterial - Other,99,Unknown,1,This section IS ON the NHS,0,No Special Jurisdiction,154,154,39.94241667,39.94241667,-75.33334444,-75.33334444,12,Motor Vehicle In-Transport,6,Angle,0,No,2,Intersection,3,T-Intersection,1,On Roadway,0,None,1,Daylight,1,Clear,0,No,0000000,Not Applicable,17,5:00pm-5:59pm,18,18,17,5:00pm-5:59pm,24,24,17,5:00pm-5:59pm,36,36,1
42,Pennsylvania,420595,0,0,2,2,0,1,1,43,DAUPHIN (43),0,NOT APPLICABLE,9,September,1,1,5,Thursday,2022,8,8:00am-8:59am,46,46,RIDGE RD,NA,5,Local Street - Township,1,Rural,7,Local,3,Town or Township Highway Agency,0,This section IS NOT on the NHS,0,No Special Jurisdiction,0,None,40.22785,40.22785,-76.62389167,-76.62389167,12,Motor Vehicle In-Transport,1,Front-to-Rear,0,No,1,Non-Junction,1,Not an Intersection,1,On Roadway,0,None,1,Daylight,1,Clear,0,No,0000000,Not Applicable,99,Unknown,99,Unknown,99,Unknown EMS Scene Arrival Hour,99,Unknown EMS Scene Arrival Minutes,99,Unknown,99,Unknown EMS Hospital Arrival Time,1
42,Pennsylvania,420596,1,1,1,1,0,2,2,101,PHILADELPHIA (101),6540,PHILADELPHIA,9,September,1,1,5,Thursday,2022,23,11:00pm-11:59pm,0,0,GREENE ST,NA,6,Local Street - Municipality,2,Urban,7,Local,4,City or Municipal Highway Agency,0,This section IS NOT on the NHS,0,No Special Jurisdiction,0,None,40.03193056,40.03193056,-75.17315556,-75.17315556,30,Utility Pole/Light Support,0,The First Harmful Event was Not a Collision with a Motor Vehicle in Transport,0,No,1,Non-Junction,1,Not an Intersection,4,On Roadside,0,None,3,Dark - Lighted,1,Clear,0,No,0000000,Not Applicable,23,11:00pm-11:59pm,7,7,23,11:00pm-11:59pm,10,10,88,Not Applicable (Not Transported),88,Not Applicable (Not Transported),1
42,Pennsylvania,420597,0,0,2,2,0,2,2,71,LANCASTER (71),0,NOT APPLICABLE,9,September,2,2,6,Friday,2022,11,11:00am-11:59am,37,37,SR-272 OREGON PIKE,NA,3,State Highway,2,Urban,4,Minor Arterial,1,State Highway Agency,0,This section IS NOT on the NHS,0,No Special Jurisdiction,279,279,40.124025,40.124025,-76.22881389,-76.22881389,12,Motor Vehicle In-Transport,8,Sideswipe - Opposite Direction,0,No,1,Non-Junction,1,Not an Intersection,1,On Roadway,0,None,1,Daylight,1,Clear,0,No,0000000,Not Applicable,11,11:00am-11:59am,39,39,11,11:00am-11:59am,54,54,12,12:00pm-12:59pm,15,15,1
42,Pennsylvania,420598,1,1,1,1,0,1,1,101,PHILADELPHIA (101),6540,PHILADELPHIA,9,September,3,3,7,Saturday,2022,2,2:00am-2:59am,55,55,SR-1003 WHITAKER AVE,LUZERNE ST,3,State Highway,2,Urban,4,Minor Arterial,1,State Highway Agency,0,This section IS NOT on the NHS,0,No Special Jurisdiction,9,9,40.01003889,40.01003889,-75.12166944,-75.12166944,8,Pedestrian,0,The First Harmful Event was Not a Collision with a Motor Vehicle in Transport,0,No,3,Intersection-Related,2,Four-Way Intersection,1,On Roadway,0,None,3,Dark - Lighted,1,Clear,0,No,0000000,Not Applicable,2,2:00am-2:59am,56,56,3,3:00am-3:59am,4,4,3,3:00am-3:59am,18,18,1
42,Pennsylvania,420599,1,1,1,1,0,1,1,101,PHILADELPHIA (101),6540,PHILADELPHIA,9,September,3,3,7,Saturday,2022,17,5:00pm-5:59pm,58,58,RISING SUN AVE,LOUDON ST,6,Local Street - Municipality,2,Urban,7,Local,4,City or Municipal Highway Agency,0,This section IS NOT on the NHS,0,No Special Jurisdiction,0,None,40.02308056,40.02308056,-75.12446667,-75.12446667,8,Pedestrian,0,The First Harmful Event was Not a Collision with a Motor Vehicle in Transport,0,No,3,Intersection-Related,2,Four-Way Intersection,1,On Roadway,0,None,1,Daylight,1,Clear,0,No,0000000,Not Applicable,99,Unknown,99,Unknown,99,Unknown EMS Scene Arrival Hour,99,Unknown EMS Scene Arrival Minutes,99,Unknown,99,Unknown EMS Hospital Arrival Time,1
42,Pennsylvania,420600,0,0,5,1,4,1,1,91,MONTGOMERY (91),0,NOT APPLICABLE,10,October,29,29,7,Saturday,2022,0,0:00am-0:59am,15,15,SR-2038 FITZWATERTOWN RD,NA,3,State Highway,2,Urban,4,Minor Arterial,1,State Highway Agency,0,This section IS NOT on the NHS,0,No Special Jurisdiction,11,11,40.13475,40.13475,-75.14938889,-75.14938889,59,Traffic Sign Support,0,The First Harmful Event was Not a Collision with a Motor Vehicle in Transport,0,No,1,Non-Junction,1,Not an Intersection,4,On Roadside,0,None,3,Dark - Lighted,1,Clear,0,No,0000000,Not Applicable,0,0:00am-0:59am,16,16,0,0:00am-0:59am,21,21,0,0:00am-0:59am,46,46,1
42,Pennsylvania,420601,1,1,3,1,2,1,1,79,LUZERNE (79),6660,PLYMOUTH,6,June,25,25,7,Saturday,2022,16,4:00pm-4:59pm,12,12,US-11 W MAIN ST,NA,2,US Highway,2,Urban,3,Principal Arterial - Other,99,Unknown,1,This section IS ON the NHS,0,No Special Jurisdiction,234,234,41.24065833,41.24065833,-75.94506944,-75.94506944,14,Parked Motor Vehicle,0,The First Harmful Event was Not a Collision with a Motor Vehicle in Transport,0,No,1,Non-Junction,1,Not an Intersection,7,In Parking Lane/Zone,0,None,1,Daylight,1,Clear,0,No,0000000,Not Applicable,16,4:00pm-4:59pm,2,2,16,4:00pm-4:59pm,3,3,16,4:00pm-4:59pm,5,5,1
42,Pennsylvania,420602,0,0,2,2,0,3,3,85,MERCER (85),0,NOT APPLICABLE,9,September,3,3,7,Saturday,2022,23,11:00pm-11:59pm,40,40,SR-58 MERCER RD,NA,3,State Highway,1,Rural,4,Minor Arterial,1,State Highway Agency,0,This section IS NOT on the NHS,0,No Special Jurisdiction,197,197,41.29750833,41.29750833,-80.29178889,-80.29178889,12,Motor Vehicle In-Transport,2,Front-to-Front,0,No,1,Non-Junction,1,Not an Intersection,1,On Roadway,0,None,2,Dark - Not Lighted,1,Clear,0,No,0000000,Not Applicable,99,Unknown,99,Unknown,99,Unknown EMS Scene Arrival Hour,99,Unknown EMS Scene Arrival Minutes,99,Unknown,99,Unknown EMS Hospital Arrival Time,1
42,Pennsylvania,420603,1,1,1,1,0,1,1,11,BERKS (11),0,NOT APPLICABLE,9,September,3,3,7,Saturday,2022,20,8:00pm-8:59pm,45,45,US-422B BUSINESS 0422 RD,NA,2,US Highway,2,Urban,3,Principal Arterial - Other,99,Unknown,1,This section IS ON the NHS,0,No Special Jurisdiction,4,4,40.31199444,40.31199444,-75.86825833,-75.86825833,8,Pedestrian,0,The First Harmful Event was Not a Collision with a Motor Vehicle in Transport,0,No,1,Non-Junction,1,Not an Intersection,1,On Roadway,0,None,3,Dark - Lighted,1,Clear,0,No,0000000,Not Applicable,99,Unknown,99,Unknown,99,Unknown EMS Scene Arrival Hour,99,Unknown EMS Scene Arrival Minutes,88,Not Applicable (Not Transported),88,Not Applicable (Not Transported),1
42,Pennsylvania,420604,0,0,1,1,0,1,1,125,WASHINGTON (125),0,NOT APPLICABLE,8,August,10,10,4,Wednesday,2022,22,10:00pm-10:59pm,42,42,SR-4010 BEECH HOLLOW RD,NA,3,State Highway,1,Rural,6,Minor Collector,1,State Highway Agency,0,This section IS NOT on the NHS,0,No Special Jurisdiction,8,8,40.40081667,40.40081667,-80.29447222,-80.29447222,30,Utility Pole/Light Support,0,The First Harmful Event was Not a Collision with a Motor Vehicle in Transport,0,No,1,Non-Junction,1,Not an Intersection,4,On Roadside,0,None,3,Dark - Lighted,98,Not Reported,0,No,0000000,Not Applicable,99,Unknown,99,Unknown,99,Unknown EMS Scene Arrival Hour,99,Unknown EMS Scene Arrival Minutes,88,Not Applicable (Not Transported),88,Not Applicable (Not Transported),1
42,Pennsylvania,420605,0,0,2,2,0,8,8,101,PHILADELPHIA (101),6540,PHILADELPHIA,9,September,4,4,1,Sunday,2022,5,5:00am-5:59am,24,24,I-95 DELAWARE EXPY,NA,1,Interstate,2,Urban,1,Interstate,1,State Highway Agency,1,This section IS ON the NHS,0,No Special Jurisdiction,161,161,39.897125,39.897125,-75.18866389,-75.18866389,12,Motor Vehicle In-Transport,1,Front-to-Rear,0,No,1,Non-Junction,1,Not an Intersection,1,On Roadway,0,None,3,Dark - Lighted,1,Clear,0,No,0000000,Not Applicable,5,5:00am-5:59am,32,32,5,5:00am-5:59am,42,42,6,6:00am-6:59am,12,12,1
42,Pennsylvania,420606,0,0,2,2,0,2,2,35,CLINTON (35),0,NOT APPLICABLE,1,January,2,2,1,Sunday,2022,11,11:00am-11:59am,3,3,SR-477 MILL ST,NA,3,State Highway,1,Rural,5,Major Collector,1,State Highway Agency,0,This section IS NOT on the NHS,0,No Special Jurisdiction,109,109,41.04329167,41.04329167,-77.30919167,-77.30919167,12,Motor Vehicle In-Transport,6,Angle,0,No,1,Non-Junction,1,Not an Intersection,1,On Roadway,0,None,1,Daylight,1,Clear,0,No,0000000,Not Applicable,11,11:00am-11:59am,54,54,12,12:00pm-12:59pm,0,0,13,1:00pm-1:59pm,7,7,1
42,Pennsylvania,420607,0,0,2,2,0,3,3,71,LANCASTER (71),0,NOT APPLICABLE,9,September,3,3,7,Saturday,2022,12,12:00pm-12:59pm,5,5,SR-625 READING RD,PRECAST RD,3,State Highway,1,Rural,5,Major Collector,1,State Highway Agency,0,This section IS NOT on the NHS,0,No Special Jurisdiction,17,17,40.14655833,40.14655833,-76.03226389,-76.03226389,12,Motor Vehicle In-Transport,2,Front-to-Front,0,No,3,Intersection-Related,3,T-Intersection,1,On Roadway,0,None,1,Daylight,1,Clear,0,No,0000000,Not Applicable,12,12:00pm-12:59pm,10,10,12,12:00pm-12:59pm,16,16,12,12:00pm-12:59pm,57,57,2
42,Pennsylvania,420608,0,0,1,1,0,3,3,59,GREENE (59),0,NOT APPLICABLE,9,September,5,5,2,Monday,2022,18,6:00pm-6:59pm,57,57,SR-4015 STRONGTOWN RD,NA,3,State Highway,1,Rural,6,Minor Collector,1,State Highway Agency,0,This section IS NOT on the NHS,0,No Special Jurisdiction,13,13,39.93392778,39.93392778,-80.385575,-80.385575,5,Fell/Jumped from Vehicle,0,The First Harmful Event was Not a Collision with a Motor Vehicle in Transport,0,No,1,Non-Junction,1,Not an Intersection,1,On Roadway,0,None,1,Daylight,10,Cloudy,0,No,0000000,Not Applicable,99,Unknown,99,Unknown,99,Unknown EMS Scene Arrival Hour,99,Unknown EMS Scene Arrival Minutes,99,Unknown,99,Unknown EMS Hospital Arrival Time,1
42,Pennsylvania,420609,0,0,1,1,0,1,1,11,BERKS (11),0,NOT APPLICABLE,9,September,7,7,4,Wednesday,2022,23,11:00pm-11:59pm,24,24,SR-1010 STATE ST,NA,3,State Highway,1,Rural,4,Minor Arterial,1,State Highway Agency,0,This section IS NOT on the NHS,0,No Special Jurisdiction,169,169,40.49174167,40.49174167,-75.62942778,-75.62942778,35,Embankment,0,The First Harmful Event was Not a Collision with a Motor Vehicle in Transport,0,No,1,Non-Junction,1,Not an Intersection,4,On Roadside,0,None,2,Dark - Not Lighted,1,Clear,0,No,0000000,Not Applicable,99,Unknown,99,Unknown,99,Unknown EMS Scene Arrival Hour,99,Unknown EMS Scene Arrival Minutes,88,Not Applicable (Not Transported),88,Not Applicable (Not Transported),1
42,Pennsylvania,420610,0,0,1,1,0,1,1,17,BUCKS (17),0,NOT APPLICABLE,9,September,7,7,4,Wednesday,2022,20,8:00pm-8:59pm,55,55,SR-8001 RAMP RD,NA,3,State Highway,2,Urban,1,Interstate,1,State Highway Agency,1,This section IS ON the NHS,0,No Special Jurisdiction,351,351,40.07245278,40.07245278,-74.95319167,-74.95319167,1,Rollover/Overturn,0,The First Harmful Event was Not a Collision with a Motor Vehicle in Transport,1,Yes,5,Entrance/Exit Ramp Related,1,Not an Intersection,2,On Shoulder,0,None,3,Dark - Lighted,1,Clear,0,No,0000000,Not Applicable,20,8:00pm-8:59pm,54,54,21,9:00pm-9:59pm,1,1,88,Not Applicable (Not Transported),88,Not Applicable (Not Transported),1
42,Pennsylvania,420611,0,0,2,2,0,4,4,133,YORK (133),0,NOT APPLICABLE,9,September,8,8,5,Thursday,2022,18,6:00pm-6:59pm,46,46,SR-116 HANOVER RD,NA,3,State Highway,2,Urban,3,Principal Arterial - Other,1,State Highway Agency,0,This section IS NOT on the NHS,0,No Special Jurisdiction,133,133,39.91543333,39.91543333,-76.83647222,-76.83647222,12,Motor Vehicle In-Transport,2,Front-to-Front,0,No,1,Non-Junction,1,Not an Intersection,1,On Roadway,0,None,1,Daylight,1,Clear,0,No,0000000,Not Applicable,18,6:00pm-6:59pm,54,54,19,7:00pm-7:59pm,2,2,19,7:00pm-7:59pm,35,35,1
42,Pennsylvania,420612,0,0,1,1,0,3,3,43,DAUPHIN (43),0,NOT APPLICABLE,9,September,10,10,7,Saturday,2022,5,5:00am-5:59am,20,20,US-22 ALLENTOWN BLVD,NA,2,US Highway,2,Urban,3,Principal Arterial - Other,99,Unknown,1,This section IS ON the NHS,0,No Special Jurisdiction,231,231,40.33016111,40.33016111,-76.75484444,-76.75484444,1,Rollover/Overturn,0,The First Harmful Event was Not a Collision with a Motor Vehicle in Transport,0,No,1,Non-Junction,1,Not an Intersection,4,On Roadside,0,None,4,Dawn,1,Clear,0,No,0000000,Not Applicable,5,5:00am-5:59am,27,27,5,5:00am-5:59am,35,35,6,6:00am-6:59am,44,44,2
42,Pennsylvania,420613,0,0,2,2,0,2,2,71,LANCASTER (71),0,NOT APPLICABLE,9,September,16,16,6,Friday,2022,15,3:00pm-3:59pm,13,13,SR-501 FURNACE HILLS PIKE,NA,3,State Highway,2,Urban,4,Minor Arterial,1,State Highway Agency,0,This section IS NOT on the NHS,0,No Special Jurisdiction,103,103,40.20572222,40.20572222,-76.29846667,-76.29846667,12,Motor Vehicle In-Transport,6,Angle,0,No,1,Non-Junction,1,Not an Intersection,1,On Roadway,0,None,1,Daylight,1,Clear,0,No,0000000,Not Applicable,15,3:00pm-3:59pm,13,13,15,3:00pm-3:59pm,24,24,88,Not Applicable (Not Transported),88,Not Applicable (Not Transported),1
42,Pennsylvania,420614,0,0,1,1,0,1,1,79,LUZERNE (79),0,NOT APPLICABLE,9,September,9,9,6,Friday,2022,14,2:00pm-2:59pm,1,1,I-80,NA,1,Interstate,1,Rural,1,Interstate,1,State Highway Agency,1,This section IS ON the NHS,0,No Special Jurisdiction,2511,2511,41.00446389,41.00446389,-76.16314722,-76.16314722,1,Rollover/Overturn,0,The First Harmful Event was Not a Collision with a Motor Vehicle in Transport,0,No,1,Non-Junction,1,Not an Intersection,2,On Shoulder,0,None,1,Daylight,1,Clear,0,No,0000000,Not Applicable,14,2:00pm-2:59pm,0,0,14,2:00pm-2:59pm,13,13,15,3:00pm-3:59pm,1,1,1
42,Pennsylvania,420615,0,0,2,2,0,2,2,71,LANCASTER (71),0,NOT APPLICABLE,9,September,9,9,6,Friday,2022,8,8:00am-8:59am,49,49,SR-472 KIRKWOOD PIKE,SR-2009 NOBLE RD,3,State Highway,1,Rural,5,Major Collector,1,State Highway Agency,0,This section IS NOT on the NHS,0,No Special Jurisdiction,49,49,39.86068333,39.86068333,-76.09135,-76.09135,12,Motor Vehicle In-Transport,6,Angle,0,No,2,Intersection,2,Four-Way Intersection,1,On Roadway,0,None,1,Daylight,1,Clear,0,No,0000000,Not Applicable,8,8:00am-8:59am,47,47,8,8:00am-8:59am,57,57,10,10:00am-10:59am,4,4,1
42,Pennsylvania,420616,0,0,2,2,0,3,3,19,BUTLER (19),0,NOT APPLICABLE,9,September,9,9,6,Friday,2022,15,3:00pm-3:59pm,57,57,SR-8 WILLIAM FLINN HWY,SR-4010 BRANCHTON RD,3,State Highway,1,Rural,3,Principal Arterial - Other,1,State Highway Agency,1,This section IS ON the NHS,0,No Special Jurisdiction,309,309,41.07442778,41.07442778,-80.00220278,-80.00220278,12,Motor Vehicle In-Transport,6,Angle,0,No,3,Intersection-Related,2,Four-Way Intersection,1,On Roadway,0,None,1,Daylight,1,Clear,0,No,0000000,Not Applicable,99,Unknown,99,Unknown,99,Unknown EMS Scene Arrival Hour,99,Unknown EMS Scene Arrival Minutes,99,Unknown,99,Unknown EMS Hospital Arrival Time,2
42,Pennsylvania,420617,1,1,1,1,0,1,1,101,PHILADELPHIA (101),6540,PHILADELPHIA,9,September,20,20,3,Tuesday,2022,9,9:00am-9:59am,52,52,US-1 ROOSEVELT BLVD,NA,2,US Highway,2,Urban,3,Principal Arterial - Other,99,Unknown,1,This section IS ON the NHS,0,No Special Jurisdiction,121,121,40.04224444,40.04224444,-75.05694167,-75.05694167,8,Pedestrian,0,The First Harmful Event was Not a Collision with a Motor Vehicle in Transport,0,No,1,Non-Junction,1,Not an Intersection,1,On Roadway,0,None,1,Daylight,1,Clear,0,No,0000000,Not Applicable,99,Unknown,99,Unknown,99,Unknown EMS Scene Arrival Hour,99,Unknown EMS Scene Arrival Minutes,88,Not Applicable (Not Transported),88,Not Applicable (Not Transported),1
42,Pennsylvania,420618,0,0,2,2,0,2,2,101,PHILADELPHIA (101),6540,PHILADELPHIA,9,September,13,13,3,Tuesday,2022,22,10:00pm-10:59pm,25,25,SR-611 BROAD ST,NA,3,State Highway,2,Urban,3,Principal Arterial - Other,1,State Highway Agency,1,This section IS ON the NHS,0,No Special Jurisdiction,45,45,39.99983333,39.99983333,-75.15336944,-75.15336944,12,Motor Vehicle In-Transport,6,Angle,0,No,8,Driveway Access Related,1,Not an Intersection,1,On Roadway,0,None,3,Dark - Lighted,1,Clear,0,No,0000000,Not Applicable,22,10:00pm-10:59pm,27,27,22,10:00pm-10:59pm,35,35,22,10:00pm-10:59pm,49,49,1
42,Pennsylvania,420619,0,0,1,1,0,1,1,119,UNION (119),0,NOT APPLICABLE,9,September,18,18,1,Sunday,2022,1,1:00am-1:59am,48,48,SR-45 OLD TURNPIKE RD,NA,3,State Highway,1,Rural,4,Minor Arterial,1,State Highway Agency,0,This section IS NOT on the NHS,0,No Special Jurisdiction,47,47,40.8998,40.8998,-77.19608056,-77.19608056,30,Utility Pole/Light Support,0,The First Harmful Event was Not a Collision with a Motor Vehicle in Transport,0,No,1,Non-Junction,1,Not an Intersection,4,On Roadside,0,None,2,Dark - Not Lighted,1,Clear,0,No,0000000,Not Applicable,1,1:00am-1:59am,47,47,2,2:00am-2:59am,2,2,88,Not Applicable (Not Transported),88,Not Applicable (Not Transported),1
42,Pennsylvania,420620,0,0,3,2,1,5,5,91,MONTGOMERY (91),0,NOT APPLICABLE,8,August,31,31,4,Wednesday,2022,7,7:00am-7:59am,3,3,CR-RIDGE PIKE,CARLAND RD,4,County Road,2,Urban,7,Local,2,County Highway Agency,0,This section IS NOT on the NHS,0,No Special Jurisdiction,0,None,40.10328333,40.10328333,-75.31072778,-75.31072778,12,Motor Vehicle In-Transport,6,Angle,0,No,3,Intersection-Related,3,T-Intersection,1,On Roadway,0,None,1,Daylight,1,Clear,0,No,0000000,Not Applicable,7,7:00am-7:59am,8,8,7,7:00am-7:59am,19,19,8,8:00am-8:59am,0,0,1
42,Pennsylvania,420621,0,0,1,1,0,1,1,55,FRANKLIN (55),0,NOT APPLICABLE,3,March,6,6,1,Sunday,2022,23,11:00pm-11:59pm,50,50,US-11 MOLLY PITCHER HWY,NA,2,US Highway,2,Urban,5,Major Collector,99,Unknown,0,This section IS NOT on the NHS,0,No Special Jurisdiction,99,99,39.85961111,39.85961111,-77.70681944,-77.70681944,53,Mail Box,0,The First Harmful Event was Not a Collision with a Motor Vehicle in Transport,0,No,1,Non-Junction,1,Not an Intersection,4,On Roadside,0,None,2,Dark - Not Lighted,1,Clear,0,No,0000000,Not Applicable,23,11:00pm-11:59pm,51,51,0,0:00am-0:59am,2,2,88,Not Applicable (Not Transported),88,Not Applicable (Not Transported),1
42,Pennsylvania,420622,0,0,1,1,0,1,1,105,POTTER (105),0,NOT APPLICABLE,6,June,9,9,5,Thursday,2022,15,3:00pm-3:59pm,5,5,US-6 GRAND ARMY OF THE REP HWY,NA,2,US Highway,1,Rural,3,Principal Arterial - Other,99,Unknown,1,This section IS ON the NHS,0,No Special Jurisdiction,94,94,41.75135556,41.75135556,-78.05569167,-78.05569167,24,Guardrail Face,0,The First Harmful Event was Not a Collision with a Motor Vehicle in Transport,0,No,1,Non-Junction,1,Not an Intersection,4,On Roadside,0,None,1,Daylight,10,Cloudy,0,No,0000000,Not Applicable,15,3:00pm-3:59pm,7,7,15,3:00pm-3:59pm,11,11,88,Not Applicable (Not Transported),88,Not Applicable (Not Transported),1