STATE,STATENAME,ST_CASE,PEDS,PERNOTMVIT,VE_TOTAL,VE_FORMS,PVH_INVL,PERSONS,PERMVIT,COUNTY,COUNTYNAME,CITY,CITYNAME,MONTH,MONTHNAME,DAY,DAYNAME,DAY_WEEK,DAY_WEEKNAME,YEAR,HOUR,HOURNAME,MINUTE,MINUTENAME,TWAY_ID,TWAY_ID2,ROUTE,ROUTENAME,RUR_URB,RUR_URBNAME,FUNC_SYS,FUNC_SYSNAME,RD_OWNER,RD_OWNERNAME,NHS,NHSNAME,SP_JUR,SP_JURNAME,MILEPT,MILEPTNAME,LATITUDE,LATITUDENAME,LONGITUD,LONGITUDNAME,HARM_EV,HARM_EVNAME,MAN_COLL,MAN_COLLNAME,RELJCT1,RELJCT1NAME,RELJCT2,RELJCT2NAME,TYP_INT,TYP_INTNAME,REL_ROAD,REL_ROADNAME,WRK_ZONE,WRK_ZONENAME,LGT_COND,LGT_CONDNAME,WEATHER,WEATHERNAME,SCH_BUS,SCH_BUSNAME,RAIL,RAILNAME,NOT_HOUR,NOT_HOURNAME,NOT_MIN,NOT_MINNAME,ARR_HOUR,ARR_HOURNAME,ARR_MIN,ARR_MINNAME,HOSP_HR,HOSP_HRNAME,HOSP_MN,HOSP_MNNAME,FATALS
42,Pennsylvania,420696,0,0,1,1,0,1,1,37,COLUMBIA (37),0,NOT APPLICABLE,3,March,15,15,3,Tuesday,2022,8,8:00am-8:59am,3,3,SR-93,NA,3,State Highway,1,Rural,5,Major Collector,1,State Highway Agency,0,This section IS NOT on the NHS,0,No Special Jurisdiction,60,60,41.07016667,41.07016667,-76.34063889,-76.34063889,18,Other Object (not fixed),0,The First Harmful Event was Not a Collision with a Motor Vehicle in Transport,0,No,1,Non-Junction,1,Not an Intersection,5,Outside Trafficway,0,None,1,Daylight,1,Clear,0,No,0000000,Not Applicable,8,8:00am-8:59am,4,4,8,8:00am-8:59am,14,14,9,9:00am-9:59am,9,9,1
42,Pennsylvania,420697,0,0,1,1,0,1,1,123,WARREN (123),0,NOT APPLICABLE,4,April,11,11,2,Monday,2022,15,3:00pm-3:59pm,45,45,SR-2002 HEARTS CONTENT RD,NA,3,State Highway,1,Rural,6,Minor Collector,1,State Highway Agency,0,This section IS NOT on the NHS,0,No Special Jurisdiction,31,31,41.69927778,41.69927778,-79.25180556,-79.25180556,42,Tree (Standing Only),0,The First Harmful Event was Not a Collision with a Motor Vehicle in Transport,0,No,1,Non-Junction,1,Not an Intersection,4,On Roadside,0,None,1,Daylight,1,Clear,0,No,0000000,Not Applicable,88,Not Applicable (Not Notified),88,Not Applicable (Not Notified),88,Not Applicable,88,Not Applicable,88,Not Applicable (Not Transported),88,Not Applicable (Not Transported),1
42,Pennsylvania,420698,0,0,1,1,0,1,1,129,WESTMORELAND (129),0,NOT APPLICABLE,10,October,6,6,5,Thursday,2022,2,2:00am-2:59am,49,49,SR-217 MILLWOOD ST,NA,3,State Highway,2,Urban,4,Minor Arterial,1,State Highway Agency,0,This section IS NOT on the NHS,0,No Special Jurisdiction,97,97,40.40050278,40.40050278,-79.26410833,-79.26410833,24,Guardrail Face,0,The First Harmful Event was Not a Collision with a Motor Vehicle in Transport,0,No,1,Non-Junction,1,Not an Intersection,4,On Roadside,0,None,2,Dark - Not Lighted,1,Clear,0,No,0000000,Not Applicable,99,Unknown,99,Unknown,99,Unknown EMS Scene Arrival Hour,99,Unknown EMS Scene Arrival Minutes,88,Not Applicable (Not Transported),88,Not Applicable (Not Transported),1
42,Pennsylvania,420699,0,0,2,2,0,2,2,39,CRAWFORD (39),0,NOT APPLICABLE,10,October,6,6,5,Thursday,2022,19,7:00pm-7:59pm,31,31,SR-8 SPRING ST,NA,3,State Highway,1,Rural,4,Minor Arterial,1,State Highway Agency,0,This section IS NOT on the NHS,0,No Special Jurisdiction,117,117,41.75340556,41.75340556,-79.77328333,-79.77328333,12,Motor Vehicle In-Transport,2,Front-to-Front,0,No,1,Non-Junction,1,Not an Intersection,1,On Roadway,0,None,2,Dark - Not Lighted,1,Clear,0,No,0000000,Not Applicable,99,Unknown,99,Unknown,99,Unknown EMS Scene Arrival Hour,99,Unknown EMS Scene Arrival Minutes,99,Unknown,99,Unknown EMS Hospital Arrival Time,1
42,Pennsylvania,420700,0,0,1,1,0,1,1,25,CARBON (25),0,NOT APPLICABLE,4,April,23,23,7,Saturday,2022,2,2:00am-2:59am,41,41,I-80 KEYSTONE SHORTWAY RD,NA,1,Interstate,1,Rural,1,Interstate,1,State Highway Agency,1,This section IS ON the NHS,0,No Special Jurisdiction,2770,2770,41.072,41.072,-75.68233333,-75.68233333,42,Tree (Standing Only),0,The First Harmful Event was Not a Collision with a Motor Vehicle in Transport,0,No,1,Non-Junction,1,Not an Intersection,4,On Roadside,0,None,2,Dark - Not Lighted,1,Clear,0,No,0000000,Not Applicable,99,Unknown,99,Unknown,99,Unknown EMS Scene Arrival Hour,99,Unknown EMS Scene Arrival Minutes,88,Not Applicable (Not Transported),88,Not Applicable (Not Transported),1
42,Pennsylvania,420701,0,0,1,1,0,1,1,51,FAYETTE (51),0,NOT APPLICABLE,10,October,7,7,6,Friday,2022,15,3:00pm-3:59pm,38,38,SR-2003 WHARTON FURNACE RD,NA,3,State Highway,1,Rural,5,Major Collector,1,State Highway Agency,0,This section IS NOT on the NHS,0,No Special Jurisdiction,50,50,39.83056111,39.83056111,-79.64436944,-79.64436944,35,Embankment,0,The First Harmful Event was Not a Collision with a Motor Vehicle in Transport,0,No,1,Non-Junction,1,Not an Intersection,4,On Roadside,0,None,1,Daylight,1,Clear,0,No,0000000,Not Applicable,99,Unknown,99,Unknown,99,Unknown EMS Scene Arrival Hour,99,Unknown EMS Scene Arrival Minutes,99,Unknown,99,Unknown EMS Hospital Arrival Time,1
42,Pennsylvania,420702,0,0,5,5,0,10,10,43,DAUPHIN (43),0,NOT APPLICABLE,8,August,16,16,3,Tuesday,2022,13,1:00pm-1:59pm,17,17,SR-3020 UNION DEPOSIT RD,BRIARSDALE RD,3,State Highway,2,Urban,3,Principal Arterial - Other,1,State Highway Agency,1,This section IS ON the NHS,0,No Special Jurisdiction,18,18,40.27828056,40.27828056,-76.82451111,-76.82451111,12,Motor Vehicle In-Transport,1,Front-to-Rear,0,No,3,Intersection-Related,2,Four-Way Intersection,1,On Roadway,0,None,1,Daylight,1,Clear,0,No,0000000,Not Applicable,13,1:00pm-1:59pm,22,22,13,1:00pm-1:59pm,25,25,13,1:00pm-1:59pm,53,53,1
42,Pennsylvania,420703,0,0,2,2,0,4,4,9,BEDFORD (9),0,NOT APPLICABLE,2,February,26,26,7,Saturday,2022,19,7:00pm-7:59pm,3,3,US-220 BEDFORD VALLEY RD,NA,2,US Highway,1,Rural,3,Principal Arterial - Other,99,Unknown,1,This section IS ON the NHS,0,No Special Jurisdiction,215,215,39.99306111,39.99306111,-78.53066944,-78.53066944,12,Motor Vehicle In-Transport,2,Front-to-Front,0,No,1,Non-Junction,1,Not an Intersection,1,On Roadway,0,None,2,Dark - Not Lighted,1,Clear,0,No,0000000,Not Applicable,99,Unknown,99,Unknown,99,Unknown EMS Scene Arrival Hour,99,Unknown EMS Scene Arrival Minutes,99,Unknown,99,Unknown EMS Hospital Arrival Time,1
42,Pennsylvania,420704,1,1,3,3,0,11,11,101,PHILADELPHIA (101),6540,PHILADELPHIA,11,November,26,26,7,Saturday,2022,21,9:00pm-9:59pm,22,22,SR-1005 CASTOR AVE,SR-2009 ARAMINGO AVE,3,State Highway,2,Urban,3,Principal Arterial - Other,1,State Highway Agency,1,This section IS ON the NHS,0,No Special Jurisdiction,10,10,39.99463056,39.99463056,-75.09453056,-75.09453056,12,Motor Vehicle In-Transport,2,Front-to-Front,0,No,3,Intersection-Related,2,Four-Way Intersection,1,On Roadway,0,None,3,Dark - Lighted,1,Clear,0,No,0000000,Not Applicable,21,9:00pm-9:59pm,36,36,21,9:00pm-9:59pm,40,40,21,9:00pm-9:59pm,57,57,1
42,Pennsylvania,420705,0,0,1,1,0,1,1,129,WESTMORELAND (129),0,NOT APPLICABLE,10,October,10,10,2,Monday,2022,21,9:00pm-9:59pm,18,18,SR-139 COLLEGE AVE,NA,3,State Highway,2,Urban,3,Principal Arterial - Other,1,State Highway Agency,1,This section IS ON the NHS,0,No Special Jurisdiction,118,118,40.32655278,40.32655278,-79.58624722,-79.58624722,1,Rollover/Overturn,0,The First Harmful Event was Not a Collision with a Motor Vehicle in Transport,0,No,1,Non-Junction,1,Not an Intersection,1,On Roadway,0,None,2,Dark - Not Lighted,1,Clear,0,No,0000000,Not Applicable,21,9:00pm-9:59pm,19,19,21,9:00pm-9:59pm,23,23,22,10:00pm-10:59pm,3,3,1
42,Pennsylvania,420706,0,0,1,1,0,1,1,11,BERKS (11),0,NOT APPLICABLE,10,October,10,10,2,Monday,2022,21,9:00pm-9:59pm,15,15,US-422 BENJAMIN FRANKLIN HWY,SR-2041 DANIEL BOONE RD,2,US Highway,2,Urban,3,Principal Arterial - Other,99,Unknown,1,This section IS ON the NHS,0,No Special Jurisdiction,265,265,40.28197222,40.28197222,-75.79851111,-75.79851111,31,"Post, Pole or Other Supports",0,The First Harmful Event was Not a Collision with a Motor Vehicle in Transport,0,No,3,Intersection-Related,2,Four-Way Intersection,4,On Roadside,0,None,6,Dark - Unknown Lighting,1,Clear,0,No,0000000,Not Applicable,99,Unknown,99,Unknown,99,Unknown EMS Scene Arrival Hour,99,Unknown EMS Scene Arrival Minutes,88,Not Applicable (Not Transported),88,Not Applicable (Not Transported),1
42,Pennsylvania,420707,0,0,1,1,0,1,1,133,YORK (133),9440,WINDSOR,10,October,13,13,5,Thursday,2022,11,11:00am-11:59am,34,34,SR-2031 PENN ST,NA,3,State Highway,2,Urban,5,Major Collector,1,State Highway Agency,0,This section IS NOT on the NHS,0,No Special Jurisdiction,11,11,39.91624722,39.91624722,-76.580225,-76.580225,33,Curb,0,The First Harmful Event was Not a Collision with a Motor Vehicle in Transport,0,No,1,Non-Junction,1,Not an Intersection,4,On Roadside,0,None,1,Daylight,2,Rain,0,No,0000000,Not Applicable,11,11:00am-11:59am,33,33,11,11:00am-11:59am,48,48,88,Not Applicable (Not Transported),88,Not Applicable (Not Transported),1
42,Pennsylvania,420708,1,1,1,1,0,2,2,91,MONTGOMERY (91),0,NOT APPLICABLE,10,October,13,13,5,Thursday,2022,6,6:00am-6:59am,43,43,SR-309 CHELTENHAM AVE,PENROSE AVE,3,State Highway,2,Urban,3,Principal Arterial - Other,1,State Highway Agency,1,This section IS ON the NHS,0,No Special Jurisdiction,7,7,40.06766944,40.06766944,-75.14683611,-75.14683611,8,Pedestrian,0,The First Harmful Event was Not a Collision with a Motor Vehicle in Transport,0,No,3,Intersection-Related,2,Four-Way Intersection,1,On Roadway,0,None,4,Dawn,10,Cloudy,0,No,0000000,Not Applicable,6,6:00am-6:59am,45,45,6,6:00am-6:59am,50,50,7,7:00am-7:59am,16,16,1
42,Pennsylvania,420709,0,0,1,1,0,1,1,49,ERIE (49),2640,ERIE,10,October,8,8,7,Saturday,2022,2,2:00am-2:59am,7,7,SR-4016 THIRTYEIGHTH ST,NA,3,State Highway,2,Urban,3,Principal Arterial - Other,1,State Highway Agency,1,This section IS ON the NHS,0,No Special Jurisdiction,89,89,42.10374444,42.10374444,-80.06304444,-80.06304444,30,Utility Pole/Light Support,0,The First Harmful Event was Not a Collision with a Motor Vehicle in Transport,0,No,1,Non-Junction,1,Not an Intersection,4,On Roadside,0,None,3,Dark - Lighted,1,Clear,0,No,0000000,Not Applicable,2,2:00am-2:59am,8,8,2,2:00am-2:59am,12,12,2,2:00am-2:59am,31,31,1
42,Pennsylvania,420710,0,0,1,1,0,1,1,7,BEAVER (7),0,NOT APPLICABLE,10,October,8,8,7,Saturday,2022,20,8:00pm-8:59pm,16,16,SR-3002 OLD BRODHEAD RD,NA,3,State Highway,2,Urban,4,Minor Arterial,1,State Highway Agency,0,This section IS NOT on the NHS,0,No Special Jurisdiction,11,11,40.67630556,40.67630556,-80.29402778,-80.29402778,1,Rollover/Overturn,0,The First Harmful Event was Not a Collision with a Motor Vehicle in Transport,0,No,1,Non-Junction,1,Not an Intersection,1,On Roadway,0,None,3,Dark - Lighted,1,Clear,0,No,0000000,Not Applicable,99,Unknown,99,Unknown,99,Unknown EMS Scene Arrival Hour,99,Unknown EMS Scene Arrival Minutes,88,Not Applicable (Not Transported),88,Not Applicable (Not Transported),1
42,Pennsylvania,420711,0,0,2,2,0,3,3,33,CLEARFIELD (33),0,NOT APPLICABLE,10,October,8,8,7,Saturday,2022,8,8:00am-8:59am,9,9,SR-53 PHILIPSBURG AREA HWY,NA,3,State Highway,1,Rural,4,Minor Arterial,1,State Highway Agency,0,This section IS NOT on the NHS,0,No Special Jurisdiction,286,286,40.92646111,40.92646111,-78.21943056,-78.21943056,12,Motor Vehicle In-Transport,6,Angle,0,No,8,Driveway Access Related,1,Not an Intersection,1,On Roadway,0,None,1,Daylight,1,Clear,0,No,0000000,Not Applicable,99,Unknown,99,Unknown,99,Unknown EMS Scene Arrival Hour,99,Unknown EMS Scene Arrival Minutes,99,Unknown,99,Unknown EMS Hospital Arrival Time,1
42,Pennsylvania,420712,0,0,1,1,0,1,1,123,WARREN (123),0,NOT APPLICABLE,4,April,25,25,2,Monday,2022,12,12:00pm-12:59pm,10,10,SR-59 KINZUA RD,NA,3,State Highway,1,Rural,4,Minor Arterial,1,State Highway Agency,0,This section IS NOT on the NHS,0,No Special Jurisdiction,78,78,41.84378611,41.84378611,-78.98806667,-78.98806667,24,Guardrail Face,0,The First Harmful Event was Not a Collision with a Motor Vehicle in Transport,0,No,1,Non-Junction,1,Not an Intersection,4,On Roadside,0,None,1,Daylight,1,Clear,0,No,0000000,Not Applicable,99,Unknown,99,Unknown,99,Unknown EMS Scene Arrival Hour,99,Unknown EMS Scene Arrival Minutes,88,Not Applicable (Not Transported),88,Not Applicable (Not Transported),1
42,Pennsylvania,420713,0,0,1,1,0,3,3,21,CAMBRIA (21),0,NOT APPLICABLE,10,October,9,9,1,Sunday,2022,13,1:00pm-1:59pm,34,34,SR-865 SKYLINE DR,NA,3,State Highway,1,Rural,7,Local,1,State Highway Agency,0,This section IS NOT on the NHS,0,No Special Jurisdiction,65,65,40.71844444,40.71844444,-78.46055556,-78.46055556,1,Rollover/Overturn,0,The First Harmful Event was Not a Collision with a Motor Vehicle in Transport,0,No,1,Non-Junction,1,Not an Intersection,2,On Shoulder,0,None,1,Daylight,1,Clear,0,No,0000000,Not Applicable,99,Unknown,99,Unknown,99,Unknown EMS Scene Arrival Hour,99,Unknown EMS Scene Arrival Minutes,99,Unknown,99,Unknown EMS Hospital Arrival Time,1
42,Pennsylvania,420714,0,0,1,1,0,1,1,39,CRAWFORD (39),0,NOT APPLICABLE,10,October,19,19,4,Wednesday,2022,8,8:00am-8:59am,13,13,SR-77,SR-89 CHURCH RUN ST,3,State Highway,1,Rural,4,Minor Arterial,1,State Highway Agency,0,This section IS NOT on the NHS,0,No Special Jurisdiction,269,269,41.82415278,41.82415278,-79.69799167,-79.69799167,59,Traffic Sign Support,0,The First Harmful Event was Not a Collision with a Motor Vehicle in Transport,0,No,3,Intersection-Related,3,T-Intersection,4,On Roadside,0,None,4,Dawn,4,Snow,0,No,0000000,Not Applicable,99,Unknown,99,Unknown,99,Unknown EMS Scene Arrival Hour,99,Unknown EMS Scene Arrival Minutes,88,Not Applicable (Not Transported),88,Not Applicable (Not Transported),1
42,Pennsylvania,420715,0,0,2,2,0,3,3,17,BUCKS (17),0,NOT APPLICABLE,4,April,22,22,6,Friday,2022,17,5:00pm-5:59pm,4,4,SR-309,RESERVOIR RD,3,State Highway,2,Urban,3,Principal Arterial - Other,1,State Highway Agency,0,This section IS NOT on the NHS,0,No Special Jurisdiction,145,145,40.46476944,40.46476944,-75.36955556,-75.36955556,12,Motor Vehicle In-Transport,6,Angle,0,No,2,Intersection,2,Four-Way Intersection,1,On Roadway,0,None,1,Daylight,1,Clear,0,No,0000000,Not Applicable,17,5:00pm-5:59pm,5,5,17,5:00pm-5:59pm,6,6,17,5:00pm-5:59pm,23,23,1
42,Pennsylvania,420716,0,2,2,1,1,3,1,3,ALLEGHENY (3),6600,PITTSBURGH,10,October,7,7,6,Friday,2022,3,3:00am-3:59am,12,12,I-376 PENN LINCOLN PKWY,NA,1,Interstate,2,Urban,1,Interstate,1,State Highway Agency,1,This section IS ON the NHS,0,No Special Jurisdiction,721,721,40.43589167,40.43589167,-79.97073333,-79.97073333,45,Working Motor Vehicle,0,The First Harmful Event was Not a Collision with a Motor Vehicle in Transport,1,Yes,18,Through Roadway,1,Not an Intersection,1,On Roadway,2,Maintenance,3,Dark - Lighted,1,Clear,0,No,0000000,Not Applicable,99,Unknown,99,Unknown,99,Unknown EMS Scene Arrival Hour,99,Unknown EMS Scene Arrival Minutes,99,Unknown,99,Unknown EMS Hospital Arrival Time,1
42,Pennsylvania,420717,0,0,1,1,0,2,2,69,LACKAWANNA (69),4980,MAYFIELD,10,October,9,9,1,Sunday,2022,1,1:00am-1:59am,59,59,SR-107 RUSHBROOK ST,NA,3,State Highway,1,Rural,5,Major Collector,1,State Highway Agency,0,This section IS NOT on the NHS,0,No Special Jurisdiction,129,129,41.53985278,41.53985278,-75.55636667,-75.55636667,30,Utility Pole/Light Support,0,The First Harmful Event was Not a Collision with a Motor Vehicle in Transport,0,No,1,Non-Junction,1,Not an Intersection,4,On Roadside,0,None,2,Dark - Not Lighted,1,Clear,0,No,0000000,Not Applicable,2,2:00am-2:59am,4,4,2,2:00am-2:59am,5,5,2,2:00am-2:59am,9,9,1
42,Pennsylvania,420718,0,0,2,2,0,6,6,9,BEDFORD (9),0,NOT APPLICABLE,4,April,30,30,7,Saturday,2022,11,11:00am-11:59am,28,28,SR-1009 PLANK RD,NA,3,State Highway,1,Rural,5,Major Collector,1,State Highway Agency,0,This section IS NOT on the NHS,0,No Special Jurisdiction,31,31,40.09039722,40.09039722,-78.32775,-78.32775,12,Motor Vehicle In-Transport,6,Angle,0,No,8,Driveway Access Related,1,Not an Intersection,1,On Roadway,0,None,1,Daylight,1,Clear,0,No,0000000,Not Applicable,88,Not Applicable (Not Notified),88,Not Applicable (Not Notified),88,Not Applicable,88,Not Applicable,88,Not Applicable (Not Transported),88,Not Applicable (Not Transported),1
42,Pennsylvania,420719,1,1,1,1,0,1,1,63,INDIANA (63),0,NOT APPLICABLE,10,October,10,10,2,Monday,2022,17,5:00pm-5:59pm,59,59,US-119,NA,2,US Highway,1,Rural,3,Principal Arterial - Other,99,Unknown,1,This section IS ON the NHS,0,No Special Jurisdiction,339,339,40.85957222,40.85957222,-79.02203611,-79.02203611,8,Pedestrian,0,The First Harmful Event was Not a Collision with a Motor Vehicle in Transport,0,No,1,Non-Junction,1,Not an Intersection,1,On Roadway,0,None,1,Daylight,1,Clear,0,No,0000000,Not Applicable,99,Unknown,99,Unknown,99,Unknown EMS Scene Arrival Hour,99,Unknown EMS Scene Arrival Minutes,99,Unknown,99,Unknown EMS Hospital Arrival Time,1
42,Pennsylvania,420720,1,1,1,1,0,1,1,101,PHILADELPHIA (101),6540,PHILADELPHIA,10,October,14,14,6,Friday,2022,19,7:00pm-7:59pm,54,54,SR-1001 VERREE RD,NA,3,State Highway,2,Urban,4,Minor Arterial,1,State Highway Agency,0,This section IS NOT on the NHS,0,No Special Jurisdiction,39,39,40.07258889,40.07258889,-75.07625556,-75.07625556,8,Pedestrian,0,The First Harmful Event was Not a Collision with a Motor Vehicle in Transport,0,No,1,Non-Junction,1,Not an Intersection,1,On Roadway,0,None,3,Dark - Lighted,1,Clear,0,No,0000000,Not Applicable,19,7:00pm-7:59pm,59,59,20,8:00pm-8:59pm,1,1,88,Not Applicable (Not Transported),88,Not Applicable (Not Transported),1
42,Pennsylvania,420721,0,0,2,2,0,2,2,67,JUNIATA (67),0,NOT APPLICABLE,5,May,5,5,5,Thursday,2022,16,4:00pm-4:59pm,27,27,SR-3002 MAIN ST,NA,3,State Highway,1,Rural,5,Major Collector,1,State Highway Agency,0,This section IS NOT on the NHS,0,No Special Jurisdiction,67,67,40.53818056,40.53818056,-77.33129722,-77.33129722,12,Motor Vehicle In-Transport,2,Front-to-Front,0,No,1,Non-Junction,1,Not an Intersection,1,On Roadway,0,None,1,Daylight,1,Clear,0,No,0000000,Not Applicable,16,4:00pm-4:59pm,26,26,16,4:00pm-4:59pm,35,35,88,Not Applicable (Not Transported),88,Not Applicable (Not Transported),1
42,Pennsylvania,420722,1,1,1,1,0,1,1,91,MONTGOMERY (91),0,NOT APPLICABLE,10,October,15,15,7,Saturday,2022,19,7:00pm-7:59pm,31,31,SR-2013 PHILMONT AVE,HILLSIDE AVE,3,State Highway,2,Urban,3,Principal Arterial - Other,1,State Highway Agency,1,This section IS ON the NHS,0,No Special Jurisdiction,21,21,40.12823056,40.12823056,-75.02801111,-75.02801111,8,Pedestrian,0,The First Harmful Event was Not a Collision with a Motor Vehicle in Transport,0,No,2,Intersection,3,T-Intersection,1,On Roadway,0,None,3,Dark - Lighted,1,Clear,0,No,0000000,Not Applicable,99,Unknown,99,Unknown,99,Unknown EMS Scene Arrival Hour,99,Unknown EMS Scene Arrival Minutes,88,Not Applicable (Not Transported),88,Not Applicable (Not Transported),1
42,Pennsylvania,420723,0,0,2,2,0,3,3,75,LEBANON (75),0,NOT APPLICABLE,5,May,7,7,7,Saturday,2022,12,12:00pm-12:59pm,16,16,I-81 AMERICAN LEGION MEM HW,NA,1,Interstate,1,Rural,1,Interstate,1,State Highway Agency,1,This section IS ON the NHS,0,No Special Jurisdiction,881,881,40.42592222,40.42592222,-76.52128611,-76.52128611,12,Motor Vehicle In-Transport,7,Sideswipe - Same Direction,0,No,1,Non-Junction,1,Not an Intersection,1,On Roadway,0,None,1,Daylight,2,Rain,0,No,0000000,Not Applicable,12,12:00pm-12:59pm,17,17,12,12:00pm-12:59pm,27,27,13,1:00pm-1:59pm,43,43,1
42,Pennsylvania,420724,1,1,1,1,0,1,1,101,PHILADELPHIA (101),6540,PHILADELPHIA,10,October,17,17,2,Monday,2022,19,7:00pm-7:59pm,36,36,SR-2007 FRANKFORD AVE,NA,3,State Highway,2,Urban,3,Principal Arterial - Other,1,State Highway Agency,1,This section IS ON the NHS,0,No Special Jurisdiction,62,62,40.02771389,40.02771389,-75.06116667,-75.06116667,8,Pedestrian,0,The First Harmful Event was Not a Collision with a Motor Vehicle in Transport,0,No,1,Non-Junction,1,Not an Intersection,1,On Roadway,0,None,3,Dark - Lighted,2,Rain,0,No,0000000,Not Applicable,19,7:00pm-7:59pm,30,30,19,7:00pm-7:59pm,30,30,19,7:00pm-7:59pm,57,57,1
42,Pennsylvania,420725,0,0,2,2,0,2,2,11,BERKS (11),0,NOT APPLICABLE,10,October,18,18,3,Tuesday,2022,10,10:00am-10:59am,21,21,US-422 BENJAMIN FRANKLIN HWY,SR-2077 RIVER BRIDGE RD,2,US Highway,2,Urban,3,Principal Arterial - Other,99,Unknown,1,This section IS ON the NHS,0,No Special Jurisdiction,310,310,40.25529444,40.25529444,-75.72406389,-75.72406389,12,Motor Vehicle In-Transport,6,Angle,0,No,2,Intersection,2,Four-Way Intersection,1,On Roadway,0,None,1,Daylight,1,Clear,0,No,0000000,Not Applicable,99,Unknown,99,Unknown,99,Unknown EMS Scene Arrival Hour,99,Unknown EMS Scene Arrival Minutes,88,Not Applicable (Not Transported),88,Not Applicable (Not Transported),1
42,Pennsylvania,420726,0,0,2,2,0,2,2,79,LUZERNE (79),0,NOT APPLICABLE,10,October,18,18,3,Tuesday,2022,11,11:00am-11:59am,54,54,SR-2035 BEAR CREEK RD,NA,3,State Highway,2,Urban,5,Major Collector,1,State Highway Agency,0,This section IS NOT on the NHS,0,No Special Jurisdiction,89,89,41.30430833,41.30430833,-75.72551111,-75.72551111,12,Motor Vehicle In-Transport,2,Front-to-Front,0,No,1,Non-Junction,1,Not an Intersection,1,On Roadway,0,None,1,Daylight,1,Clear,0,No,0000000,Not Applicable,11,11:00am-11:59am,53,53,12,12:00pm-12:59pm,3,3,14,2:00pm-2:59pm,47,47,1
42,Pennsylvania,420727,0,0,1,1,0,1,1,9,BEDFORD (9),0,NOT APPLICABLE,5,May,19,19,5,Thursday,2022,15,3:00pm-3:59pm,8,8,SR-56 QUAKER VALLEY RD,NA,3,State Highway,1,Rural,3,Principal Arterial - Other,1,State Highway Agency,1,This section IS ON the NHS,0,No Special Jurisdiction,129,129,40.10552778,40.10552778,-78.55141667,-78.55141667,31,"Post, Pole or Other Supports",0,The First Harmful Event was Not a Collision with a Motor Vehicle in Transport,0,No,1,Non-Junction,1,Not an Intersection,4,On Roadside,0,None,1,Daylight,1,Clear,0,No,0000000,Not Applicable,99,Unknown,99,Unknown,99,Unknown EMS Scene Arrival Hour,99,Unknown EMS Scene Arrival Minutes,88,Not Applicable (Not Transported),88,Not Applicable (Not Transported),1
42,Pennsylvania,420728,0,0,1,1,0,1,1,55,FRANKLIN (55),0,NOT APPLICABLE,10,October,18,18,3,Tuesday,2022,20,8:00pm-8:59pm,53,53,SR-456 LITTLE COVE RD,NA,3,State Highway,1,Rural,5,Major Collector,1,State Highway Agency,0,This section IS NOT on the NHS,0,No Special Jurisdiction,113,113,39.85538611,39.85538611,-77.96781111,-77.96781111,53,Mail Box,0,The First Harmful Event was Not a Collision with a Motor Vehicle in Transport,0,No,1,Non-Junction,1,Not an Intersection,4,On Roadside,0,None,2,Dark - Not Lighted,1,Clear,0,No,0000000,Not Applicable,20,8:00pm-8:59pm,51,51,21,9:00pm-9:59pm,1,1,88,Not Applicable (Not Transported),88,Not Applicable (Not Transported),1
42,Pennsylvania,420729,0,0,1,1,0,1,1,97,NORTHUMBERLAND (97),0,NOT APPLICABLE,5,May,21,21,7,Saturday,2022,18,6:00pm-6:59pm,26,26,MOUNT ZION RD,NA,6,Local Street - Municipality,1,Rural,7,Local,3,Town or Township Highway Agency,0,This section IS NOT on the NHS,0,No Special Jurisdiction,0,None,40.98497222,40.98497222,-76.83075,-76.83075,34,Ditch,0,The First Harmful Event was Not a Collision with a Motor Vehicle in Transport,0,No,1,Non-Junction,1,Not an Intersection,4,On Roadside,0,None,1,Daylight,1,Clear,0,No,0000000,Not Applicable,18,6:00pm-6:59pm,26,26,18,6:00pm-6:59pm,33,33,19,7:00pm-7:59pm,0,0,1
42,Pennsylvania,420730,0,0,1,1,0,1,1,87,MIFFLIN (87),0,NOT APPLICABLE,10,October,23,23,1,Sunday,2022,15,3:00pm-3:59pm,23,23,SR-1002 NEW LANCASTER VALLE RD,NA,3,State Highway,1,Rural,6,Minor Collector,1,State Highway Agency,0,This section IS NOT on the NHS,0,No Special Jurisdiction,146,146,40.763275,40.763275,-77.37896944,-77.37896944,42,Tree (Standing Only),0,The First Harmful Event was Not a Collision with a Motor Vehicle in Transport,0,No,1,Non-Junction,1,Not an Intersection,4,On Roadside,0,None,1,Daylight,1,Clear,0,No,0000000,Not Applicable,15,3:00pm-3:59pm,22,22,15,3:00pm-3:59pm,41,41,88,Not Applicable (Not Transported),88,Not Applicable (Not Transported),1