STATE,STATENAME,ST_CASE,PEDS,PERNOTMVIT,VE_TOTAL,VE_FORMS,PVH_INVL,PERSONS,PERMVIT,COUNTY,COUNTYNAME,CITY,CITYNAME,MONTH,MONTHNAME,DAY,DAYNAME,DAY_WEEK,DAY_WEEKNAME,YEAR,HOUR,HOURNAME,MINUTE,MINUTENAME,TWAY_ID,TWAY_ID2,ROUTE,ROUTENAME,RUR_URB,RUR_URBNAME,FUNC_SYS,FUNC_SYSNAME,RD_OWNER,RD_OWNERNAME,NHS,NHSNAME,SP_JUR,SP_JURNAME,MILEPT,MILEPTNAME,LATITUDE,LATITUDENAME,LONGITUD,LONGITUDNAME,HARM_EV,HARM_EVNAME,MAN_COLL,MAN_COLLNAME,RELJCT1,RELJCT1NAME,RELJCT2,RELJCT2NAME,TYP_INT,TYP_INTNAME,REL_ROAD,REL_ROADNAME,WRK_ZONE,WRK_ZONENAME,LGT_COND,LGT_CONDNAME,WEATHER,WEATHERNAME,SCH_BUS,SCH_BUSNAME,RAIL,RAILNAME,NOT_HOUR,NOT_HOURNAME,NOT_MIN,NOT_MINNAME,ARR_HOUR,ARR_HOURNAME,ARR_MIN,ARR_MINNAME,HOSP_HR,HOSP_HRNAME,HOSP_MN,HOSP_MNNAME,FATALS
42,Pennsylvania,420768,0,0,2,2,0,2,2,107,SCHUYLKILL (107),0,NOT APPLICABLE,10,October,27,27,5,Thursday,2022,16,4:00pm-4:59pm,31,31,SR-4002 VALLEY RD,NA,3,State Highway,1,Rural,5,Major Collector,1,State Highway Agency,0,This section IS NOT on the NHS,0,No Special Jurisdiction,62,62,40.70201389,40.70201389,-76.25351389,-76.25351389,1,Rollover/Overturn,0,The First Harmful Event was Not a Collision with a Motor Vehicle in Transport,0,No,8,Driveway Access Related,1,Not an Intersection,1,On Roadway,0,None,1,Daylight,1,Clear,0,No,0000000,Not Applicable,99,Unknown,99,Unknown,99,Unknown EMS Scene Arrival Hour,99,Unknown EMS Scene Arrival Minutes,88,Not Applicable (Not Transported),88,Not Applicable (Not Transported),1
42,Pennsylvania,420769,0,0,2,2,0,2,2,125,WASHINGTON (125),0,NOT APPLICABLE,10,October,30,30,1,Sunday,2022,18,6:00pm-6:59pm,38,38,SR-88 FINLEYVILLE RD,NA,3,State Highway,1,Rural,3,Principal Arterial - Other,1,State Highway Agency,1,This section IS ON the NHS,0,No Special Jurisdiction,304,304,40.22791389,40.22791389,-79.994280560000007,-79.994280560000007,12,Motor Vehicle In-Transport,2,Front-to-Front,0,No,1,Non-Junction,1,Not an Intersection,1,On Roadway,0,None,3,Dark - Lighted,1,Clear,0,No,0000000,Not Applicable,18,6:00pm-6:59pm,39,39,18,6:00pm-6:59pm,48,48,88,Not Applicable (Not Transported),88,Not Applicable (Not Transported),1
42,Pennsylvania,420770,0,0,2,2,0,3,3,77,LEHIGH (77),0,NOT APPLICABLE,7,July,31,31,1,Sunday,2022,18,6:00pm-6:59pm,53,53,SR-145 MACARTHUR RD,SR-1012 MECHANICSVILLE RD,3,State Highway,2,Urban,3,Principal Arterial - Other,1,State Highway Agency,1,This section IS ON the NHS,0,No Special Jurisdiction,75,75,40.65117778,40.65117778,-75.50119167,-75.50119167,12,Motor Vehicle In-Transport,6,Angle,0,No,2,Intersection,2,Four-Way Intersection,1,On Roadway,0,None,1,Daylight,10,Cloudy,0,No,0000000,Not Applicable,99,Unknown,99,Unknown,99,Unknown EMS Scene Arrival Hour,99,Unknown EMS Scene Arrival Minutes,99,Unknown,99,Unknown EMS Hospital Arrival Time,2
42,Pennsylvania,420771,0,0,3,2,1,4,4,69,LACKAWANNA (69),7460,SCRANTON,9,September,8,8,5,Thursday,2022,5,5:00am-5:59am,49,49,SR-6011 HARRISON AVE,VINE ST,3,State Highway,2,Urban,3,Principal Arterial - Other,1,State Highway Agency,1,This section IS ON the NHS,0,No Special Jurisdiction,4,4,41.40365833,41.40365833,-75.64736111,-75.64736111,12,Motor Vehicle In-Transport,6,Angle,0,No,2,Intersection,2,Four-Way Intersection,1,On Roadway,0,None,3,Dark - Lighted,1,Clear,0,No,0000000,Not Applicable,99,Unknown,99,Unknown,99,Unknown EMS Scene Arrival Hour,99,Unknown EMS Scene Arrival Minutes,99,Unknown,99,Unknown EMS Hospital Arrival Time,1
42,Pennsylvania,420772,0,0,3,3,0,4,4,21,CAMBRIA (21),0,NOT APPLICABLE,7,July,19,19,3,Tuesday,2022,19,7:00pm-7:59pm,35,35,SR-3016 SCALP AVE,GOULD AVE,3,State Highway,2,Urban,3,Principal Arterial - Other,1,State Highway Agency,1,This section IS ON the NHS,0,No Special Jurisdiction,44,44,40.28353611,40.28353611,-78.86410278,-78.86410278,12,Motor Vehicle In-Transport,6,Angle,0,No,2,Intersection,3,T-Intersection,1,On Roadway,0,None,1,Daylight,1,Clear,0,No,0000000,Not Applicable,99,Unknown,99,Unknown,99,Unknown EMS Scene Arrival Hour,99,Unknown EMS Scene Arrival Minutes,99,Unknown,99,Unknown EMS Hospital Arrival Time,1
42,Pennsylvania,420773,0,0,3,3,0,3,3,89,MONROE (89),0,NOT APPLICABLE,7,July,20,20,4,Wednesday,2022,18,6:00pm-6:59pm,39,39,SR-191 FIFTH ST,OAKWOOD AVE,3,State Highway,2,Urban,4,Minor Arterial,1,State Highway Agency,0,This section IS NOT on the NHS,0,No Special Jurisdiction,56,56,41.00247222,41.00247222,-75.19889722,-75.19889722,12,Motor Vehicle In-Transport,1,Front-to-Rear,0,No,2,Intersection,3,T-Intersection,1,On Roadway,0,None,1,Daylight,1,Clear,0,No,0000000,Not Applicable,99,Unknown,99,Unknown,99,Unknown EMS Scene Arrival Hour,99,Unknown EMS Scene Arrival Minutes,99,Unknown,99,Unknown EMS Hospital Arrival Time,1
42,Pennsylvania,420774,0,0,3,2,1,2,2,95,NORTHAMPTON (95),0,NOT APPLICABLE,9,September,16,16,6,Friday,2022,15,3:00pm-3:59pm,3,3,SR-611 LACKAWANNA TRL,BROWNS DR,3,State Highway,2,Urban,3,Principal Arterial - Other,1,State Highway Agency,1,This section IS ON the NHS,0,No Special Jurisdiction,34,34,40.64715556,40.64715556,-75.2024,-75.2024,12,Motor Vehicle In-Transport,2,Front-to-Front,0,No,2,Intersection,3,T-Intersection,1,On Roadway,0,None,1,Daylight,1,Clear,0,No,0000000,Not Applicable,99,Unknown,99,Unknown,99,Unknown EMS Scene Arrival Hour,99,Unknown EMS Scene Arrival Minutes,88,Not Applicable (Not Transported),88,Not Applicable (Not Transported),1
42,Pennsylvania,420775,1,1,2,1,1,1,1,111,SOMERSET (111),7820,SOMERSET,8,August,4,4,5,Thursday,2022,9,9:00am-9:59am,22,22,SR-281 NEW CENTERVILLE RD,NA,3,State Highway,1,Rural,4,Minor Arterial,1,State Highway Agency,0,This section IS NOT on the NHS,0,No Special Jurisdiction,234,234,40.00507222,40.00507222,-79.09922222,-79.09922222,14,Parked Motor Vehicle,0,The First Harmful Event was Not a Collision with a Motor Vehicle in Transport,0,No,1,Non-Junction,1,Not an Intersection,1,On Roadway,0,None,1,Daylight,1,Clear,0,No,0000000,Not Applicable,99,Unknown,99,Unknown,99,Unknown EMS Scene Arrival Hour,99,Unknown EMS Scene Arrival Minutes,88,Not Applicable (Not Transported),88,Not Applicable (Not Transported),1
42,Pennsylvania,420776,0,0,3,3,0,4,4,17,BUCKS (17),0,NOT APPLICABLE,9,September,23,23,6,Friday,2022,16,4:00pm-4:59pm,35,35,SR-309,HILLTOP RD,3,State Highway,2,Urban,3,Principal Arterial - Other,1,State Highway Agency,1,This section IS ON the NHS,0,No Special Jurisdiction,171,171,40.49947778,40.49947778,-75.38476389,-75.38476389,12,Motor Vehicle In-Transport,6,Angle,0,No,2,Intersection,2,Four-Way Intersection,1,On Roadway,0,None,1,Daylight,1,Clear,0,No,0000000,Not Applicable,16,4:00pm-4:59pm,38,38,16,4:00pm-4:59pm,43,43,17,5:00pm-5:59pm,16,16,2
42,Pennsylvania,420777,0,0,3,3,0,6,6,17,BUCKS (17),8711,UPPER SOUTHAMPTON,9,September,3,3,7,Saturday,2022,14,2:00pm-2:59pm,33,33,SR-132 STREET RD,NA,3,State Highway,2,Urban,3,Principal Arterial - Other,1,State Highway Agency,1,This section IS ON the NHS,0,No Special Jurisdiction,57,57,40.17885278,40.17885278,-75.05143611,-75.05143611,12,Motor Vehicle In-Transport,2,Front-to-Front,0,No,1,Non-Junction,1,Not an Intersection,1,On Roadway,0,None,1,Daylight,1,Clear,0,No,0000000,Not Applicable,14,2:00pm-2:59pm,36,36,14,2:00pm-2:59pm,40,40,15,3:00pm-3:59pm,20,20,1
42,Pennsylvania,420778,0,0,3,3,0,3,3,71,LANCASTER (71),0,NOT APPLICABLE,10,October,10,10,2,Monday,2022,0,0:00am-0:59am,50,50,US-222,SR-741 LONG LN,2,US Highway,2,Urban,3,Principal Arterial - Other,99,Unknown,1,This section IS ON the NHS,0,No Special Jurisdiction,242,242,39.98591944,39.98591944,-76.28369444,-76.28369444,12,Motor Vehicle In-Transport,6,Angle,0,No,2,Intersection,2,Four-Way Intersection,1,On Roadway,0,None,3,Dark - Lighted,1,Clear,0,No,0000000,Not Applicable,0,0:00am-0:59am,53,53,1,1:00am-1:59am,0,0,88,Not Applicable (Not Transported),88,Not Applicable (Not Transported),1
42,Pennsylvania,420779,0,0,4,4,0,4,4,43,DAUPHIN (43),0,NOT APPLICABLE,10,October,13,13,5,Thursday,2022,22,10:00pm-10:59pm,18,18,SR-300 283RD FIELD ARTILLER HW,NA,3,State Highway,2,Urban,2,Principal Arterial - Other Freeways and Expressways,1,State Highway Agency,1,This section IS ON the NHS,0,No Special Jurisdiction,4,4,40.22147222,40.22147222,-76.78441667,-76.78441667,12,Motor Vehicle In-Transport,8,Sideswipe - Opposite Direction,0,No,1,Non-Junction,1,Not an Intersection,1,On Roadway,0,None,3,Dark - Lighted,2,Rain,0,No,0000000,Not Applicable,22,10:00pm-10:59pm,19,19,22,10:00pm-10:59pm,32,32,23,11:00pm-11:59pm,12,12,1
42,Pennsylvania,420780,0,0,3,2,1,2,2,49,ERIE (49),2640,ERIE,10,October,15,15,7,Saturday,2022,8,8:00am-8:59am,42,42,8TH ST,CHESTNUT ST,6,Local Street - Municipality,2,Urban,7,Local,4,City or Municipal Highway Agency,0,This section IS NOT on the NHS,0,No Special Jurisdiction,0,None,42.124375,42.124375,-80.09248056,-80.09248056,12,Motor Vehicle In-Transport,6,Angle,0,No,2,Intersection,2,Four-Way Intersection,1,On Roadway,0,None,1,Daylight,10,Cloudy,0,No,0000000,Not Applicable,99,Unknown,99,Unknown,99,Unknown EMS Scene Arrival Hour,99,Unknown EMS Scene Arrival Minutes,99,Unknown,99,Unknown EMS Hospital Arrival Time,1
42,Pennsylvania,420781,1,1,2,2,0,2,2,17,BUCKS (17),0,NOT APPLICABLE,12,December,2,2,6,Friday,2022,7,7:00am-7:59am,23,23,SR-2025 BRISTOL RD,NA,3,State Highway,2,Urban,4,Minor Arterial,1,State Highway Agency,0,This section IS NOT on the NHS,0,No Special Jurisdiction,179,179,40.13501667,40.13501667,-74.94025,-74.94025,12,Motor Vehicle In-Transport,1,Front-to-Rear,0,No,1,Non-Junction,1,Not an Intersection,1,On Roadway,0,None,1,Daylight,1,Clear,0,No,0000000,Not Applicable,7,7:00am-7:59am,25,25,7,7:00am-7:59am,32,32,8,8:00am-8:59am,0,0,1
42,Pennsylvania,420782,0,0,2,2,0,8,8,25,CARBON (25),0,NOT APPLICABLE,7,July,11,11,2,Monday,2022,0,0:00am-0:59am,47,47,I-80 KEYSTONE SHORTWAY HW,NA,1,Interstate,1,Rural,1,Interstate,1,State Highway Agency,1,This section IS ON the NHS,0,No Special Jurisdiction,2760,2760,41.06005556,41.06005556,-75.71344444,-75.71344444,12,Motor Vehicle In-Transport,1,Front-to-Rear,0,No,1,Non-Junction,1,Not an Intersection,1,On Roadway,0,None,2,Dark - Not Lighted,1,Clear,0,No,0000000,Not Applicable,99,Unknown,99,Unknown,99,Unknown EMS Scene Arrival Hour,99,Unknown EMS Scene Arrival Minutes,99,Unknown,99,Unknown EMS Hospital Arrival Time,3
42,Pennsylvania,420783,2,2,1,1,0,5,5,101,PHILADELPHIA (101),6540,PHILADELPHIA,10,October,26,26,4,Wednesday,2022,10,10:00am-10:59am,3,3,SR-2007 FRANKFORD AVE,SR-2016 ALLEGHENY AVE,3,State Highway,2,Urban,4,Minor Arterial,1,State Highway Agency,0,This section IS NOT on the NHS,0,No Special Jurisdiction,25,25,39.99309722,39.99309722,-75.11020833,-75.11020833,8,Pedestrian,0,The First Harmful Event was Not a Collision with a Motor Vehicle in Transport,0,No,3,Intersection-Related,2,Four-Way Intersection,4,On Roadside,0,None,1,Daylight,98,Not Reported,0,No,0000000,Not Applicable,10,10:00am-10:59am,4,4,10,10:00am-10:59am,11,11,10,10:00am-10:59am,30,30,1
42,Pennsylvania,420784,0,0,2,2,0,5,5,77,LEHIGH (77),660,BETHLEHEM,7,July,17,17,1,Sunday,2022,0,0:00am-0:59am,3,3,SR-1002 UNION BLVD,EATON AVE,3,State Highway,2,Urban,3,Principal Arterial - Other,1,State Highway Agency,1,This section IS ON the NHS,0,No Special Jurisdiction,120,120,40.62746944,40.62746944,-75.416172220000007,-75.416172220000007,12,Motor Vehicle In-Transport,2,Front-to-Front,0,No,2,Intersection,4,Y-Intersection,1,On Roadway,0,None,3,Dark - Lighted,2,Rain,0,No,0000000,Not Applicable,99,Unknown,99,Unknown,99,Unknown EMS Scene Arrival Hour,99,Unknown EMS Scene Arrival Minutes,99,Unknown,99,Unknown EMS Hospital Arrival Time,1
42,Pennsylvania,420785,0,0,3,3,0,3,3,11,BERKS (11),0,NOT APPLICABLE,11,November,6,6,1,Sunday,2022,19,7:00pm-7:59pm,42,42,SR-4011 SHARTLESVILLE RD,LONESOME VALLEY RD,3,State Highway,1,Rural,6,Minor Collector,1,State Highway Agency,0,This section IS NOT on the NHS,0,No Special Jurisdiction,17,17,40.46281667,40.46281667,-76.11780278,-76.11780278,12,Motor Vehicle In-Transport,2,Front-to-Front,0,No,2,Intersection,3,T-Intersection,1,On Roadway,0,None,2,Dark - Not Lighted,1,Clear,0,No,0000000,Not Applicable,99,Unknown,99,Unknown,99,Unknown EMS Scene Arrival Hour,99,Unknown EMS Scene Arrival Minutes,99,Unknown,99,Unknown EMS Hospital Arrival Time,1
42,Pennsylvania,420786,0,0,3,2,1,2,2,13,BLAIR (13),0,NOT APPLICABLE,11,November,2,2,4,Wednesday,2022,12,12:00pm-12:59pm,4,4,SR-36 LOGAN BLVD,CR-CONVENTION CENTER BLVD,3,State Highway,2,Urban,3,Principal Arterial - Other,1,State Highway Agency,1,This section IS ON the NHS,0,No Special Jurisdiction,147,147,40.45779722,40.45779722,-78.39493611,-78.39493611,12,Motor Vehicle In-Transport,11,Other,0,No,2,Intersection,3,T-Intersection,1,On Roadway,0,None,1,Daylight,1,Clear,0,No,0000000,Not Applicable,99,Unknown,99,Unknown,99,Unknown EMS Scene Arrival Hour,99,Unknown EMS Scene Arrival Minutes,99,Unknown,99,Unknown EMS Hospital Arrival Time,1
42,Pennsylvania,420787,0,0,1,1,0,1,1,95,NORTHAMPTON (95),0,NOT APPLICABLE,7,July,19,19,3,Tuesday,2022,5,5:00am-5:59am,36,36,SR-33,NA,3,State Highway,2,Urban,2,Principal Arterial - Other Freeways and Expressways,1,State Highway Agency,1,This section IS ON the NHS,0,No Special Jurisdiction,133,133,40.81616944,40.81616944,-75.29979444,-75.29979444,35,Embankment,0,The First Harmful Event was Not a Collision with a Motor Vehicle in Transport,0,No,1,Non-Junction,1,Not an Intersection,4,On Roadside,0,None,1,Daylight,1,Clear,0,No,0000000,Not Applicable,99,Unknown,99,Unknown,99,Unknown EMS Scene Arrival Hour,99,Unknown EMS Scene Arrival Minutes,88,Not Applicable (Not Transported),88,Not Applicable (Not Transported),1
42,Pennsylvania,420788,0,0,3,3,0,4,4,111,SOMERSET (111),0,NOT APPLICABLE,12,December,2,2,6,Friday,2022,21,9:00pm-9:59pm,15,15,I-70 MAINLINE TPKE,NA,1,Interstate,1,Rural,1,Interstate,31,State Toll Road,1,This section IS ON the NHS,0,No Special Jurisdiction,1001,1001,40.10727778,40.10727778,-79.21860833,-79.21860833,12,Motor Vehicle In-Transport,2,Front-to-Front,0,No,1,Non-Junction,1,Not an Intersection,1,On Roadway,0,None,2,Dark - Not Lighted,1,Clear,0,No,0000000,Not Applicable,99,Unknown,99,Unknown,99,Unknown EMS Scene Arrival Hour,99,Unknown EMS Scene Arrival Minutes,99,Unknown,99,Unknown EMS Hospital Arrival Time,2
42,Pennsylvania,420789,0,0,1,1,0,1,1,21,CAMBRIA (21),1578,JOHNSTOWN,7,July,21,21,5,Thursday,2022,13,1:00pm-1:59pm,34,34,MCCORD AVE,NA,6,Local Street - Municipality,1,Rural,7,Local,3,Town or Township Highway Agency,0,This section IS NOT on the NHS,0,No Special Jurisdiction,0,None,40.335775,40.335775,-78.86775556,-78.86775556,53,Mail Box,0,The First Harmful Event was Not a Collision with a Motor Vehicle in Transport,0,No,1,Non-Junction,1,Not an Intersection,4,On Roadside,0,None,1,Daylight,1,Clear,0,No,0000000,Not Applicable,99,Unknown,99,Unknown,99,Unknown EMS Scene Arrival Hour,99,Unknown EMS Scene Arrival Minutes,99,Unknown,99,Unknown EMS Hospital Arrival Time,1
42,Pennsylvania,420790,0,0,1,1,0,1,1,123,WARREN (123),8850,WARREN,7,July,23,23,7,Saturday,2022,15,3:00pm-3:59pm,44,44,US-6 GRAND ARMY OF THE REP HW,NA,2,US Highway,2,Urban,3,Principal Arterial - Other,99,Unknown,1,This section IS ON the NHS,0,No Special Jurisdiction,275,275,41.8342,41.8342,-79.16965556,-79.16965556,1,Rollover/Overturn,0,The First Harmful Event was Not a Collision with a Motor Vehicle in Transport,0,No,1,Non-Junction,1,Not an Intersection,4,On Roadside,0,None,1,Daylight,1,Clear,0,No,0000000,Not Applicable,15,3:00pm-3:59pm,47,47,99,Unknown EMS Scene Arrival Hour,97,Officially Cancelled,99,Unknown,97,Officially Canceled,1
42,Pennsylvania,420791,0,0,2,2,0,3,3,19,BUTLER (19),0,NOT APPLICABLE,10,October,31,31,2,Monday,2022,6,6:00am-6:59am,16,16,SR-38 ONEIDA VALLEY RD,NA,3,State Highway,1,Rural,4,Minor Arterial,1,State Highway Agency,0,This section IS NOT on the NHS,0,No Special Jurisdiction,25,25,40.907675,40.907675,-79.88528056,-79.88528056,12,Motor Vehicle In-Transport,2,Front-to-Front,0,No,1,Non-Junction,1,Not an Intersection,1,On Roadway,0,None,2,Dark - Not Lighted,2,Rain,0,No,0000000,Not Applicable,7,7:00am-7:59am,5,5,7,7:00am-7:59am,6,6,99,Unknown,99,Unknown EMS Hospital Arrival Time,1
42,Pennsylvania,420792,0,0,7,7,0,13,13,25,CARBON (25),0,NOT APPLICABLE,7,July,29,29,6,Friday,2022,17,5:00pm-5:59pm,32,32,I-476 NORTHEAST EXT,NA,1,Interstate,1,Rural,1,Interstate,31,State Toll Road,1,This section IS ON the NHS,0,No Special Jurisdiction,792,792,40.87932222,40.87932222,-75.65718056,-75.65718056,25,Concrete Traffic Barrier,0,The First Harmful Event was Not a Collision with a Motor Vehicle in Transport,0,No,1,Non-Junction,1,Not an Intersection,3,On Median,0,None,1,Daylight,1,Clear,0,No,0000000,Not Applicable,99,Unknown,99,Unknown,99,Unknown EMS Scene Arrival Hour,99,Unknown EMS Scene Arrival Minutes,99,Unknown,99,Unknown EMS Hospital Arrival Time,1
42,Pennsylvania,420793,0,0,2,2,0,5,5,29,CHESTER (29),0,NOT APPLICABLE,9,September,11,11,1,Sunday,2022,18,6:00pm-6:59pm,46,46,SR-1019 CHARLESTOWN RD,NA,3,State Highway,2,Urban,5,Major Collector,1,State Highway Agency,0,This section IS NOT on the NHS,0,No Special Jurisdiction,22,22,40.10287222,40.10287222,-75.55695278,-75.55695278,12,Motor Vehicle In-Transport,2,Front-to-Front,0,No,1,Non-Junction,1,Not an Intersection,1,On Roadway,0,None,2,Dark - Not Lighted,2,Rain,0,No,0000000,Not Applicable,99,Unknown,99,Unknown,99,Unknown EMS Scene Arrival Hour,99,Unknown EMS Scene Arrival Minutes,99,Unknown,99,Unknown EMS Hospital Arrival Time,1
42,Pennsylvania,420794,0,0,2,2,0,2,2,77,LEHIGH (77),9310,CEMENTON,7,July,20,20,4,Wednesday,2022,17,5:00pm-5:59pm,38,38,SR-1023 CHURCH ST,NA,3,State Highway,2,Urban,5,Major Collector,1,State Highway Agency,0,This section IS NOT on the NHS,0,No Special Jurisdiction,17,17,40.67784722,40.67784722,-75.52640833,-75.52640833,12,Motor Vehicle In-Transport,2,Front-to-Front,0,No,1,Non-Junction,1,Not an Intersection,1,On Roadway,0,None,1,Daylight,1,Clear,0,No,0000000,Not Applicable,99,Unknown,99,Unknown,99,Unknown EMS Scene Arrival Hour,99,Unknown EMS Scene Arrival Minutes,99,Unknown,99,Unknown EMS Hospital Arrival Time,1
42,Pennsylvania,420795,0,0,2,2,0,5,5,43,DAUPHIN (43),3500,HARRISBURG,7,July,21,21,5,Thursday,2022,2,2:00am-2:59am,27,27,SEVENTEENTH ST,REGINA ST,6,Local Street - Municipality,2,Urban,7,Local,4,City or Municipal Highway Agency,0,This section IS NOT on the NHS,0,No Special Jurisdiction,0,None,40.26888889,40.26888889,-76.86553611,-76.86553611,12,Motor Vehicle In-Transport,6,Angle,0,No,2,Intersection,2,Four-Way Intersection,1,On Roadway,0,None,3,Dark - Lighted,1,Clear,0,No,0000000,Not Applicable,2,2:00am-2:59am,28,28,2,2:00am-2:59am,34,34,3,3:00am-3:59am,1,1,1
42,Pennsylvania,420796,0,0,2,2,0,3,3,7,BEAVER (7),0,NOT APPLICABLE,7,July,20,20,4,Wednesday,2022,20,8:00pm-8:59pm,59,59,SR-3007 BRODHEAD RD,NA,3,State Highway,2,Urban,4,Minor Arterial,1,State Highway Agency,0,This section IS NOT on the NHS,0,No Special Jurisdiction,25,25,40.58673611,40.58673611,-80.25955556,-80.25955556,12,Motor Vehicle In-Transport,6,Angle,0,No,8,Driveway Access Related,1,Not an Intersection,1,On Roadway,0,None,5,Dusk,10,Cloudy,0,No,0000000,Not Applicable,99,Unknown,99,Unknown,99,Unknown EMS Scene Arrival Hour,99,Unknown EMS Scene Arrival Minutes,88,Not Applicable (Not Transported),88,Not Applicable (Not Transported),1
42,Pennsylvania,420797,0,0,2,2,0,2,2,45,DELAWARE (45),0,NOT APPLICABLE,7,July,27,27,4,Wednesday,2022,19,7:00pm-7:59pm,33,33,SR-3 WEST CHESTER PK,KENMORE RD,3,State Highway,2,Urban,3,Principal Arterial - Other,1,State Highway Agency,1,This section IS ON the NHS,0,No Special Jurisdiction,104,104,39.96439167,39.96439167,-75.27200556,-75.27200556,12,Motor Vehicle In-Transport,6,Angle,0,No,2,Intersection,3,T-Intersection,1,On Roadway,0,None,1,Daylight,1,Clear,0,No,0000000,Not Applicable,19,7:00pm-7:59pm,35,35,19,7:00pm-7:59pm,41,41,19,7:00pm-7:59pm,51,51,1
42,Pennsylvania,420798,1,1,1,1,0,1,1,101,PHILADELPHIA (101),6540,PHILADELPHIA,11,November,1,1,3,Tuesday,2022,23,11:00pm-11:59pm,32,32,SR-611 BROAD ST,SUSQUEHANNA AVE,3,State Highway,2,Urban,3,Principal Arterial - Other,1,State Highway Agency,1,This section IS ON the NHS,0,No Special Jurisdiction,36,36,39.98626944,39.98626944,-75.15614444,-75.15614444,8,Pedestrian,0,The First Harmful Event was Not a Collision with a Motor Vehicle in Transport,0,No,3,Intersection-Related,2,Four-Way Intersection,1,On Roadway,0,None,3,Dark - Lighted,1,Clear,0,No,0000000,Not Applicable,23,11:00pm-11:59pm,32,32,23,11:00pm-11:59pm,37,37,88,Not Applicable (Not Transported),88,Not Applicable (Not Transported),1
42,Pennsylvania,420799,0,0,2,2,0,4,4,87,MIFFLIN (87),0,NOT APPLICABLE,10,October,31,31,2,Monday,2022,8,8:00am-8:59am,30,30,US-522 ALFARATA RD,NA,2,US Highway,1,Rural,3,Principal Arterial - Other,99,Unknown,1,This section IS ON the NHS,0,No Special Jurisdiction,75,75,40.66467778,40.66467778,-77.45328611,-77.45328611,12,Motor Vehicle In-Transport,6,Angle,0,No,8,Driveway Access Related,1,Not an Intersection,1,On Roadway,0,None,1,Daylight,2,Rain,0,No,0000000,Not Applicable,8,8:00am-8:59am,32,32,8,8:00am-8:59am,44,44,99,Unknown,99,Unknown EMS Hospital Arrival Time,1
42,Pennsylvania,420800,0,0,2,2,0,2,2,11,BERKS (11),0,NOT APPLICABLE,7,July,28,28,5,Thursday,2022,9,9:00am-9:59am,37,37,SR-73 PHILADELPHIA AV,LITTLE GETTING LN,3,State Highway,2,Urban,4,Minor Arterial,1,State Highway Agency,0,This section IS NOT on the NHS,0,No Special Jurisdiction,174,174,40.36118056,40.36118056,-75.66795556,-75.66795556,12,Motor Vehicle In-Transport,6,Angle,0,No,2,Intersection,3,T-Intersection,1,On Roadway,0,None,1,Daylight,1,Clear,0,No,0000000,Not Applicable,99,Unknown,99,Unknown,99,Unknown EMS Scene Arrival Hour,99,Unknown EMS Scene Arrival Minutes,99,Unknown,99,Unknown EMS Hospital Arrival Time,1
42,Pennsylvania,420801,0,0,1,1,0,1,1,71,LANCASTER (71),0,NOT APPLICABLE,10,October,28,28,6,Friday,2022,17,5:00pm-5:59pm,17,17,US-222,NA,2,US Highway,2,Urban,2,Principal Arterial - Other Freeways and Expressways,99,Unknown,1,This section IS ON the NHS,0,No Special Jurisdiction,330,330,40.09669722,40.09669722,-76.2596,-76.2596,24,Guardrail Face,0,The First Harmful Event was Not a Collision with a Motor Vehicle in Transport,0,No,1,Non-Junction,1,Not an Intersection,4,On Roadside,0,None,1,Daylight,1,Clear,0,No,0000000,Not Applicable,17,5:00pm-5:59pm,20,20,17,5:00pm-5:59pm,28,28,88,Not Applicable (Not Transported),88,Not Applicable (Not Transported),1
42,Pennsylvania,420802,0,0,1,1,0,1,1,69,LACKAWANNA (69),7460,SCRANTON,10,October,29,29,7,Saturday,2022,6,6:00am-6:59am,51,51,SR-8033 RAMP A RD,NA,3,State Highway,2,Urban,2,Principal Arterial - Other Freeways and Expressways,1,State Highway Agency,1,This section IS ON the NHS,0,No Special Jurisdiction,96,96,41.45365278,41.45365278,-75.66497222,-75.66497222,18,Other Object (not fixed),0,The First Harmful Event was Not a Collision with a Motor Vehicle in Transport,1,Yes,5,Entrance/Exit Ramp Related,1,Not an Intersection,4,On Roadside,0,None,4,Dawn,1,Clear,0,No,0000000,Not Applicable,99,Unknown,99,Unknown,99,Unknown EMS Scene Arrival Hour,99,Unknown EMS Scene Arrival Minutes,99,Unknown,99,Unknown EMS Hospital Arrival Time,1
42,Pennsylvania,420803,0,0,3,3,0,8,8,77,LEHIGH (77),0,NOT APPLICABLE,10,October,13,13,5,Thursday,2022,12,12:00pm-12:59pm,24,24,SR-309 APPALACHIAN PY,NA,3,State Highway,1,Rural,3,Principal Arterial - Other,1,State Highway Agency,1,This section IS ON the NHS,0,No Special Jurisdiction,233,233,40.71558333,40.71558333,-75.76813889,-75.76813889,12,Motor Vehicle In-Transport,8,Sideswipe - Opposite Direction,0,No,1,Non-Junction,1,Not an Intersection,1,On Roadway,0,None,1,Daylight,2,Rain,0,No,0000000,Not Applicable,99,Unknown,99,Unknown,99,Unknown EMS Scene Arrival Hour,99,Unknown EMS Scene Arrival Minutes,99,Unknown,99,Unknown EMS Hospital Arrival Time,2