STATE,STATENAME,ST_CASE,PEDS,PERNOTMVIT,VE_TOTAL,VE_FORMS,PVH_INVL,PERSONS,PERMVIT,COUNTY,COUNTYNAME,CITY,CITYNAME,MONTH,MONTHNAME,DAY,DAYNAME,DAY_WEEK,DAY_WEEKNAME,YEAR,HOUR,HOURNAME,MINUTE,MINUTENAME,TWAY_ID,TWAY_ID2,ROUTE,ROUTENAME,RUR_URB,RUR_URBNAME,FUNC_SYS,FUNC_SYSNAME,RD_OWNER,RD_OWNERNAME,NHS,NHSNAME,SP_JUR,SP_JURNAME,MILEPT,MILEPTNAME,LATITUDE,LATITUDENAME,LONGITUD,LONGITUDNAME,HARM_EV,HARM_EVNAME,MAN_COLL,MAN_COLLNAME,RELJCT1,RELJCT1NAME,RELJCT2,RELJCT2NAME,TYP_INT,TYP_INTNAME,REL_ROAD,REL_ROADNAME,WRK_ZONE,WRK_ZONENAME,LGT_COND,LGT_CONDNAME,WEATHER,WEATHERNAME,SCH_BUS,SCH_BUSNAME,RAIL,RAILNAME,NOT_HOUR,NOT_HOURNAME,NOT_MIN,NOT_MINNAME,ARR_HOUR,ARR_HOURNAME,ARR_MIN,ARR_MINNAME,HOSP_HR,HOSP_HRNAME,HOSP_MN,HOSP_MNNAME,FATALS
42,Pennsylvania,420804,0,0,1,1,0,1,1,87,MIFFLIN (87),0,NOT APPLICABLE,10,October,30,30,1,Sunday,2022,1,1:00am-1:59am,46,46,US-22 WILLIAM PENN HWY,NA,2,US Highway,1,Rural,3,Principal Arterial - Other,99,Unknown,1,This section IS ON the NHS,0,No Special Jurisdiction,62,62,40.45504444,40.45504444,-77.81918056,-77.81918056,42,Tree (Standing Only),0,The First Harmful Event was Not a Collision with a Motor Vehicle in Transport,0,No,1,Non-Junction,1,Not an Intersection,4,On Roadside,0,None,2,Dark - Not Lighted,1,Clear,0,No,0000000,Not Applicable,1,1:00am-1:59am,52,52,2,2:00am-2:59am,1,1,88,Not Applicable (Not Transported),88,Not Applicable (Not Transported),1
42,Pennsylvania,420805,0,0,4,1,3,2,2,101,PHILADELPHIA (101),6540,PHILADELPHIA,10,October,29,29,7,Saturday,2022,2,2:00am-2:59am,20,20,PIKE ST,NA,6,Local Street - Municipality,2,Urban,7,Local,4,City or Municipal Highway Agency,0,This section IS NOT on the NHS,0,No Special Jurisdiction,0,None,40.01086389,40.01086389,-75.13942778,-75.13942778,14,Parked Motor Vehicle,0,The First Harmful Event was Not a Collision with a Motor Vehicle in Transport,0,No,1,Non-Junction,1,Not an Intersection,7,In Parking Lane/Zone,0,None,3,Dark - Lighted,1,Clear,0,No,0000000,Not Applicable,2,2:00am-2:59am,15,15,2,2:00am-2:59am,23,23,2,2:00am-2:59am,51,51,1
42,Pennsylvania,420806,0,0,1,1,0,1,1,49,ERIE (49),0,NOT APPLICABLE,10,October,31,31,2,Monday,2022,14,2:00pm-2:59pm,18,18,US-6 GRAND ARMY OF THE REP HWY,NA,2,US Highway,1,Rural,3,Principal Arterial - Other,99,Unknown,1,This section IS ON the NHS,0,No Special Jurisdiction,135,135,41.90621111,41.90621111,-79.81721389,-79.81721389,39,Wall,0,The First Harmful Event was Not a Collision with a Motor Vehicle in Transport,0,No,1,Non-Junction,1,Not an Intersection,5,Outside Trafficway,0,None,1,Daylight,2,Rain,0,No,0000000,Not Applicable,99,Unknown,99,Unknown,99,Unknown EMS Scene Arrival Hour,99,Unknown EMS Scene Arrival Minutes,88,Not Applicable (Not Transported),88,Not Applicable (Not Transported),1
42,Pennsylvania,420807,0,0,1,1,0,1,1,3,ALLEGHENY (3),0,NOT APPLICABLE,11,November,2,2,4,Wednesday,2022,5,5:00am-5:59am,57,57,SR-3109 UNIVERSITY BLVD,NA,3,State Highway,2,Urban,3,Principal Arterial - Other,1,State Highway Agency,1,This section IS ON the NHS,0,No Special Jurisdiction,28,28,40.53449444,40.53449444,-80.202525,-80.202525,35,Embankment,0,The First Harmful Event was Not a Collision with a Motor Vehicle in Transport,0,No,1,Non-Junction,1,Not an Intersection,4,On Roadside,0,None,3,Dark - Lighted,5,"Fog, Smog, Smoke",0,No,0000000,Not Applicable,5,5:00am-5:59am,59,59,6,6:00am-6:59am,4,4,6,6:00am-6:59am,29,29,1
42,Pennsylvania,420808,0,0,2,2,0,2,2,129,WESTMORELAND (129),0,NOT APPLICABLE,11,November,4,4,6,Friday,2022,10,10:00am-10:59am,8,8,US-22 WILLIAM PENN HWY,SR-1055 HANNASTOWN RD,2,US Highway,1,Rural,3,Principal Arterial - Other,99,Unknown,1,This section IS ON the NHS,0,No Special Jurisdiction,124,124,40.397025,40.397025,-79.48056944,-79.48056944,12,Motor Vehicle In-Transport,6,Angle,0,No,2,Intersection,2,Four-Way Intersection,1,On Roadway,0,None,1,Daylight,1,Clear,0,No,0000000,Not Applicable,10,10:00am-10:59am,7,7,10,10:00am-10:59am,14,14,88,Not Applicable (Not Transported),88,Not Applicable (Not Transported),1
42,Pennsylvania,420809,1,1,2,1,1,1,1,61,HUNTINGDON (61),0,NOT APPLICABLE,12,December,6,6,3,Tuesday,2022,7,7:00am-7:59am,27,27,SR-655 HARES VALLEY RD,NA,3,State Highway,1,Rural,5,Major Collector,1,State Highway Agency,0,This section IS NOT on the NHS,0,No Special Jurisdiction,181,181,40.36377778,40.36377778,-77.96456667,-77.96456667,8,Pedestrian,0,The First Harmful Event was Not a Collision with a Motor Vehicle in Transport,0,No,1,Non-Junction,1,Not an Intersection,1,On Roadway,0,None,1,Daylight,10,Cloudy,0,No,0000000,Not Applicable,99,Unknown,99,Unknown,99,Unknown EMS Scene Arrival Hour,99,Unknown EMS Scene Arrival Minutes,99,Unknown,99,Unknown EMS Hospital Arrival Time,1
42,Pennsylvania,420810,1,1,1,1,0,1,1,17,BUCKS (17),0,NOT APPLICABLE,11,November,4,4,6,Friday,2022,20,8:00pm-8:59pm,18,18,US-13 BRISTOL PIKE,NA,2,US Highway,2,Urban,3,Principal Arterial - Other,99,Unknown,1,This section IS ON the NHS,0,No Special Jurisdiction,91,91,40.12570833,40.12570833,-74.83729444,-74.83729444,8,Pedestrian,0,The First Harmful Event was Not a Collision with a Motor Vehicle in Transport,0,No,1,Non-Junction,1,Not an Intersection,1,On Roadway,0,None,3,Dark - Lighted,1,Clear,0,No,0000000,Not Applicable,88,Not Applicable (Not Notified),88,Not Applicable (Not Notified),88,Not Applicable,88,Not Applicable,88,Not Applicable (Not Transported),88,Not Applicable (Not Transported),1
42,Pennsylvania,420811,0,0,2,2,0,3,3,11,BERKS (11),0,NOT APPLICABLE,11,November,4,4,6,Friday,2022,7,7:00am-7:59am,55,55,SR-662 OLD SWEDE RD,NA,3,State Highway,2,Urban,4,Minor Arterial,1,State Highway Agency,0,This section IS NOT on the NHS,0,No Special Jurisdiction,17,17,40.279725,40.279725,-75.72338056,-75.72338056,12,Motor Vehicle In-Transport,7,Sideswipe - Same Direction,0,No,1,Non-Junction,1,Not an Intersection,1,On Roadway,0,None,1,Daylight,1,Clear,1,Yes,0000000,Not Applicable,99,Unknown,99,Unknown,99,Unknown EMS Scene Arrival Hour,99,Unknown EMS Scene Arrival Minutes,99,Unknown,99,Unknown EMS Hospital Arrival Time,1
42,Pennsylvania,420812,0,0,2,2,0,3,3,5,ARMSTRONG (5),0,NOT APPLICABLE,7,July,3,3,1,Sunday,2022,13,1:00pm-1:59pm,12,12,SR-56,BALSIGER RD,3,State Highway,1,Rural,6,Minor Collector,1,State Highway Agency,0,This section IS NOT on the NHS,0,No Special Jurisdiction,64,64,40.60265,40.60265,-79.50334167,-79.50334167,12,Motor Vehicle In-Transport,6,Angle,0,No,2,Intersection,2,Four-Way Intersection,1,On Roadway,0,None,1,Daylight,1,Clear,0,No,0000000,Not Applicable,13,1:00pm-1:59pm,11,11,13,1:00pm-1:59pm,21,21,14,2:00pm-2:59pm,5,5,2
42,Pennsylvania,420813,0,0,1,1,0,1,1,71,LANCASTER (71),0,NOT APPLICABLE,11,November,4,4,6,Friday,2022,10,10:00am-10:59am,22,22,SR-340 OLD PHILADELPHIA PIKE,NA,3,State Highway,2,Urban,4,Minor Arterial,1,State Highway Agency,0,This section IS NOT on the NHS,0,No Special Jurisdiction,6,6,40.04014444,40.04014444,-76.25985,-76.25985,33,Curb,0,The First Harmful Event was Not a Collision with a Motor Vehicle in Transport,0,No,1,Non-Junction,1,Not an Intersection,4,On Roadside,0,None,1,Daylight,1,Clear,0,No,0000000,Not Applicable,99,Unknown,99,Unknown,99,Unknown EMS Scene Arrival Hour,99,Unknown EMS Scene Arrival Minutes,99,Unknown,99,Unknown EMS Hospital Arrival Time,1
42,Pennsylvania,420814,0,0,1,1,0,1,1,61,HUNTINGDON (61),0,NOT APPLICABLE,8,August,19,19,6,Friday,2022,23,11:00pm-11:59pm,49,49,SR-309 HARTSLOG VALLEY RD,NA,3,State Highway,1,Rural,5,Major Collector,1,State Highway Agency,0,This section IS NOT on the NHS,0,No Special Jurisdiction,30,30,40.49338889,40.49338889,-78.09384444,-78.09384444,42,Tree (Standing Only),0,The First Harmful Event was Not a Collision with a Motor Vehicle in Transport,0,No,1,Non-Junction,1,Not an Intersection,4,On Roadside,0,None,2,Dark - Not Lighted,1,Clear,0,No,0000000,Not Applicable,99,Unknown,99,Unknown,99,Unknown EMS Scene Arrival Hour,99,Unknown EMS Scene Arrival Minutes,99,Unknown,99,Unknown EMS Hospital Arrival Time,1
42,Pennsylvania,420815,0,0,2,2,0,2,2,3,ALLEGHENY (3),0,NOT APPLICABLE,11,November,5,5,7,Saturday,2022,10,10:00am-10:59am,43,43,SR-3077 BEAVER GRADE RD,SR-3087 THORN RUN RD,3,State Highway,2,Urban,4,Minor Arterial,1,State Highway Agency,0,This section IS NOT on the NHS,0,No Special Jurisdiction,53,53,40.50563611,40.50563611,-80.20771389,-80.20771389,12,Motor Vehicle In-Transport,2,Front-to-Front,0,No,3,Intersection-Related,2,Four-Way Intersection,1,On Roadway,0,None,1,Daylight,1,Clear,0,No,0000000,Not Applicable,10,10:00am-10:59am,48,48,10,10:00am-10:59am,54,54,11,11:00am-11:59am,20,20,1
42,Pennsylvania,420816,0,0,1,1,0,2,2,29,CHESTER (29),0,NOT APPLICABLE,10,October,1,1,7,Saturday,2022,23,11:00pm-11:59pm,56,56,CONTENTION LN,NA,5,Local Street - Township,2,Urban,7,Local,3,Town or Township Highway Agency,0,This section IS NOT on the NHS,0,No Special Jurisdiction,0,None,40.06145,40.06145,-75.44086111,-75.44086111,42,Tree (Standing Only),0,The First Harmful Event was Not a Collision with a Motor Vehicle in Transport,0,No,1,Non-Junction,1,Not an Intersection,6,Off Roadway-Location Unknown,0,None,2,Dark - Not Lighted,2,Rain,0,No,0000000,Not Applicable,23,11:00pm-11:59pm,56,56,0,0:00am-0:59am,8,8,99,Unknown,99,Unknown EMS Hospital Arrival Time,1
42,Pennsylvania,420817,0,0,1,1,0,5,5,97,NORTHUMBERLAND (97),0,NOT APPLICABLE,8,August,14,14,1,Sunday,2022,10,10:00am-10:59am,9,9,RENNS RD,NA,5,Local Street - Township,1,Rural,7,Local,3,Town or Township Highway Agency,0,This section IS NOT on the NHS,0,No Special Jurisdiction,0,None,40.89465833,40.89465833,-76.759,-76.759,17,Boulder,0,The First Harmful Event was Not a Collision with a Motor Vehicle in Transport,0,No,1,Non-Junction,1,Not an Intersection,4,On Roadside,0,None,1,Daylight,1,Clear,0,No,0000000,Not Applicable,10,10:00am-10:59am,14,14,10,10:00am-10:59am,24,24,10,10:00am-10:59am,53,53,1
42,Pennsylvania,420818,0,0,1,1,0,1,1,3,ALLEGHENY (3),6600,PITTSBURGH,7,July,29,29,6,Friday,2022,16,4:00pm-4:59pm,10,10,SR-400 BIGELOW BL,NA,3,State Highway,2,Urban,3,Principal Arterial - Other,1,State Highway Agency,1,This section IS ON the NHS,0,No Special Jurisdiction,10,10,40.45035556,40.45035556,-79.98014167,-79.98014167,33,Curb,0,The First Harmful Event was Not a Collision with a Motor Vehicle in Transport,0,No,1,Non-Junction,1,Not an Intersection,4,On Roadside,0,None,1,Daylight,1,Clear,0,No,0000000,Not Applicable,16,4:00pm-4:59pm,18,18,16,4:00pm-4:59pm,24,24,88,Not Applicable (Not Transported),88,Not Applicable (Not Transported),1
42,Pennsylvania,420819,0,0,2,2,0,3,3,133,YORK (133),0,NOT APPLICABLE,11,November,5,5,7,Saturday,2022,2,2:00am-2:59am,31,31,SR-74 DELTA RD,NA,3,State Highway,1,Rural,4,Minor Arterial,1,State Highway Agency,0,This section IS NOT on the NHS,0,No Special Jurisdiction,125,125,39.85440556,39.85440556,-76.44491389,-76.44491389,12,Motor Vehicle In-Transport,6,Angle,0,No,8,Driveway Access Related,1,Not an Intersection,1,On Roadway,0,None,2,Dark - Not Lighted,1,Clear,0,No,0000000,Not Applicable,88,Not Applicable (Not Notified),88,Not Applicable (Not Notified),88,Not Applicable,88,Not Applicable,88,Not Applicable (Not Transported),88,Not Applicable (Not Transported),1
42,Pennsylvania,420820,0,0,2,2,0,5,5,75,LEBANON (75),0,NOT APPLICABLE,6,June,9,9,5,Thursday,2022,10,10:00am-10:59am,25,25,I-81 AMERICAN LEGION MEM HW,NA,1,Interstate,1,Rural,1,Interstate,1,State Highway Agency,1,This section IS ON the NHS,0,No Special Jurisdiction,900,900,40.45231944,40.45231944,-76.51610556,-76.51610556,12,Motor Vehicle In-Transport,8,Sideswipe - Opposite Direction,0,No,1,Non-Junction,1,Not an Intersection,1,On Roadway,0,None,1,Daylight,1,Clear,0,No,0000000,Not Applicable,10,10:00am-10:59am,22,22,10,10:00am-10:59am,29,29,11,11:00am-11:59am,13,13,2
42,Pennsylvania,420821,1,1,1,1,0,2,2,101,PHILADELPHIA (101),6540,PHILADELPHIA,11,November,7,7,2,Monday,2022,21,9:00pm-9:59pm,14,14,SR-1003 B ST,NA,3,State Highway,2,Urban,4,Minor Arterial,1,State Highway Agency,0,This section IS NOT on the NHS,0,No Special Jurisdiction,4,4,40.00454722,40.00454722,-75.12404167,-75.12404167,8,Pedestrian,0,The First Harmful Event was Not a Collision with a Motor Vehicle in Transport,0,No,1,Non-Junction,1,Not an Intersection,1,On Roadway,0,None,3,Dark - Lighted,1,Clear,0,No,0000000,Not Applicable,21,9:00pm-9:59pm,12,12,21,9:00pm-9:59pm,20,20,21,9:00pm-9:59pm,38,38,1
42,Pennsylvania,420822,0,0,1,1,0,1,1,51,FAYETTE (51),0,NOT APPLICABLE,11,November,5,5,7,Saturday,2022,10,10:00am-10:59am,27,27,SR-1051 CRAWFORD AVE,RIDGE BLVD,3,State Highway,2,Urban,5,Major Collector,1,State Highway Agency,0,This section IS NOT on the NHS,0,No Special Jurisdiction,91,91,40.00866944,40.00866944,-79.62158889,-79.62158889,1,Rollover/Overturn,0,The First Harmful Event was Not a Collision with a Motor Vehicle in Transport,0,No,2,Intersection,3,T-Intersection,1,On Roadway,0,None,1,Daylight,1,Clear,0,No,0000000,Not Applicable,10,10:00am-10:59am,39,39,10,10:00am-10:59am,57,57,11,11:00am-11:59am,31,31,1
42,Pennsylvania,420823,1,1,1,1,0,2,2,27,CENTRE (27),8100,STATE COLLEGE,6,June,9,9,5,Thursday,2022,19,7:00pm-7:59pm,55,55,EDGEWOOD CR,NA,6,Local Street - Municipality,2,Urban,7,Local,4,City or Municipal Highway Agency,0,This section IS NOT on the NHS,0,No Special Jurisdiction,0,None,40.77756111,40.77756111,-77.86084444,-77.86084444,9,Pedalcyclist,0,The First Harmful Event was Not a Collision with a Motor Vehicle in Transport,0,No,1,Non-Junction,1,Not an Intersection,1,On Roadway,0,None,1,Daylight,1,Clear,0,No,0000000,Not Applicable,19,7:00pm-7:59pm,55,55,20,8:00pm-8:59pm,3,3,20,8:00pm-8:59pm,20,20,1
42,Pennsylvania,420824,0,0,1,1,0,2,2,11,BERKS (11),0,NOT APPLICABLE,11,November,5,5,7,Saturday,2022,15,3:00pm-3:59pm,50,50,I-176 MORGANTOWN EXPY,NA,1,Interstate,2,Urban,1,Interstate,1,State Highway Agency,1,This section IS ON the NHS,0,No Special Jurisdiction,75,75,40.25441944,40.25441944,-75.91313889,-75.91313889,1,Rollover/Overturn,0,The First Harmful Event was Not a Collision with a Motor Vehicle in Transport,0,No,1,Non-Junction,1,Not an Intersection,4,On Roadside,0,None,1,Daylight,10,Cloudy,0,No,0000000,Not Applicable,99,Unknown,99,Unknown,99,Unknown EMS Scene Arrival Hour,99,Unknown EMS Scene Arrival Minutes,88,Not Applicable (Not Transported),88,Not Applicable (Not Transported),2
42,Pennsylvania,420825,1,1,1,1,0,1,1,43,DAUPHIN (43),3500,HARRISBURG,6,June,17,17,6,Friday,2022,21,9:00pm-9:59pm,46,46,MARKET ST,NA,6,Local Street - Municipality,2,Urban,7,Local,4,City or Municipal Highway Agency,0,This section IS NOT on the NHS,0,No Special Jurisdiction,0,None,40.26508333,40.26508333,-76.87251667,-76.87251667,9,Pedalcyclist,0,The First Harmful Event was Not a Collision with a Motor Vehicle in Transport,0,No,1,Non-Junction,1,Not an Intersection,1,On Roadway,0,None,3,Dark - Lighted,1,Clear,0,No,0000000,Not Applicable,21,9:00pm-9:59pm,46,46,21,9:00pm-9:59pm,50,50,22,10:00pm-10:59pm,14,14,1
42,Pennsylvania,420826,0,0,1,1,0,1,1,129,WESTMORELAND (129),0,NOT APPLICABLE,11,November,6,6,1,Sunday,2022,0,0:00am-0:59am,51,51,SR-31 RUFFSDALE MT PLEASANT RD,NA,3,State Highway,1,Rural,4,Minor Arterial,1,State Highway Agency,0,This section IS NOT on the NHS,0,No Special Jurisdiction,106,106,40.16414722,40.16414722,-79.56991389,-79.56991389,59,Traffic Sign Support,0,The First Harmful Event was Not a Collision with a Motor Vehicle in Transport,0,No,1,Non-Junction,1,Not an Intersection,4,On Roadside,0,None,2,Dark - Not Lighted,1,Clear,0,No,0000000,Not Applicable,0,0:00am-0:59am,50,50,0,0:00am-0:59am,53,53,88,Not Applicable (Not Transported),88,Not Applicable (Not Transported),1
42,Pennsylvania,420827,0,0,2,2,0,3,3,75,LEBANON (75),0,NOT APPLICABLE,6,June,30,30,5,Thursday,2022,13,1:00pm-1:59pm,8,8,SR-343 PINE GROVE ST,SR-1014 GREBLE RD,3,State Highway,1,Rural,5,Major Collector,1,State Highway Agency,0,This section IS NOT on the NHS,0,No Special Jurisdiction,47,47,40.41971111,40.41971111,-76.41978611,-76.41978611,12,Motor Vehicle In-Transport,6,Angle,0,No,2,Intersection,2,Four-Way Intersection,1,On Roadway,0,None,1,Daylight,1,Clear,0,No,0000000,Not Applicable,13,1:00pm-1:59pm,5,5,13,1:00pm-1:59pm,18,18,14,2:00pm-2:59pm,3,3,1
42,Pennsylvania,420828,0,0,1,1,0,2,2,11,BERKS (11),0,NOT APPLICABLE,7,July,2,2,7,Saturday,2022,21,9:00pm-9:59pm,6,6,MOUNTAIN RD,NA,5,Local Street - Township,1,Rural,7,Local,3,Town or Township Highway Agency,0,This section IS NOT on the NHS,0,No Special Jurisdiction,0,None,40.55818611,40.55818611,-76.03188611,-76.03188611,34,Ditch,0,The First Harmful Event was Not a Collision with a Motor Vehicle in Transport,0,No,1,Non-Junction,1,Not an Intersection,4,On Roadside,0,None,2,Dark - Not Lighted,1,Clear,0,No,0000000,Not Applicable,99,Unknown,99,Unknown,99,Unknown EMS Scene Arrival Hour,99,Unknown EMS Scene Arrival Minutes,99,Unknown,99,Unknown EMS Hospital Arrival Time,1
42,Pennsylvania,420829,0,0,4,4,0,5,5,89,MONROE (89),0,NOT APPLICABLE,11,November,3,3,5,Thursday,2022,18,6:00pm-6:59pm,17,17,SR-196 STERLING RD,GREEN RD,3,State Highway,2,Urban,5,Major Collector,1,State Highway Agency,0,This section IS NOT on the NHS,0,No Special Jurisdiction,13,13,41.14580556,41.14580556,-75.35946111,-75.35946111,12,Motor Vehicle In-Transport,8,Sideswipe - Opposite Direction,0,No,3,Intersection-Related,3,T-Intersection,1,On Roadway,0,None,3,Dark - Lighted,1,Clear,0,No,0000000,Not Applicable,99,Unknown,99,Unknown,99,Unknown EMS Scene Arrival Hour,99,Unknown EMS Scene Arrival Minutes,99,Unknown,99,Unknown EMS Hospital Arrival Time,1
42,Pennsylvania,420830,0,0,1,1,0,5,5,1,ADAMS (1),0,NOT APPLICABLE,7,July,4,4,2,Monday,2022,16,4:00pm-4:59pm,55,55,BASEHOAR RD,NA,5,Local Street - Township,1,Rural,7,Local,3,Town or Township Highway Agency,0,This section IS NOT on the NHS,0,No Special Jurisdiction,0,None,39.76746667,39.76746667,-77.07418333,-77.07418333,41,Shrubbery,0,The First Harmful Event was Not a Collision with a Motor Vehicle in Transport,0,No,1,Non-Junction,1,Not an Intersection,4,On Roadside,0,None,1,Daylight,1,Clear,0,No,0000000,Not Applicable,16,4:00pm-4:59pm,56,56,17,5:00pm-5:59pm,4,4,17,5:00pm-5:59pm,58,58,1
42,Pennsylvania,420831,0,0,2,2,0,2,2,61,HUNTINGDON (61),7780,SMITHFIELD,7,July,6,6,4,Wednesday,2022,5,5:00am-5:59am,33,33,US-22 WILLIAM PENN HW,NA,2,US Highway,2,Urban,3,Principal Arterial - Other,99,Unknown,1,This section IS ON the NHS,0,No Special Jurisdiction,121,121,40.48423611,40.48423611,-78.02460556,-78.02460556,12,Motor Vehicle In-Transport,2,Front-to-Front,0,No,1,Non-Junction,1,Not an Intersection,1,On Roadway,0,None,4,Dawn,1,Clear,0,No,0000000,Not Applicable,99,Unknown,99,Unknown,99,Unknown EMS Scene Arrival Hour,99,Unknown EMS Scene Arrival Minutes,88,Not Applicable (Not Transported),88,Not Applicable (Not Transported),1
42,Pennsylvania,420832,1,1,1,1,0,1,1,39,CRAWFORD (39),4500,LINESVILLE,11,November,7,7,2,Monday,2022,16,4:00pm-4:59pm,49,49,US-6 PENN ST,PEAR TREE LN,2,US Highway,1,Rural,5,Major Collector,99,Unknown,0,This section IS NOT on the NHS,0,No Special Jurisdiction,65,65,41.657975,41.657975,-80.42698889,-80.42698889,9,Pedalcyclist,0,The First Harmful Event was Not a Collision with a Motor Vehicle in Transport,0,No,3,Intersection-Related,3,T-Intersection,1,On Roadway,0,None,1,Daylight,1,Clear,0,No,0000000,Not Applicable,99,Unknown,99,Unknown,99,Unknown EMS Scene Arrival Hour,99,Unknown EMS Scene Arrival Minutes,99,Unknown,99,Unknown EMS Hospital Arrival Time,1
42,Pennsylvania,420833,0,0,1,1,0,1,1,129,WESTMORELAND (129),0,NOT APPLICABLE,7,July,9,9,7,Saturday,2022,15,3:00pm-3:59pm,1,1,SR-1022 CRABTREE RD,NA,3,State Highway,1,Rural,5,Major Collector,1,State Highway Agency,0,This section IS NOT on the NHS,0,No Special Jurisdiction,57,57,40.34215833,40.34215833,-79.43894444,-79.43894444,11,Live Animal,0,The First Harmful Event was Not a Collision with a Motor Vehicle in Transport,0,No,1,Non-Junction,1,Not an Intersection,1,On Roadway,0,None,1,Daylight,1,Clear,0,No,0000000,Not Applicable,99,Unknown,99,Unknown,99,Unknown EMS Scene Arrival Hour,99,Unknown EMS Scene Arrival Minutes,99,Unknown,99,Unknown EMS Hospital Arrival Time,1
42,Pennsylvania,420834,1,1,1,1,0,1,1,101,PHILADELPHIA (101),6540,PHILADELPHIA,11,November,8,8,3,Tuesday,2022,5,5:00am-5:59am,15,15,OGONTZ AVE,MEDARY AVE,6,Local Street - Municipality,2,Urban,7,Local,4,City or Municipal Highway Agency,0,This section IS NOT on the NHS,0,No Special Jurisdiction,0,None,40.05009167,40.05009167,-75.15053333,-75.15053333,15,Non-Motorist on Personal Conveyance,0,The First Harmful Event was Not a Collision with a Motor Vehicle in Transport,0,No,2,Intersection,2,Four-Way Intersection,1,On Roadway,0,None,3,Dark - Lighted,1,Clear,0,No,0000000,Not Applicable,5,5:00am-5:59am,21,21,5,5:00am-5:59am,21,21,5,5:00am-5:59am,49,49,1
42,Pennsylvania,420835,0,0,1,1,0,1,1,75,LEBANON (75),6330,PALMYRA,7,July,14,14,5,Thursday,2022,13,1:00pm-1:59pm,0,0,BROAD ST,NA,6,Local Street - Municipality,2,Urban,7,Local,4,City or Municipal Highway Agency,0,This section IS NOT on the NHS,0,No Special Jurisdiction,0,None,40.30971944,40.30971944,-76.598025,-76.598025,42,Tree (Standing Only),0,The First Harmful Event was Not a Collision with a Motor Vehicle in Transport,0,No,1,Non-Junction,1,Not an Intersection,4,On Roadside,0,None,1,Daylight,1,Clear,0,No,0000000,Not Applicable,13,1:00pm-1:59pm,5,5,13,1:00pm-1:59pm,14,14,13,1:00pm-1:59pm,48,48,1
42,Pennsylvania,420836,0,0,1,1,0,1,1,3,ALLEGHENY (3),6600,PITTSBURGH,11,November,6,6,1,Sunday,2022,6,6:00am-6:59am,53,53,BEAVER AVE,ISLAND AV,6,Local Street - Municipality,2,Urban,7,Local,4,City or Municipal Highway Agency,0,This section IS NOT on the NHS,0,No Special Jurisdiction,0,None,40.46214444,40.46214444,-80.032125,-80.032125,33,Curb,0,The First Harmful Event was Not a Collision with a Motor Vehicle in Transport,0,No,3,Intersection-Related,4,Y-Intersection,4,On Roadside,0,None,1,Daylight,1,Clear,0,No,0000000,Not Applicable,99,Unknown,99,Unknown,99,Unknown EMS Scene Arrival Hour,99,Unknown EMS Scene Arrival Minutes,99,Unknown,99,Unknown EMS Hospital Arrival Time,1
42,Pennsylvania,420837,0,0,2,2,0,2,2,89,MONROE (89),0,NOT APPLICABLE,7,July,9,9,7,Saturday,2022,14,2:00pm-2:59pm,8,8,US-209 HAMILTON WEST RD,NA,2,US Highway,1,Rural,3,Principal Arterial - Other,99,Unknown,1,This section IS ON the NHS,0,No Special Jurisdiction,110,110,40.92733333,40.92733333,-75.32863889,-75.32863889,12,Motor Vehicle In-Transport,2,Front-to-Front,0,No,1,Non-Junction,1,Not an Intersection,1,On Roadway,0,None,1,Daylight,1,Clear,0,No,0000000,Not Applicable,99,Unknown,99,Unknown,99,Unknown EMS Scene Arrival Hour,99,Unknown EMS Scene Arrival Minutes,99,Unknown,99,Unknown EMS Hospital Arrival Time,1
42,Pennsylvania,420838,0,0,2,2,0,2,2,123,WARREN (123),0,NOT APPLICABLE,11,November,7,7,2,Monday,2022,15,3:00pm-3:59pm,14,14,US-6 GRAND ARMY OF THE REP HWY,NA,2,US Highway,2,Urban,3,Principal Arterial - Other,99,Unknown,1,This section IS ON the NHS,0,No Special Jurisdiction,331,331,41.79798889,41.79798889,-79.10075278,-79.10075278,12,Motor Vehicle In-Transport,8,Sideswipe - Opposite Direction,0,No,1,Non-Junction,1,Not an Intersection,1,On Roadway,0,None,1,Daylight,1,Clear,0,No,0000000,Not Applicable,15,3:00pm-3:59pm,18,18,15,3:00pm-3:59pm,25,25,15,3:00pm-3:59pm,40,40,1
42,Pennsylvania,420839,0,0,2,2,0,5,5,77,LEHIGH (77),110,ALLENTOWN,7,July,13,13,4,Wednesday,2022,21,9:00pm-9:59pm,11,11,AMERICAN PY,NA,6,Local Street - Municipality,2,Urban,7,Local,4,City or Municipal Highway Agency,0,This section IS NOT on the NHS,0,No Special Jurisdiction,0,None,40.62175278,40.62175278,-75.45928889,-75.45928889,12,Motor Vehicle In-Transport,2,Front-to-Front,0,No,1,Non-Junction,1,Not an Intersection,1,On Roadway,0,None,3,Dark - Lighted,1,Clear,0,No,0000000,Not Applicable,99,Unknown,99,Unknown,99,Unknown EMS Scene Arrival Hour,99,Unknown EMS Scene Arrival Minutes,99,Unknown,99,Unknown EMS Hospital Arrival Time,1