STATE,STATENAME,ST_CASE,PEDS,PERNOTMVIT,VE_TOTAL,VE_FORMS,PVH_INVL,PERSONS,PERMVIT,COUNTY,COUNTYNAME,CITY,CITYNAME,MONTH,MONTHNAME,DAY,DAYNAME,DAY_WEEK,DAY_WEEKNAME,YEAR,HOUR,HOURNAME,MINUTE,MINUTENAME,TWAY_ID,TWAY_ID2,ROUTE,ROUTENAME,RUR_URB,RUR_URBNAME,FUNC_SYS,FUNC_SYSNAME,RD_OWNER,RD_OWNERNAME,NHS,NHSNAME,SP_JUR,SP_JURNAME,MILEPT,MILEPTNAME,LATITUDE,LATITUDENAME,LONGITUD,LONGITUDNAME,HARM_EV,HARM_EVNAME,MAN_COLL,MAN_COLLNAME,RELJCT1,RELJCT1NAME,RELJCT2,RELJCT2NAME,TYP_INT,TYP_INTNAME,REL_ROAD,REL_ROADNAME,WRK_ZONE,WRK_ZONENAME,LGT_COND,LGT_CONDNAME,WEATHER,WEATHERNAME,SCH_BUS,SCH_BUSNAME,RAIL,RAILNAME,NOT_HOUR,NOT_HOURNAME,NOT_MIN,NOT_MINNAME,ARR_HOUR,ARR_HOURNAME,ARR_MIN,ARR_MINNAME,HOSP_HR,HOSP_HRNAME,HOSP_MN,HOSP_MNNAME,FATALS
42,Pennsylvania,420840,0,0,1,1,0,1,1,5,ARMSTRONG (5),0,NOT APPLICABLE,7,July,15,15,6,Friday,2022,19,7:00pm-7:59pm,52,52,SR-1030 RIDGE RD,NA,3,State Highway,1,Rural,7,Local,1,State Highway Agency,0,This section IS NOT on the NHS,0,No Special Jurisdiction,2,2,40.92199722,40.92199722,-79.45665278,-79.45665278,1,Rollover/Overturn,0,The First Harmful Event was Not a Collision with a Motor Vehicle in Transport,0,No,1,Non-Junction,1,Not an Intersection,4,On Roadside,0,None,1,Daylight,1,Clear,0,No,0000000,Not Applicable,19,7:00pm-7:59pm,52,52,20,8:00pm-8:59pm,8,8,20,8:00pm-8:59pm,50,50,1
42,Pennsylvania,420841,0,0,1,1,0,1,1,99,PERRY (99),0,NOT APPLICABLE,11,November,16,16,4,Wednesday,2022,4,4:00am-4:59am,30,30,US-11 SUSQUEHANNA TRL,NA,2,US Highway,1,Rural,3,Principal Arterial - Other,99,Unknown,1,This section IS ON the NHS,0,No Special Jurisdiction,9,9,40.42770556,40.42770556,-77.00591667,-77.00591667,52,Guardrail End,0,The First Harmful Event was Not a Collision with a Motor Vehicle in Transport,1,Yes,19,Other location within Interchange Area,1,Not an Intersection,4,On Roadside,0,None,2,Dark - Not Lighted,99,Reported as Unknown,0,No,0000000,Not Applicable,7,7:00am-7:59am,45,45,8,8:00am-8:59am,3,3,88,Not Applicable (Not Transported),88,Not Applicable (Not Transported),1
42,Pennsylvania,420842,1,1,1,1,0,1,1,101,PHILADELPHIA (101),6540,PHILADELPHIA,11,November,17,17,5,Thursday,2022,12,12:00pm-12:59pm,17,17,BEASLEYS WALK RD,SR-611 BROAD ST,8,Other,6,Trafficway Not in State Inventory,96,Trafficway Not in State Inventory,96,Trafficway Not in State Inventory,0,This section IS NOT on the NHS,4,College/University Campus*,0,None,39.982725,39.982725,-75.15683611,-75.15683611,15,Non-Motorist on Personal Conveyance,0,The First Harmful Event was Not a Collision with a Motor Vehicle in Transport,0,No,3,Intersection-Related,3,T-Intersection,1,On Roadway,0,None,1,Daylight,1,Clear,0,No,0000000,Not Applicable,12,12:00pm-12:59pm,21,21,12,12:00pm-12:59pm,26,26,88,Not Applicable (Not Transported),88,Not Applicable (Not Transported),1
42,Pennsylvania,420843,0,0,1,1,0,1,1,133,YORK (133),0,NOT APPLICABLE,11,November,8,8,3,Tuesday,2022,14,2:00pm-2:59pm,0,0,US-30 ARSENAL RD,NA,2,US Highway,2,Urban,2,Principal Arterial - Other Freeways and Expressways,99,Unknown,1,This section IS ON the NHS,0,No Special Jurisdiction,211,211,39.99853611,39.99853611,-76.6406,-76.6406,59,Traffic Sign Support,0,The First Harmful Event was Not a Collision with a Motor Vehicle in Transport,0,No,1,Non-Junction,1,Not an Intersection,3,On Median,0,None,1,Daylight,1,Clear,0,No,0000000,Not Applicable,99,Unknown,99,Unknown,99,Unknown EMS Scene Arrival Hour,99,Unknown EMS Scene Arrival Minutes,99,Unknown,99,Unknown EMS Hospital Arrival Time,1
42,Pennsylvania,420844,0,0,1,1,0,2,2,125,WASHINGTON (125),0,NOT APPLICABLE,11,November,6,6,1,Sunday,2022,2,2:00am-2:59am,0,0,SR-4015 JOFFRE CHERRY VALLE RD,NA,3,State Highway,1,Rural,6,Minor Collector,1,State Highway Agency,0,This section IS NOT on the NHS,0,No Special Jurisdiction,65,65,40.36716944,40.36716944,-80.36053611,-80.36053611,1,Rollover/Overturn,0,The First Harmful Event was Not a Collision with a Motor Vehicle in Transport,0,No,1,Non-Junction,1,Not an Intersection,4,On Roadside,0,None,3,Dark - Lighted,1,Clear,0,No,0000000,Not Applicable,2,2:00am-2:59am,3,3,2,2:00am-2:59am,13,13,99,Unknown,99,Unknown EMS Hospital Arrival Time,1
42,Pennsylvania,420845,0,0,2,2,0,3,3,91,MONTGOMERY (91),2995,FRANCONIA,7,July,11,11,2,Monday,2022,21,9:00pm-9:59pm,45,45,TOWNSHIP LINE RD,NA,5,Local Street - Township,2,Urban,7,Local,3,Town or Township Highway Agency,0,This section IS NOT on the NHS,0,No Special Jurisdiction,0,None,40.29369444,40.29369444,-75.31416667,-75.31416667,12,Motor Vehicle In-Transport,2,Front-to-Front,0,No,1,Non-Junction,1,Not an Intersection,1,On Roadway,0,None,2,Dark - Not Lighted,1,Clear,0,No,0000000,Not Applicable,21,9:00pm-9:59pm,47,47,21,9:00pm-9:59pm,53,53,22,10:00pm-10:59pm,13,13,1
42,Pennsylvania,420846,1,1,1,1,0,1,1,21,CAMBRIA (21),9180,WESTMONT,7,July,11,11,2,Monday,2022,5,5:00am-5:59am,52,52,OMAR DR,NA,6,Local Street - Municipality,2,Urban,7,Local,4,City or Municipal Highway Agency,0,This section IS NOT on the NHS,0,No Special Jurisdiction,0,None,40.31975,40.31975,-78.95475,-78.95475,8,Pedestrian,0,The First Harmful Event was Not a Collision with a Motor Vehicle in Transport,0,No,1,Non-Junction,1,Not an Intersection,1,On Roadway,0,None,4,Dawn,1,Clear,0,No,0000000,Not Applicable,99,Unknown,99,Unknown,99,Unknown EMS Scene Arrival Hour,99,Unknown EMS Scene Arrival Minutes,99,Unknown,99,Unknown EMS Hospital Arrival Time,1
42,Pennsylvania,420847,0,0,1,1,0,1,1,107,SCHUYLKILL (107),0,NOT APPLICABLE,11,November,7,7,2,Monday,2022,0,0:00am-0:59am,34,34,I-81 AMERICAN LEGION MEM HWY,NA,1,Interstate,1,Rural,1,Interstate,1,State Highway Agency,1,This section IS ON the NHS,0,No Special Jurisdiction,1018,1018,40.56510556,40.56510556,-76.42925556,-76.42925556,35,Embankment,0,The First Harmful Event was Not a Collision with a Motor Vehicle in Transport,0,No,1,Non-Junction,1,Not an Intersection,3,On Median,0,None,2,Dark - Not Lighted,1,Clear,0,No,0000000,Not Applicable,88,Not Applicable (Not Notified),88,Not Applicable (Not Notified),88,Not Applicable,88,Not Applicable,88,Not Applicable (Not Transported),88,Not Applicable (Not Transported),1
42,Pennsylvania,420848,0,0,2,1,1,1,1,81,LYCOMING (81),9380,WILLIAMSPORT,5,May,18,18,4,Wednesday,2022,17,5:00pm-5:59pm,22,22,SR-2018 GRAMPIAN BL,NA,3,State Highway,2,Urban,4,Minor Arterial,1,State Highway Agency,0,This section IS NOT on the NHS,0,No Special Jurisdiction,3,3,41.25683333,41.25683333,-77.00264722,-77.00264722,14,Parked Motor Vehicle,0,The First Harmful Event was Not a Collision with a Motor Vehicle in Transport,0,No,1,Non-Junction,1,Not an Intersection,7,In Parking Lane/Zone,0,None,1,Daylight,1,Clear,0,No,0000000,Not Applicable,17,5:00pm-5:59pm,23,23,17,5:00pm-5:59pm,31,31,17,5:00pm-5:59pm,42,42,1
42,Pennsylvania,420849,0,0,1,1,0,1,1,79,LUZERNE (79),0,NOT APPLICABLE,11,November,9,9,4,Wednesday,2022,11,11:00am-11:59am,39,39,I-81 AMERICAN LEGION MEM HWY,NA,1,Interstate,2,Urban,1,Interstate,1,State Highway Agency,1,This section IS ON the NHS,0,No Special Jurisdiction,1723,1723,41.27445556,41.27445556,-75.79923611,-75.79923611,35,Embankment,0,The First Harmful Event was Not a Collision with a Motor Vehicle in Transport,0,No,1,Non-Junction,1,Not an Intersection,3,On Median,0,None,1,Daylight,1,Clear,0,No,0000000,Not Applicable,11,11:00am-11:59am,2,2,11,11:00am-11:59am,6,6,88,Not Applicable (Not Transported),88,Not Applicable (Not Transported),1
42,Pennsylvania,420850,1,1,1,1,0,1,1,81,LYCOMING (81),5450,MONTOURSVILLE,6,June,3,3,6,Friday,2022,18,6:00pm-6:59pm,31,31,N LOYALSOCK AVE,TOMLINSON AL,6,Local Street - Municipality,2,Urban,7,Local,4,City or Municipal Highway Agency,0,This section IS NOT on the NHS,0,No Special Jurisdiction,0,None,41.257675,41.257675,-76.92083333,-76.92083333,9,Pedalcyclist,0,The First Harmful Event was Not a Collision with a Motor Vehicle in Transport,0,No,2,Intersection,3,T-Intersection,1,On Roadway,0,None,1,Daylight,1,Clear,0,No,0000000,Not Applicable,18,6:00pm-6:59pm,31,31,18,6:00pm-6:59pm,34,34,18,6:00pm-6:59pm,47,47,1
42,Pennsylvania,420851,0,0,2,2,0,2,2,129,WESTMORELAND (129),0,NOT APPLICABLE,9,September,21,21,4,Wednesday,2022,16,4:00pm-4:59pm,43,43,SR-3071 ARONA RD,NA,3,State Highway,1,Rural,5,Major Collector,1,State Highway Agency,0,This section IS NOT on the NHS,0,No Special Jurisdiction,26,26,40.25394167,40.25394167,-79.64171944,-79.64171944,12,Motor Vehicle In-Transport,2,Front-to-Front,0,No,1,Non-Junction,1,Not an Intersection,1,On Roadway,0,None,1,Daylight,1,Clear,0,No,0000000,Not Applicable,16,4:00pm-4:59pm,48,48,16,4:00pm-4:59pm,54,54,88,Not Applicable (Not Transported),88,Not Applicable (Not Transported),1
42,Pennsylvania,420852,0,0,2,2,0,2,2,73,LAWRENCE (73),5800,NEW CASTLE,12,December,29,29,5,Thursday,2022,20,8:00pm-8:59pm,12,12,SR-1007 CASCADE ST,STANTON AVE,3,State Highway,2,Urban,5,Major Collector,1,State Highway Agency,0,This section IS NOT on the NHS,0,No Special Jurisdiction,2,2,40.98311944,40.98311944,-80.31995278,-80.31995278,12,Motor Vehicle In-Transport,6,Angle,0,No,2,Intersection,2,Four-Way Intersection,1,On Roadway,0,None,3,Dark - Lighted,1,Clear,0,No,0000000,Not Applicable,20,8:00pm-8:59pm,14,14,20,8:00pm-8:59pm,20,20,20,8:00pm-8:59pm,43,43,1
42,Pennsylvania,420853,0,0,2,2,0,2,2,11,BERKS (11),6238,OLEY,8,August,23,23,3,Tuesday,2022,17,5:00pm-5:59pm,18,18,SR-662 MEMORIAL HW,SR-2020 OLEY TURNPIKE RD,3,State Highway,1,Rural,4,Minor Arterial,1,State Highway Agency,0,This section IS NOT on the NHS,0,No Special Jurisdiction,74,74,40.35369167,40.35369167,-75.76574167,-75.76574167,12,Motor Vehicle In-Transport,6,Angle,0,No,2,Intersection,2,Four-Way Intersection,1,On Roadway,0,None,1,Daylight,1,Clear,0,No,0000000,Not Applicable,99,Unknown,99,Unknown,99,Unknown EMS Scene Arrival Hour,99,Unknown EMS Scene Arrival Minutes,99,Unknown,99,Unknown EMS Hospital Arrival Time,1
42,Pennsylvania,420854,0,0,2,2,0,2,2,3,ALLEGHENY (3),6600,PITTSBURGH,11,November,8,8,3,Tuesday,2022,12,12:00pm-12:59pm,35,35,US-19T WEST LIBERTY AVE,NA,2,US Highway,2,Urban,3,Principal Arterial - Other,99,Unknown,1,This section IS ON the NHS,0,No Special Jurisdiction,30,30,40.40746389,40.40746389,-80.01823333,-80.01823333,12,Motor Vehicle In-Transport,1,Front-to-Rear,0,No,1,Non-Junction,1,Not an Intersection,1,On Roadway,0,None,1,Daylight,1,Clear,0,No,0000000,Not Applicable,12,12:00pm-12:59pm,35,35,12,12:00pm-12:59pm,40,40,12,12:00pm-12:59pm,52,52,1
42,Pennsylvania,420855,0,0,2,2,0,4,4,71,LANCASTER (71),0,NOT APPLICABLE,11,November,8,8,3,Tuesday,2022,11,11:00am-11:59am,2,2,SR-743 MAYTOWN RD,BOSSLER RD,3,State Highway,1,Rural,5,Major Collector,1,State Highway Agency,0,This section IS NOT on the NHS,0,No Special Jurisdiction,43,43,40.11576111,40.11576111,-76.59385556,-76.59385556,12,Motor Vehicle In-Transport,6,Angle,0,No,2,Intersection,2,Four-Way Intersection,1,On Roadway,0,None,1,Daylight,1,Clear,0,No,0000000,Not Applicable,99,Unknown,99,Unknown,99,Unknown EMS Scene Arrival Hour,99,Unknown EMS Scene Arrival Minutes,99,Unknown,99,Unknown EMS Hospital Arrival Time,1
42,Pennsylvania,420856,0,0,2,2,0,2,2,29,CHESTER (29),0,NOT APPLICABLE,7,July,19,19,3,Tuesday,2022,5,5:00am-5:59am,40,40,US-1 KENNETT OXFORD BP,NA,2,US Highway,2,Urban,2,Principal Arterial - Other Freeways and Expressways,99,Unknown,1,This section IS ON the NHS,0,No Special Jurisdiction,28,28,39.76140556,39.76140556,-76.01839722,-76.01839722,12,Motor Vehicle In-Transport,2,Front-to-Front,0,No,1,Non-Junction,1,Not an Intersection,1,On Roadway,0,None,4,Dawn,1,Clear,0,No,0000000,Not Applicable,5,5:00am-5:59am,52,52,6,6:00am-6:59am,0,0,99,Unknown,99,Unknown EMS Hospital Arrival Time,1
42,Pennsylvania,420857,1,1,1,1,0,1,1,79,LUZERNE (79),0,NOT APPLICABLE,11,November,9,9,4,Wednesday,2022,17,5:00pm-5:59pm,33,33,SR-2002 SANS SOUCI PKWY,NA,3,State Highway,2,Urban,3,Principal Arterial - Other,1,State Highway Agency,1,This section IS ON the NHS,0,No Special Jurisdiction,47,47,41.22956389,41.22956389,-75.92548056,-75.92548056,8,Pedestrian,0,The First Harmful Event was Not a Collision with a Motor Vehicle in Transport,0,No,1,Non-Junction,1,Not an Intersection,1,On Roadway,0,None,3,Dark - Lighted,1,Clear,0,No,0000000,Not Applicable,17,5:00pm-5:59pm,3,3,17,5:00pm-5:59pm,7,7,88,Not Applicable (Not Transported),88,Not Applicable (Not Transported),1
42,Pennsylvania,420858,0,0,2,2,0,4,4,5,ARMSTRONG (5),0,NOT APPLICABLE,8,August,15,15,2,Monday,2022,16,4:00pm-4:59pm,47,47,SR-268 RIVERVIEW DR,NA,3,State Highway,1,Rural,4,Minor Arterial,1,State Highway Agency,0,This section IS NOT on the NHS,0,No Special Jurisdiction,169,169,41.10747222,41.10747222,-79.681475,-79.681475,12,Motor Vehicle In-Transport,2,Front-to-Front,0,No,1,Non-Junction,1,Not an Intersection,1,On Roadway,0,None,1,Daylight,1,Clear,0,No,0000000,Not Applicable,99,Unknown,99,Unknown,99,Unknown EMS Scene Arrival Hour,99,Unknown EMS Scene Arrival Minutes,99,Unknown,99,Unknown EMS Hospital Arrival Time,3
42,Pennsylvania,420859,0,0,2,2,0,3,3,85,MERCER (85),0,NOT APPLICABLE,11,November,11,11,6,Friday,2022,20,8:00pm-8:59pm,4,4,I-79 RAYMOND P SHAFER HWY,NA,1,Interstate,1,Rural,1,Interstate,1,State Highway Agency,1,This section IS ON the NHS,0,No Special Jurisdiction,1289,1289,41.37554167,41.37554167,-80.15771667,-80.15771667,12,Motor Vehicle In-Transport,6,Angle,0,No,1,Non-Junction,1,Not an Intersection,1,On Roadway,0,None,2,Dark - Not Lighted,2,Rain,0,No,0000000,Not Applicable,99,Unknown,99,Unknown,99,Unknown EMS Scene Arrival Hour,99,Unknown EMS Scene Arrival Minutes,99,Unknown,99,Unknown EMS Hospital Arrival Time,1
42,Pennsylvania,420860,0,0,2,2,0,2,2,101,PHILADELPHIA (101),6540,PHILADELPHIA,11,November,11,11,6,Friday,2022,21,9:00pm-9:59pm,49,49,SR-1001 VERREE RD,NA,3,State Highway,2,Urban,4,Minor Arterial,1,State Highway Agency,0,This section IS NOT on the NHS,0,No Special Jurisdiction,73,73,40.10632778,40.10632778,-75.03049444,-75.03049444,12,Motor Vehicle In-Transport,6,Angle,0,No,8,Driveway Access Related,1,Not an Intersection,1,On Roadway,0,None,3,Dark - Lighted,2,Rain,0,No,0000000,Not Applicable,21,9:00pm-9:59pm,50,50,21,9:00pm-9:59pm,59,59,22,10:00pm-10:59pm,37,37,1
42,Pennsylvania,420861,0,0,1,1,0,1,1,29,CHESTER (29),0,NOT APPLICABLE,11,November,13,13,1,Sunday,2022,8,8:00am-8:59am,16,16,US-1 KENNETT OXFORD BYP,NA,2,US Highway,2,Urban,2,Principal Arterial - Other Freeways and Expressways,99,Unknown,1,This section IS ON the NHS,0,No Special Jurisdiction,216,216,39.85625556,39.85625556,-75.70696944,-75.70696944,42,Tree (Standing Only),0,The First Harmful Event was Not a Collision with a Motor Vehicle in Transport,0,No,1,Non-Junction,1,Not an Intersection,4,On Roadside,0,None,1,Daylight,1,Clear,0,No,0000000,Not Applicable,8,8:00am-8:59am,14,14,8,8:00am-8:59am,25,25,88,Not Applicable (Not Transported),88,Not Applicable (Not Transported),1
42,Pennsylvania,420862,0,0,2,2,0,3,3,101,PHILADELPHIA (101),6540,PHILADELPHIA,11,November,13,13,1,Sunday,2022,16,4:00pm-4:59pm,28,28,G ST,TIOGA ST,6,Local Street - Municipality,2,Urban,7,Local,4,City or Municipal Highway Agency,0,This section IS NOT on the NHS,0,No Special Jurisdiction,0,None,40.00139444,40.00139444,-75.11446944,-75.11446944,12,Motor Vehicle In-Transport,6,Angle,0,No,2,Intersection,2,Four-Way Intersection,1,On Roadway,0,None,1,Daylight,1,Clear,0,No,0000000,Not Applicable,16,4:00pm-4:59pm,29,29,16,4:00pm-4:59pm,36,36,88,Not Applicable (Not Transported),88,Not Applicable (Not Transported),1
42,Pennsylvania,420863,0,0,2,2,0,2,2,91,MONTGOMERY (91),9478,WORCESTER,7,July,11,11,2,Monday,2022,14,2:00pm-2:59pm,59,59,SR-363 VALLEY FORGE RD,NA,3,State Highway,2,Urban,3,Principal Arterial - Other,1,State Highway Agency,1,This section IS ON the NHS,0,No Special Jurisdiction,83,83,40.20688889,40.20688889,-75.33705556,-75.33705556,12,Motor Vehicle In-Transport,2,Front-to-Front,0,No,1,Non-Junction,1,Not an Intersection,1,On Roadway,0,None,1,Daylight,1,Clear,0,No,0000000,Not Applicable,99,Unknown,99,Unknown,99,Unknown EMS Scene Arrival Hour,99,Unknown EMS Scene Arrival Minutes,99,Unknown,99,Unknown EMS Hospital Arrival Time,1
42,Pennsylvania,420864,0,0,1,1,0,1,1,19,BUTLER (19),0,NOT APPLICABLE,11,November,10,10,5,Thursday,2022,16,4:00pm-4:59pm,19,19,SR-228 GLADE MILL RD,NA,3,State Highway,1,Rural,4,Minor Arterial,1,State Highway Agency,0,This section IS NOT on the NHS,0,No Special Jurisdiction,127,127,40.72359444,40.72359444,-79.86588333,-79.86588333,52,Guardrail End,0,The First Harmful Event was Not a Collision with a Motor Vehicle in Transport,0,No,1,Non-Junction,1,Not an Intersection,4,On Roadside,0,None,1,Daylight,1,Clear,0,No,0000000,Not Applicable,16,4:00pm-4:59pm,17,17,16,4:00pm-4:59pm,28,28,88,Not Applicable (Not Transported),88,Not Applicable (Not Transported),1
42,Pennsylvania,420865,0,0,2,2,0,2,2,17,BUCKS (17),0,NOT APPLICABLE,11,November,11,11,6,Friday,2022,13,1:00pm-1:59pm,19,19,SR-413 VETERANS HWY,FORD RD,3,State Highway,2,Urban,3,Principal Arterial - Other,1,State Highway Agency,1,This section IS ON the NHS,0,No Special Jurisdiction,29,29,40.123325,40.123325,-74.88156389,-74.88156389,12,Motor Vehicle In-Transport,6,Angle,0,No,2,Intersection,2,Four-Way Intersection,1,On Roadway,0,None,1,Daylight,2,Rain,0,No,0000000,Not Applicable,99,Unknown,99,Unknown,99,Unknown EMS Scene Arrival Hour,99,Unknown EMS Scene Arrival Minutes,99,Unknown,99,Unknown EMS Hospital Arrival Time,1
42,Pennsylvania,420866,0,0,1,1,0,1,1,133,YORK (133),0,NOT APPLICABLE,11,November,9,9,4,Wednesday,2022,16,4:00pm-4:59pm,48,48,I-83 VFW OF US MEM HWY,NA,1,Interstate,2,Urban,1,Interstate,1,State Highway Agency,1,This section IS ON the NHS,0,No Special Jurisdiction,285,285,40.09216111,40.09216111,-76.77168611,-76.77168611,35,Embankment,0,The First Harmful Event was Not a Collision with a Motor Vehicle in Transport,0,No,1,Non-Junction,1,Not an Intersection,4,On Roadside,0,None,1,Daylight,1,Clear,0,No,0000000,Not Applicable,99,Unknown,99,Unknown,99,Unknown EMS Scene Arrival Hour,99,Unknown EMS Scene Arrival Minutes,88,Not Applicable (Not Transported),88,Not Applicable (Not Transported),1
42,Pennsylvania,420867,0,0,2,2,0,3,3,127,WAYNE (127),0,NOT APPLICABLE,11,November,15,15,3,Tuesday,2022,9,9:00am-9:59am,34,34,SR-507 MILL CREEK RD,SR-196 TURNPIKE RD,3,State Highway,1,Rural,5,Major Collector,1,State Highway Agency,0,This section IS NOT on the NHS,0,No Special Jurisdiction,79,79,41.27841389,41.27841389,-75.36719722,-75.36719722,12,Motor Vehicle In-Transport,6,Angle,0,No,2,Intersection,2,Four-Way Intersection,1,On Roadway,0,None,1,Daylight,1,Clear,0,No,0000000,Not Applicable,9,9:00am-9:59am,6,6,10,10:00am-10:59am,1,1,11,11:00am-11:59am,6,6,1
42,Pennsylvania,420868,0,0,1,1,0,1,1,3,ALLEGHENY (3),9400,WILMERDING,8,August,2,2,3,Tuesday,2022,3,3:00am-3:59am,55,55,JEFFERSON ST,PATTON ST,6,Local Street - Municipality,2,Urban,7,Local,4,City or Municipal Highway Agency,0,This section IS NOT on the NHS,0,No Special Jurisdiction,0,None,40.39681944,40.39681944,-79.80473889,-79.80473889,19,Building,0,The First Harmful Event was Not a Collision with a Motor Vehicle in Transport,0,No,3,Intersection-Related,3,T-Intersection,5,Outside Trafficway,0,None,3,Dark - Lighted,1,Clear,0,No,0000000,Not Applicable,99,Unknown,99,Unknown,99,Unknown EMS Scene Arrival Hour,99,Unknown EMS Scene Arrival Minutes,88,Not Applicable (Not Transported),88,Not Applicable (Not Transported),1
42,Pennsylvania,420869,0,0,2,2,0,4,4,3,ALLEGHENY (3),6600,PITTSBURGH,11,November,16,16,4,Wednesday,2022,20,8:00pm-8:59pm,23,23,SR-837 EAST CARSON ST,NA,3,State Highway,2,Urban,3,Principal Arterial - Other,1,State Highway Agency,1,This section IS ON the NHS,0,No Special Jurisdiction,200,200,40.42152778,40.42152778,-79.95882222,-79.95882222,12,Motor Vehicle In-Transport,2,Front-to-Front,0,No,1,Non-Junction,1,Not an Intersection,1,On Roadway,0,None,3,Dark - Lighted,10,Cloudy,0,No,0000000,Not Applicable,20,8:00pm-8:59pm,27,27,20,8:00pm-8:59pm,32,32,20,8:00pm-8:59pm,59,59,1
42,Pennsylvania,420870,1,1,1,1,0,4,4,91,MONTGOMERY (91),0,NOT APPLICABLE,11,November,16,16,4,Wednesday,2022,17,5:00pm-5:59pm,20,20,CR-BUTLER PIKE,MEETINGHOUSE RD,4,County Road,1,Rural,7,Local,2,County Highway Agency,0,This section IS NOT on the NHS,0,No Special Jurisdiction,0,None,40.16963889,40.16963889,-75.20186111,-75.20186111,8,Pedestrian,0,The First Harmful Event was Not a Collision with a Motor Vehicle in Transport,0,No,3,Intersection-Related,3,T-Intersection,1,On Roadway,0,None,3,Dark - Lighted,10,Cloudy,0,No,0000000,Not Applicable,17,5:00pm-5:59pm,23,23,17,5:00pm-5:59pm,24,24,18,6:00pm-6:59pm,2,2,1
42,Pennsylvania,420871,0,0,1,1,0,1,1,77,LEHIGH (77),0,NOT APPLICABLE,8,August,2,2,3,Tuesday,2022,21,9:00pm-9:59pm,54,54,SR-378,SR-2036 SAUCON VALLEY RD,3,State Highway,1,Rural,3,Principal Arterial - Other,1,State Highway Agency,1,This section IS ON the NHS,0,No Special Jurisdiction,21,21,40.56058889,40.56058889,-75.39233611,-75.39233611,24,Guardrail Face,0,The First Harmful Event was Not a Collision with a Motor Vehicle in Transport,0,No,3,Intersection-Related,2,Four-Way Intersection,4,On Roadside,0,None,2,Dark - Not Lighted,1,Clear,0,No,0000000,Not Applicable,99,Unknown,99,Unknown,99,Unknown EMS Scene Arrival Hour,99,Unknown EMS Scene Arrival Minutes,99,Unknown,99,Unknown EMS Hospital Arrival Time,1
42,Pennsylvania,420872,1,1,1,1,0,1,1,91,MONTGOMERY (91),0,NOT APPLICABLE,11,November,16,16,4,Wednesday,2022,22,10:00pm-10:59pm,7,7,SR-100 POTTSTOWN BOYERTOWN BYP,SR-4049 UPLAND SQUARE DR,3,State Highway,2,Urban,3,Principal Arterial - Other,1,State Highway Agency,1,This section IS ON the NHS,0,No Special Jurisdiction,18,18,40.26506667,40.26506667,-75.65008889,-75.65008889,8,Pedestrian,0,The First Harmful Event was Not a Collision with a Motor Vehicle in Transport,0,No,3,Intersection-Related,7,"Five Point, or More",1,On Roadway,0,None,6,Dark - Unknown Lighting,1,Clear,0,No,0000000,Not Applicable,22,10:00pm-10:59pm,9,9,22,10:00pm-10:59pm,15,15,22,10:00pm-10:59pm,34,34,1
42,Pennsylvania,420873,0,0,2,2,0,2,2,3,ALLEGHENY (3),8164,STOWE TWP,8,August,2,2,3,Tuesday,2022,13,1:00pm-1:59pm,27,27,SR-3092 SEVENTH ST,NA,3,State Highway,2,Urban,4,Minor Arterial,4,City or Municipal Highway Agency,0,This section IS NOT on the NHS,0,No Special Jurisdiction,0,None,40.47398889,40.47398889,-80.07184444,-80.07184444,12,Motor Vehicle In-Transport,2,Front-to-Front,0,No,1,Non-Junction,1,Not an Intersection,1,On Roadway,0,None,1,Daylight,1,Clear,0,No,0000000,Not Applicable,13,1:00pm-1:59pm,25,25,13,1:00pm-1:59pm,32,32,14,2:00pm-2:59pm,1,1,1
42,Pennsylvania,420874,0,0,1,1,0,1,1,39,CRAWFORD (39),0,NOT APPLICABLE,11,November,16,16,4,Wednesday,2022,11,11:00am-11:59am,21,21,US-322 TWENTYEIGHTH DIVISI HWY,NA,2,US Highway,1,Rural,3,Principal Arterial - Other,99,Unknown,1,This section IS ON the NHS,0,No Special Jurisdiction,249,249,41.53287222,41.53287222,-80.06854722,-80.06854722,35,Embankment,0,The First Harmful Event was Not a Collision with a Motor Vehicle in Transport,0,No,1,Non-Junction,1,Not an Intersection,4,On Roadside,0,None,1,Daylight,98,Not Reported,0,No,0000000,Not Applicable,99,Unknown,99,Unknown,99,Unknown EMS Scene Arrival Hour,99,Unknown EMS Scene Arrival Minutes,99,Unknown,99,Unknown EMS Hospital Arrival Time,1
42,Pennsylvania,420875,0,0,2,2,0,2,2,3,ALLEGHENY (3),6632,PLEASANT HILL,8,August,3,3,4,Wednesday,2022,20,8:00pm-8:59pm,35,35,SR-0051 CLAIRTON BL,SR-2032 LEWIS RUN RD,3,State Highway,2,Urban,3,Principal Arterial - Other,1,State Highway Agency,0,This section IS NOT on the NHS,0,No Special Jurisdiction,103,103,40.32103056,40.32103056,-79.94221667,-79.94221667,12,Motor Vehicle In-Transport,6,Angle,0,No,2,Intersection,2,Four-Way Intersection,1,On Roadway,0,None,5,Dusk,10,Cloudy,0,No,0000000,Not Applicable,20,8:00pm-8:59pm,38,38,20,8:00pm-8:59pm,42,42,88,Not Applicable (Not Transported),88,Not Applicable (Not Transported),1