STATE,STATENAME,ST_CASE,PEDS,PERNOTMVIT,VE_TOTAL,VE_FORMS,PVH_INVL,PERSONS,PERMVIT,COUNTY,COUNTYNAME,CITY,CITYNAME,MONTH,MONTHNAME,DAY,DAYNAME,DAY_WEEK,DAY_WEEKNAME,YEAR,HOUR,HOURNAME,MINUTE,MINUTENAME,TWAY_ID,TWAY_ID2,ROUTE,ROUTENAME,RUR_URB,RUR_URBNAME,FUNC_SYS,FUNC_SYSNAME,RD_OWNER,RD_OWNERNAME,NHS,NHSNAME,SP_JUR,SP_JURNAME,MILEPT,MILEPTNAME,LATITUDE,LATITUDENAME,LONGITUD,LONGITUDNAME,HARM_EV,HARM_EVNAME,MAN_COLL,MAN_COLLNAME,RELJCT1,RELJCT1NAME,RELJCT2,RELJCT2NAME,TYP_INT,TYP_INTNAME,REL_ROAD,REL_ROADNAME,WRK_ZONE,WRK_ZONENAME,LGT_COND,LGT_CONDNAME,WEATHER,WEATHERNAME,SCH_BUS,SCH_BUSNAME,RAIL,RAILNAME,NOT_HOUR,NOT_HOURNAME,NOT_MIN,NOT_MINNAME,ARR_HOUR,ARR_HOURNAME,ARR_MIN,ARR_MINNAME,HOSP_HR,HOSP_HRNAME,HOSP_MN,HOSP_MNNAME,FATALS
42,Pennsylvania,420876,0,0,1,1,0,1,1,3,ALLEGHENY (3),3013,FRANKLIN PARK,11,November,20,20,1,Sunday,2022,0,0:00am-0:59am,53,53,I-279 NORTH HILLS EXPY,NA,1,Interstate,2,Urban,1,Interstate,1,State Highway Agency,1,This section IS ON the NHS,0,No Special Jurisdiction,131,131,40.58589444,40.58589444,-80.09929444,-80.09929444,30,Utility Pole/Light Support,0,The First Harmful Event was Not a Collision with a Motor Vehicle in Transport,0,No,1,Non-Junction,1,Not an Intersection,4,On Roadside,0,None,3,Dark - Lighted,11,Blowing Snow,0,No,0000000,Not Applicable,0,0:00am-0:59am,49,49,0,0:00am-0:59am,57,57,88,Not Applicable (Not Transported),88,Not Applicable (Not Transported),1
42,Pennsylvania,420877,0,0,1,1,0,1,1,9,BEDFORD (9),0,NOT APPLICABLE,8,August,4,4,5,Thursday,2022,6,6:00am-6:59am,45,45,SR-869,NA,3,State Highway,1,Rural,5,Major Collector,1,State Highway Agency,0,This section IS NOT on the NHS,0,No Special Jurisdiction,63,63,40.24035556,40.24035556,-78.57361944,-78.57361944,42,Tree (Standing Only),0,The First Harmful Event was Not a Collision with a Motor Vehicle in Transport,0,No,1,Non-Junction,1,Not an Intersection,4,On Roadside,0,None,4,Dawn,1,Clear,0,No,0000000,Not Applicable,99,Unknown,99,Unknown,99,Unknown EMS Scene Arrival Hour,99,Unknown EMS Scene Arrival Minutes,88,Not Applicable (Not Transported),88,Not Applicable (Not Transported),1
42,Pennsylvania,420878,0,0,2,2,0,3,3,33,CLEARFIELD (33),0,NOT APPLICABLE,11,November,18,18,6,Friday,2022,10,10:00am-10:59am,15,15,I-80 Z H CONFAIR MEMORIAL HWY,NA,1,Interstate,1,Rural,1,Interstate,1,State Highway Agency,1,This section IS ON the NHS,0,No Special Jurisdiction,990,990,41.14125278,41.14125278,-78.74498889,-78.74498889,12,Motor Vehicle In-Transport,1,Front-to-Rear,0,No,1,Non-Junction,1,Not an Intersection,1,On Roadway,0,None,1,Daylight,1,Clear,0,No,0000000,Not Applicable,10,10:00am-10:59am,20,20,10,10:00am-10:59am,33,33,11,11:00am-11:59am,26,26,1
42,Pennsylvania,420879,1,1,1,1,0,1,1,3,ALLEGHENY (3),6600,PITTSBURGH,8,August,4,4,5,Thursday,2022,16,4:00pm-4:59pm,3,3,BLVD OF THE ALLIES BL,WARD ST,6,Local Street - Municipality,2,Urban,7,Local,4,City or Municipal Highway Agency,0,This section IS NOT on the NHS,0,No Special Jurisdiction,0,None,40.43463056,40.43463056,-79.95466667,-79.95466667,8,Pedestrian,0,The First Harmful Event was Not a Collision with a Motor Vehicle in Transport,0,No,3,Intersection-Related,2,Four-Way Intersection,1,On Roadway,0,None,1,Daylight,1,Clear,0,No,0000000,Not Applicable,16,4:00pm-4:59pm,3,3,16,4:00pm-4:59pm,6,6,16,4:00pm-4:59pm,17,17,1
42,Pennsylvania,420880,0,0,2,2,0,2,2,101,PHILADELPHIA (101),6540,PHILADELPHIA,11,November,19,19,7,Saturday,2022,11,11:00am-11:59am,30,30,PATTISON AVE,GATEWAY DR,6,Local Street - Municipality,2,Urban,7,Local,4,City or Municipal Highway Agency,0,This section IS NOT on the NHS,0,No Special Jurisdiction,0,None,39.90725278,39.90725278,-75.187725,-75.187725,12,Motor Vehicle In-Transport,2,Front-to-Front,0,No,3,Intersection-Related,3,T-Intersection,1,On Roadway,0,None,1,Daylight,1,Clear,0,No,0000000,Not Applicable,11,11:00am-11:59am,32,32,11,11:00am-11:59am,39,39,88,Not Applicable (Not Transported),88,Not Applicable (Not Transported),1
42,Pennsylvania,420881,0,0,1,1,0,1,1,35,CLINTON (35),0,NOT APPLICABLE,11,November,21,21,2,Monday,2022,16,4:00pm-4:59pm,49,49,SR-8008 RAMP C RD,NA,3,State Highway,1,Rural,1,Interstate,1,State Highway Agency,1,This section IS ON the NHS,0,No Special Jurisdiction,1856,1856,41.05129167,41.05129167,-77.30611944,-77.30611944,59,Traffic Sign Support,0,The First Harmful Event was Not a Collision with a Motor Vehicle in Transport,1,Yes,5,Entrance/Exit Ramp Related,1,Not an Intersection,4,On Roadside,0,None,1,Daylight,1,Clear,0,No,0000000,Not Applicable,16,4:00pm-4:59pm,46,46,17,5:00pm-5:59pm,3,3,88,Not Applicable (Not Transported),88,Not Applicable (Not Transported),1
42,Pennsylvania,420882,0,0,2,2,0,4,4,9,BEDFORD (9),0,NOT APPLICABLE,8,August,6,6,7,Saturday,2022,14,2:00pm-2:59pm,17,17,SR-869 WILLIAM PENN RD,CHURCHVILLE RD,3,State Highway,1,Rural,5,Major Collector,1,State Highway Agency,0,This section IS NOT on the NHS,0,No Special Jurisdiction,129,129,40.16578611,40.16578611,-78.517575,-78.517575,12,Motor Vehicle In-Transport,6,Angle,0,No,2,Intersection,2,Four-Way Intersection,1,On Roadway,0,None,1,Daylight,1,Clear,0,No,0000000,Not Applicable,99,Unknown,99,Unknown,99,Unknown EMS Scene Arrival Hour,99,Unknown EMS Scene Arrival Minutes,99,Unknown,99,Unknown EMS Hospital Arrival Time,1
42,Pennsylvania,420883,0,0,1,1,0,1,1,45,DELAWARE (45),0,NOT APPLICABLE,8,August,8,8,2,Monday,2022,6,6:00am-6:59am,34,34,US-1 STATE RD,COLLINS DR,2,US Highway,2,Urban,2,Principal Arterial - Other Freeways and Expressways,99,Unknown,1,This section IS ON the NHS,0,No Special Jurisdiction,143,143,39.93722222,39.93722222,-75.35414444,-75.35414444,46,Traffic Signal Support,0,The First Harmful Event was Not a Collision with a Motor Vehicle in Transport,1,Yes,3,Intersection-Related,7,"Five Point, or More",4,On Roadside,0,None,1,Daylight,1,Clear,0,No,0000000,Not Applicable,6,6:00am-6:59am,34,34,6,6:00am-6:59am,40,40,88,Not Applicable (Not Transported),88,Not Applicable (Not Transported),1
42,Pennsylvania,420884,0,0,2,2,0,2,2,19,BUTLER (19),0,NOT APPLICABLE,8,August,10,10,4,Wednesday,2022,22,10:00pm-10:59pm,35,35,SR-2012 DINNERBELL RD,MORGAN RD,3,State Highway,1,Rural,5,Major Collector,1,State Highway Agency,0,This section IS NOT on the NHS,0,No Special Jurisdiction,20,20,40.75779722,40.75779722,-79.885175,-79.885175,12,Motor Vehicle In-Transport,6,Angle,0,No,2,Intersection,2,Four-Way Intersection,1,On Roadway,0,None,2,Dark - Not Lighted,1,Clear,0,No,0000000,Not Applicable,22,10:00pm-10:59pm,46,46,22,10:00pm-10:59pm,49,49,23,11:00pm-11:59pm,3,3,1
42,Pennsylvania,420885,1,1,1,1,0,1,1,91,MONTGOMERY (91),0,NOT APPLICABLE,11,November,23,23,4,Wednesday,2022,22,10:00pm-10:59pm,33,33,I-476 MID COUNTY EXPY,NA,1,Interstate,2,Urban,1,Interstate,1,State Highway Agency,1,This section IS ON the NHS,0,No Special Jurisdiction,187,187,40.09739167,40.09739167,-75.30075556,-75.30075556,8,Pedestrian,0,The First Harmful Event was Not a Collision with a Motor Vehicle in Transport,0,No,1,Non-Junction,1,Not an Intersection,1,On Roadway,0,None,2,Dark - Not Lighted,1,Clear,0,No,0000000,Not Applicable,22,10:00pm-10:59pm,36,36,22,10:00pm-10:59pm,44,44,88,Not Applicable (Not Transported),88,Not Applicable (Not Transported),1
42,Pennsylvania,420886,0,0,1,1,0,2,2,3,ALLEGHENY (3),3200,GLASSPORT,11,November,24,24,5,Thursday,2022,7,7:00am-7:59am,40,40,MONONGAHELA AVE,NA,6,Local Street - Municipality,2,Urban,7,Local,4,City or Municipal Highway Agency,0,This section IS NOT on the NHS,0,No Special Jurisdiction,0,None,40.34289722,40.34289722,-79.88547222,-79.88547222,31,"Post, Pole or Other Supports",0,The First Harmful Event was Not a Collision with a Motor Vehicle in Transport,0,No,1,Non-Junction,1,Not an Intersection,4,On Roadside,0,None,1,Daylight,1,Clear,0,No,0000000,Not Applicable,7,7:00am-7:59am,52,52,7,7:00am-7:59am,53,53,8,8:00am-8:59am,25,25,1
42,Pennsylvania,420887,0,0,1,1,0,1,1,85,MERCER (85),7550,SHARON,11,November,24,24,5,Thursday,2022,10,10:00am-10:59am,7,7,STATE ST,NA,6,Local Street - Municipality,2,Urban,7,Local,4,City or Municipal Highway Agency,0,This section IS NOT on the NHS,0,No Special Jurisdiction,0,None,41.23273889,41.23273889,-80.51680556,-80.51680556,33,Curb,0,The First Harmful Event was Not a Collision with a Motor Vehicle in Transport,0,No,1,Non-Junction,1,Not an Intersection,4,On Roadside,0,None,1,Daylight,1,Clear,0,No,0000000,Not Applicable,99,Unknown,99,Unknown,99,Unknown EMS Scene Arrival Hour,99,Unknown EMS Scene Arrival Minutes,99,Unknown,99,Unknown EMS Hospital Arrival Time,1
42,Pennsylvania,420888,0,0,2,2,0,3,3,17,BUCKS (17),515,BEDMINSTER,8,August,13,13,7,Saturday,2022,19,7:00pm-7:59pm,42,42,SR-113 BEDMINISTER RD,BUCKS RD,3,State Highway,2,Urban,5,Major Collector,1,State Highway Agency,0,This section IS NOT on the NHS,0,No Special Jurisdiction,73,73,40.387375,40.387375,-75.21411944,-75.21411944,12,Motor Vehicle In-Transport,6,Angle,0,No,2,Intersection,2,Four-Way Intersection,1,On Roadway,0,None,1,Daylight,1,Clear,0,No,0000000,Not Applicable,19,7:00pm-7:59pm,45,45,19,7:00pm-7:59pm,56,56,21,9:00pm-9:59pm,3,3,1
42,Pennsylvania,420889,1,1,1,1,0,1,1,107,SCHUYLKILL (107),2990,FRACKVILLE,8,August,15,15,2,Monday,2022,15,3:00pm-3:59pm,36,36,SR-924 LEHIGH AVE,FRACK ST,3,State Highway,2,Urban,4,Minor Arterial,1,State Highway Agency,0,This section IS NOT on the NHS,0,No Special Jurisdiction,0,None,40.785,40.785,-76.23103889,-76.23103889,8,Pedestrian,0,The First Harmful Event was Not a Collision with a Motor Vehicle in Transport,0,No,3,Intersection-Related,2,Four-Way Intersection,1,On Roadway,0,None,1,Daylight,99,Reported as Unknown,0,No,0000000,Not Applicable,99,Unknown,99,Unknown,99,Unknown EMS Scene Arrival Hour,99,Unknown EMS Scene Arrival Minutes,99,Unknown,99,Unknown EMS Hospital Arrival Time,1
42,Pennsylvania,420890,1,1,1,1,0,1,1,101,PHILADELPHIA (101),6540,PHILADELPHIA,11,November,24,24,5,Thursday,2022,6,6:00am-6:59am,13,13,SR-3013 ISLAND AVE,NA,3,State Highway,2,Urban,3,Principal Arterial - Other,1,State Highway Agency,1,This section IS ON the NHS,0,No Special Jurisdiction,13,13,39.91265833,39.91265833,-75.24323333,-75.24323333,8,Pedestrian,0,The First Harmful Event was Not a Collision with a Motor Vehicle in Transport,0,No,1,Non-Junction,1,Not an Intersection,1,On Roadway,0,None,3,Dark - Lighted,1,Clear,0,No,0000000,Not Applicable,6,6:00am-6:59am,15,15,6,6:00am-6:59am,24,24,6,6:00am-6:59am,39,39,1
42,Pennsylvania,420891,0,0,2,2,0,2,2,75,LEBANON (75),0,NOT APPLICABLE,8,August,17,17,4,Wednesday,2022,16,4:00pm-4:59pm,34,34,SR-72 EBENEZER RD,NA,3,State Highway,1,Rural,3,Principal Arterial - Other,1,State Highway Agency,1,This section IS ON the NHS,0,No Special Jurisdiction,133,133,40.44538889,40.44538889,-76.51097222,-76.51097222,12,Motor Vehicle In-Transport,2,Front-to-Front,0,No,1,Non-Junction,1,Not an Intersection,1,On Roadway,0,None,1,Daylight,1,Clear,0,No,0000000,Not Applicable,99,Unknown,99,Unknown,99,Unknown EMS Scene Arrival Hour,99,Unknown EMS Scene Arrival Minutes,99,Unknown,99,Unknown EMS Hospital Arrival Time,1
42,Pennsylvania,420892,0,0,2,2,0,3,3,101,PHILADELPHIA (101),6540,PHILADELPHIA,5,May,20,20,6,Friday,2022,2,2:00am-2:59am,31,31,SR-2016 ALLEGHENY AVE,NA,3,State Highway,2,Urban,4,Minor Arterial,1,State Highway Agency,0,This section IS NOT on the NHS,0,No Special Jurisdiction,42,42,39.99574444,39.99574444,-75.11276944,-75.11276944,12,Motor Vehicle In-Transport,2,Front-to-Front,0,No,1,Non-Junction,1,Not an Intersection,1,On Roadway,0,None,2,Dark - Not Lighted,1,Clear,0,No,0000000,Not Applicable,2,2:00am-2:59am,33,33,2,2:00am-2:59am,39,39,2,2:00am-2:59am,56,56,1
42,Pennsylvania,420893,0,0,2,2,0,3,3,67,JUNIATA (67),0,NOT APPLICABLE,8,August,19,19,6,Friday,2022,16,4:00pm-4:59pm,53,53,SR-35 JUNIATA TW,NA,3,State Highway,1,Rural,5,Major Collector,1,State Highway Agency,0,This section IS NOT on the NHS,0,No Special Jurisdiction,172,172,40.51336944,40.51336944,-77.514675,-77.514675,12,Motor Vehicle In-Transport,6,Angle,0,No,8,Driveway Access Related,1,Not an Intersection,1,On Roadway,0,None,1,Daylight,1,Clear,0,No,0000000,Not Applicable,16,4:00pm-4:59pm,50,50,17,5:00pm-5:59pm,6,6,18,6:00pm-6:59pm,30,30,1
42,Pennsylvania,420894,0,0,1,1,0,1,1,101,PHILADELPHIA (101),6540,PHILADELPHIA,11,November,27,27,1,Sunday,2022,10,10:00am-10:59am,0,0,SR-1009 BUSTLETON AVE,NA,3,State Highway,2,Urban,3,Principal Arterial - Other,1,State Highway Agency,1,This section IS ON the NHS,0,No Special Jurisdiction,57,57,40.0752,40.0752,-75.04563333,-75.04563333,42,Tree (Standing Only),0,The First Harmful Event was Not a Collision with a Motor Vehicle in Transport,0,No,1,Non-Junction,1,Not an Intersection,4,On Roadside,0,None,1,Daylight,10,Cloudy,0,No,0000000,Not Applicable,10,10:00am-10:59am,6,6,10,10:00am-10:59am,12,12,10,10:00am-10:59am,32,32,1
42,Pennsylvania,420895,0,0,2,2,0,2,2,71,LANCASTER (71),0,NOT APPLICABLE,8,August,20,20,7,Saturday,2022,19,7:00pm-7:59pm,22,22,SEITZ RD,MANOR CHURCH RD,5,Local Street - Township,1,Rural,7,Local,3,Town or Township Highway Agency,0,This section IS NOT on the NHS,0,No Special Jurisdiction,0,None,40.0212,40.0212,-76.44176944,-76.44176944,7,Other Non-Collision,0,The First Harmful Event was Not a Collision with a Motor Vehicle in Transport,0,No,3,Intersection-Related,3,T-Intersection,1,On Roadway,0,None,5,Dusk,1,Clear,0,No,0000000,Not Applicable,19,7:00pm-7:59pm,24,24,19,7:00pm-7:59pm,38,38,88,Not Applicable (Not Transported),88,Not Applicable (Not Transported),1
42,Pennsylvania,420896,0,0,2,2,0,3,3,3,ALLEGHENY (3),8164,STOWE TWP,8,August,19,19,6,Friday,2022,16,4:00pm-4:59pm,12,12,MCCOY RD,NA,5,Local Street - Township,2,Urban,7,Local,3,Town or Township Highway Agency,0,This section IS NOT on the NHS,0,No Special Jurisdiction,0,None,40.48052778,40.48052778,-80.082,-80.082,12,Motor Vehicle In-Transport,2,Front-to-Front,0,No,1,Non-Junction,1,Not an Intersection,1,On Roadway,0,None,1,Daylight,1,Clear,0,No,0000000,Not Applicable,16,4:00pm-4:59pm,15,15,16,4:00pm-4:59pm,20,20,16,4:00pm-4:59pm,46,46,1
42,Pennsylvania,420897,0,0,2,2,0,3,3,41,CUMBERLAND (41),0,NOT APPLICABLE,11,November,28,28,2,Monday,2022,6,6:00am-6:59am,18,18,SR-2004 LISBURN RD,NA,3,State Highway,2,Urban,5,Major Collector,1,State Highway Agency,0,This section IS NOT on the NHS,0,No Special Jurisdiction,59,59,40.16056389,40.16056389,-77.02058333,-77.02058333,12,Motor Vehicle In-Transport,6,Angle,0,No,1,Non-Junction,1,Not an Intersection,1,On Roadway,0,None,2,Dark - Not Lighted,10,Cloudy,0,No,0000000,Not Applicable,6,6:00am-6:59am,24,24,6,6:00am-6:59am,26,26,88,Not Applicable (Not Transported),88,Not Applicable (Not Transported),2
42,Pennsylvania,420898,0,0,1,1,0,2,2,133,YORK (133),0,NOT APPLICABLE,11,November,28,28,2,Monday,2022,9,9:00am-9:59am,35,35,ORCHARD ST,NA,5,Local Street - Township,1,Rural,7,Local,3,Town or Township Highway Agency,0,This section IS NOT on the NHS,0,No Special Jurisdiction,0,None,39.90985556,39.90985556,-76.64549722,-76.64549722,42,Tree (Standing Only),0,The First Harmful Event was Not a Collision with a Motor Vehicle in Transport,0,No,1,Non-Junction,1,Not an Intersection,4,On Roadside,0,None,1,Daylight,10,Cloudy,0,No,0000000,Not Applicable,9,9:00am-9:59am,30,30,9,9:00am-9:59am,38,38,10,10:00am-10:59am,23,23,1
42,Pennsylvania,420899,1,1,1,1,0,1,1,101,PHILADELPHIA (101),6540,PHILADELPHIA,11,November,30,30,4,Wednesday,2022,2,2:00am-2:59am,28,28,SR-1007 FRANKFORD AVE,GLENWOOD AVE,3,State Highway,2,Urban,4,Minor Arterial,1,State Highway Agency,0,This section IS NOT on the NHS,0,No Special Jurisdiction,34,34,40.00071667,40.00071667,-75.09774722,-75.09774722,8,Pedestrian,0,The First Harmful Event was Not a Collision with a Motor Vehicle in Transport,0,No,2,Intersection,2,Four-Way Intersection,1,On Roadway,0,None,3,Dark - Lighted,1,Clear,0,No,0000000,Not Applicable,99,Unknown,99,Unknown,99,Unknown EMS Scene Arrival Hour,99,Unknown EMS Scene Arrival Minutes,99,Unknown,99,Unknown EMS Hospital Arrival Time,1
42,Pennsylvania,420900,0,0,2,2,0,3,3,17,BUCKS (17),0,NOT APPLICABLE,8,August,19,19,6,Friday,2022,22,10:00pm-10:59pm,41,41,SR-611 EASTON RD,SR-2089-ALMSHOUSE RD,3,State Highway,2,Urban,3,Principal Arterial - Other,1,State Highway Agency,1,This section IS ON the NHS,0,No Special Jurisdiction,41,41,40.27104444,40.27104444,-75.12933333,-75.12933333,33,Curb,0,The First Harmful Event was Not a Collision with a Motor Vehicle in Transport,0,No,3,Intersection-Related,2,Four-Way Intersection,3,On Median,0,None,3,Dark - Lighted,1,Clear,0,No,0000000,Not Applicable,22,10:00pm-10:59pm,41,41,22,10:00pm-10:59pm,45,45,23,11:00pm-11:59pm,14,14,1
42,Pennsylvania,420901,1,1,1,1,0,1,1,101,PHILADELPHIA (101),6540,PHILADELPHIA,12,December,2,2,6,Friday,2022,6,6:00am-6:59am,21,21,US-1 ROOSEVELT BLVD,NA,2,US Highway,2,Urban,3,Principal Arterial - Other,99,Unknown,1,This section IS ON the NHS,0,No Special Jurisdiction,124,124,40.04563056,40.04563056,-75.0531,-75.0531,8,Pedestrian,0,The First Harmful Event was Not a Collision with a Motor Vehicle in Transport,0,No,1,Non-Junction,1,Not an Intersection,1,On Roadway,0,None,3,Dark - Lighted,1,Clear,0,No,0000000,Not Applicable,6,6:00am-6:59am,22,22,6,6:00am-6:59am,27,27,88,Not Applicable (Not Transported),88,Not Applicable (Not Transported),1
42,Pennsylvania,420902,0,0,2,2,0,3,3,121,VENANGO (121),8217,SUGARCREEK,12,December,2,2,6,Friday,2022,12,12:00pm-12:59pm,14,14,US-62 ALLEGHENY BLVD,NA,2,US Highway,2,Urban,3,Principal Arterial - Other,99,Unknown,1,This section IS ON the NHS,0,No Special Jurisdiction,128,128,41.40630278,41.40630278,-79.79886111,-79.79886111,12,Motor Vehicle In-Transport,1,Front-to-Rear,0,No,8,Driveway Access Related,1,Not an Intersection,1,On Roadway,0,None,1,Daylight,1,Clear,0,No,0000000,Not Applicable,99,Unknown,99,Unknown,99,Unknown EMS Scene Arrival Hour,99,Unknown EMS Scene Arrival Minutes,99,Unknown,99,Unknown EMS Hospital Arrival Time,1
42,Pennsylvania,420903,0,0,1,1,0,1,1,3,ALLEGHENY (3),6600,PITTSBURGH,12,December,3,3,7,Saturday,2022,3,3:00am-3:59am,18,18,I-376 PENN LINCOLN PKWY,NA,1,Interstate,2,Urban,1,Interstate,1,State Highway Agency,1,This section IS ON the NHS,0,No Special Jurisdiction,719,719,40.43601667,40.43601667,-79.97466111,-79.97466111,25,Concrete Traffic Barrier,0,The First Harmful Event was Not a Collision with a Motor Vehicle in Transport,0,No,1,Non-Junction,1,Not an Intersection,3,On Median,0,None,3,Dark - Lighted,2,Rain,0,No,0000000,Not Applicable,3,3:00am-3:59am,2,2,3,3:00am-3:59am,8,8,88,Not Applicable (Not Transported),88,Not Applicable (Not Transported),1
42,Pennsylvania,420904,0,0,2,2,0,6,6,27,CENTRE (27),0,NOT APPLICABLE,8,August,20,20,7,Saturday,2022,20,8:00pm-8:59pm,4,4,SR-144 CENTRE HALL MTN RD,NA,3,State Highway,1,Rural,3,Principal Arterial - Other,1,State Highway Agency,1,This section IS ON the NHS,0,No Special Jurisdiction,76,76,40.85475,40.85475,-77.72511111,-77.72511111,12,Motor Vehicle In-Transport,2,Front-to-Front,0,No,1,Non-Junction,1,Not an Intersection,1,On Roadway,0,None,1,Daylight,1,Clear,0,No,0000000,Not Applicable,20,8:00pm-8:59pm,6,6,20,8:00pm-8:59pm,14,14,20,8:00pm-8:59pm,50,50,1
42,Pennsylvania,420905,0,0,2,2,0,2,2,107,SCHUYLKILL (107),0,NOT APPLICABLE,12,December,3,3,7,Saturday,2022,0,0:00am-0:59am,3,3,SR-4011 MAIN ST,NA,3,State Highway,1,Rural,5,Major Collector,1,State Highway Agency,0,This section IS NOT on the NHS,0,No Special Jurisdiction,14,14,40.61301667,40.61301667,-76.47993611,-76.47993611,12,Motor Vehicle In-Transport,2,Front-to-Front,0,No,1,Non-Junction,1,Not an Intersection,1,On Roadway,0,None,2,Dark - Not Lighted,1,Clear,0,No,0000000,Not Applicable,99,Unknown,99,Unknown,99,Unknown EMS Scene Arrival Hour,99,Unknown EMS Scene Arrival Minutes,88,Not Applicable (Not Transported),88,Not Applicable (Not Transported),1
42,Pennsylvania,420906,0,0,1,1,0,2,2,71,LANCASTER (71),0,NOT APPLICABLE,12,December,3,3,7,Saturday,2022,1,1:00am-1:59am,7,7,SR-4001 PROSPECT RD,NA,3,State Highway,2,Urban,5,Major Collector,1,State Highway Agency,0,This section IS NOT on the NHS,0,No Special Jurisdiction,21,21,40.08459444,40.08459444,-76.45844444,-76.45844444,42,Tree (Standing Only),0,The First Harmful Event was Not a Collision with a Motor Vehicle in Transport,0,No,1,Non-Junction,1,Not an Intersection,4,On Roadside,0,None,2,Dark - Not Lighted,1,Clear,0,No,0000000,Not Applicable,1,1:00am-1:59am,10,10,1,1:00am-1:59am,21,21,2,2:00am-2:59am,0,0,1
42,Pennsylvania,420907,0,0,2,2,0,5,5,43,DAUPHIN (43),3500,HARRISBURG,8,August,26,26,6,Friday,2022,22,10:00pm-10:59pm,5,5,SR-230 CAMERON ST,SHANOIS ST,3,State Highway,2,Urban,3,Principal Arterial - Other,1,State Highway Agency,1,This section IS ON the NHS,0,No Special Jurisdiction,25,25,40.24821944,40.24821944,-76.86416944,-76.86416944,12,Motor Vehicle In-Transport,2,Front-to-Front,0,No,2,Intersection,3,T-Intersection,1,On Roadway,0,None,3,Dark - Lighted,1,Clear,0,No,0000000,Not Applicable,22,10:00pm-10:59pm,5,5,22,10:00pm-10:59pm,9,9,22,10:00pm-10:59pm,47,47,2
42,Pennsylvania,420908,0,0,2,2,0,3,3,69,LACKAWANNA (69),0,NOT APPLICABLE,12,December,3,3,7,Saturday,2022,20,8:00pm-8:59pm,0,0,SR-107 HEARTLAKE RD,NA,3,State Highway,1,Rural,5,Major Collector,1,State Highway Agency,0,This section IS NOT on the NHS,0,No Special Jurisdiction,104,104,41.56858056,41.56858056,-75.58468611,-75.58468611,12,Motor Vehicle In-Transport,2,Front-to-Front,0,No,1,Non-Junction,1,Not an Intersection,1,On Roadway,0,None,1,Daylight,1,Clear,0,No,0000000,Not Applicable,99,Unknown,99,Unknown,99,Unknown EMS Scene Arrival Hour,99,Unknown EMS Scene Arrival Minutes,99,Unknown,99,Unknown EMS Hospital Arrival Time,2
42,Pennsylvania,420909,0,0,1,1,0,3,3,17,BUCKS (17),8711,UPPER SOUTHAMPTON,8,August,26,26,6,Friday,2022,2,2:00am-2:59am,18,18,SR-2014 CHURCHVILLE RD,NA,3,State Highway,2,Urban,5,Major Collector,1,State Highway Agency,0,This section IS NOT on the NHS,0,No Special Jurisdiction,10,10,40.17890278,40.17890278,-75.02244444,-75.02244444,33,Curb,0,The First Harmful Event was Not a Collision with a Motor Vehicle in Transport,0,No,1,Non-Junction,1,Not an Intersection,4,On Roadside,0,None,2,Dark - Not Lighted,1,Clear,0,No,0000000,Not Applicable,2,2:00am-2:59am,19,19,2,2:00am-2:59am,26,26,3,3:00am-3:59am,3,3,1
42,Pennsylvania,420910,0,0,2,2,0,3,3,79,LUZERNE (79),8225,SUGARLOAF,12,December,5,5,2,Monday,2022,15,3:00pm-3:59pm,35,35,SR-93 BERWICK-HAZLETON HWY,NA,3,State Highway,1,Rural,4,Minor Arterial,1,State Highway Agency,0,This section IS NOT on the NHS,0,No Special Jurisdiction,117,117,41.030575,41.030575,-76.08071944,-76.08071944,12,Motor Vehicle In-Transport,2,Front-to-Front,0,No,1,Non-Junction,1,Not an Intersection,1,On Roadway,0,None,1,Daylight,1,Clear,0,No,0000000,Not Applicable,15,3:00pm-3:59pm,35,35,15,3:00pm-3:59pm,43,43,16,4:00pm-4:59pm,10,10,1
42,Pennsylvania,420911,0,0,2,1,1,2,2,103,PIKE (103),0,NOT APPLICABLE,12,December,6,6,3,Tuesday,2022,6,6:00am-6:59am,47,47,PINE RIDGE DR,NA,5,Local Street - Township,1,Rural,7,Local,3,Town or Township Highway Agency,0,This section IS NOT on the NHS,0,No Special Jurisdiction,0,None,41.13488056,41.13488056,-74.99768611,-74.99768611,42,Tree (Standing Only),0,The First Harmful Event was Not a Collision with a Motor Vehicle in Transport,0,No,1,Non-Junction,1,Not an Intersection,5,Outside Trafficway,0,None,1,Daylight,12,Freezing Rain or Drizzle,0,No,0000000,Not Applicable,6,6:00am-6:59am,31,31,6,6:00am-6:59am,46,46,99,Unknown,99,Unknown EMS Hospital Arrival Time,1
42,Pennsylvania,420912,0,0,2,2,0,3,3,3,ALLEGHENY (3),0,NOT APPLICABLE,12,December,9,9,6,Friday,2022,21,9:00pm-9:59pm,39,39,SR-1013 SAXONBURG BLVD,NA,3,State Highway,2,Urban,4,Minor Arterial,1,State Highway Agency,0,This section IS NOT on the NHS,0,No Special Jurisdiction,58,58,40.57987222,40.57987222,-79.88444444,-79.88444444,12,Motor Vehicle In-Transport,2,Front-to-Front,0,No,1,Non-Junction,1,Not an Intersection,1,On Roadway,0,None,6,Dark - Unknown Lighting,1,Clear,0,No,0000000,Not Applicable,21,9:00pm-9:59pm,38,38,21,9:00pm-9:59pm,47,47,22,10:00pm-10:59pm,16,16,1