STATE,STATENAME,ST_CASE,PEDS,PERNOTMVIT,VE_TOTAL,VE_FORMS,PVH_INVL,PERSONS,PERMVIT,COUNTY,COUNTYNAME,CITY,CITYNAME,MONTH,MONTHNAME,DAY,DAYNAME,DAY_WEEK,DAY_WEEKNAME,YEAR,HOUR,HOURNAME,MINUTE,MINUTENAME,TWAY_ID,TWAY_ID2,ROUTE,ROUTENAME,RUR_URB,RUR_URBNAME,FUNC_SYS,FUNC_SYSNAME,RD_OWNER,RD_OWNERNAME,NHS,NHSNAME,SP_JUR,SP_JURNAME,MILEPT,MILEPTNAME,LATITUDE,LATITUDENAME,LONGITUD,LONGITUDNAME,HARM_EV,HARM_EVNAME,MAN_COLL,MAN_COLLNAME,RELJCT1,RELJCT1NAME,RELJCT2,RELJCT2NAME,TYP_INT,TYP_INTNAME,REL_ROAD,REL_ROADNAME,WRK_ZONE,WRK_ZONENAME,LGT_COND,LGT_CONDNAME,WEATHER,WEATHERNAME,SCH_BUS,SCH_BUSNAME,RAIL,RAILNAME,NOT_HOUR,NOT_HOURNAME,NOT_MIN,NOT_MINNAME,ARR_HOUR,ARR_HOURNAME,ARR_MIN,ARR_MINNAME,HOSP_HR,HOSP_HRNAME,HOSP_MN,HOSP_MNNAME,FATALS
42,Pennsylvania,420913,0,0,2,2,0,2,2,11,BERKS (11),0,NOT APPLICABLE,12,December,9,9,6,Friday,2022,16,4:00pm-4:59pm,53,53,SR-662 OLD SWEDE RD,NA,3,State Highway,2,Urban,4,Minor Arterial,1,State Highway Agency,0,This section IS NOT on the NHS,0,No Special Jurisdiction,26,26,40.29219167,40.29219167,-75.73072222,-75.73072222,12,Motor Vehicle In-Transport,2,Front-to-Front,0,No,1,Non-Junction,1,Not an Intersection,1,On Roadway,0,None,5,Dusk,1,Clear,0,No,0000000,Not Applicable,99,Unknown,99,Unknown,99,Unknown EMS Scene Arrival Hour,99,Unknown EMS Scene Arrival Minutes,99,Unknown,99,Unknown EMS Hospital Arrival Time,1
42,Pennsylvania,420914,0,0,2,2,0,2,2,79,LUZERNE (79),0,NOT APPLICABLE,12,December,10,10,7,Saturday,2022,13,1:00pm-1:59pm,10,10,SR-2021 JAMES A MUSTO BYP,CHESTNUT ST,3,State Highway,2,Urban,4,Minor Arterial,1,State Highway Agency,0,This section IS NOT on the NHS,0,No Special Jurisdiction,6,6,41.30897778,41.30897778,-75.79505,-75.79505,12,Motor Vehicle In-Transport,11,Other,0,No,2,Intersection,3,T-Intersection,1,On Roadway,0,None,1,Daylight,1,Clear,0,No,0000000,Not Applicable,13,1:00pm-1:59pm,13,13,13,1:00pm-1:59pm,17,17,13,1:00pm-1:59pm,47,47,1
42,Pennsylvania,420915,0,0,2,2,0,2,2,17,BUCKS (17),0,NOT APPLICABLE,8,August,27,27,7,Saturday,2022,21,9:00pm-9:59pm,59,59,SR-2018 TRENTON RD,NA,3,State Highway,2,Urban,4,Minor Arterial,1,State Highway Agency,0,This section IS NOT on the NHS,0,No Special Jurisdiction,35,35,40.185125,40.185125,-74.83575,-74.83575,12,Motor Vehicle In-Transport,6,Angle,0,No,8,Driveway Access Related,1,Not an Intersection,1,On Roadway,0,None,3,Dark - Lighted,1,Clear,0,No,0000000,Not Applicable,16,4:00pm-4:59pm,38,38,16,4:00pm-4:59pm,43,43,22,10:00pm-10:59pm,24,24,1
42,Pennsylvania,420916,0,0,1,1,0,2,2,35,CLINTON (35),0,NOT APPLICABLE,12,December,8,8,5,Thursday,2022,21,9:00pm-9:59pm,53,53,SR-64 NITTANY VALLEY DR,NA,3,State Highway,2,Urban,4,Minor Arterial,1,State Highway Agency,0,This section IS NOT on the NHS,0,No Special Jurisdiction,71,71,41.09243889,41.09243889,-77.47978333,-77.47978333,35,Embankment,0,The First Harmful Event was Not a Collision with a Motor Vehicle in Transport,0,No,1,Non-Junction,1,Not an Intersection,4,On Roadside,0,None,2,Dark - Not Lighted,1,Clear,0,No,0000000,Not Applicable,21,9:00pm-9:59pm,51,51,22,10:00pm-10:59pm,2,2,99,Unknown,99,Unknown EMS Hospital Arrival Time,1
42,Pennsylvania,420917,0,0,2,2,0,2,2,89,MONROE (89),0,NOT APPLICABLE,12,December,10,10,7,Saturday,2022,15,3:00pm-3:59pm,47,47,I-80 KEYSTONE SHORTWAY HWY,NA,1,Interstate,2,Urban,1,Interstate,1,State Highway Agency,1,This section IS ON the NHS,0,No Special Jurisdiction,3096,3096,40.99795278,40.99795278,-75.14685833,-75.14685833,25,Concrete Traffic Barrier,0,The First Harmful Event was Not a Collision with a Motor Vehicle in Transport,0,No,1,Non-Junction,1,Not an Intersection,4,On Roadside,0,None,1,Daylight,1,Clear,0,No,0000000,Not Applicable,99,Unknown,99,Unknown,99,Unknown EMS Scene Arrival Hour,99,Unknown EMS Scene Arrival Minutes,99,Unknown,99,Unknown EMS Hospital Arrival Time,1
42,Pennsylvania,420918,0,0,2,2,0,3,3,101,PHILADELPHIA (101),6540,PHILADELPHIA,12,December,12,12,2,Monday,2022,23,11:00pm-11:59pm,53,53,US-1 ROOSEVELT BLVD,NA,2,US Highway,2,Urban,3,Principal Arterial - Other,99,Unknown,1,This section IS ON the NHS,0,No Special Jurisdiction,12,12,40.02543611,40.02543611,-75.12283333,-75.12283333,12,Motor Vehicle In-Transport,7,Sideswipe - Same Direction,0,No,1,Non-Junction,1,Not an Intersection,1,On Roadway,0,None,3,Dark - Lighted,1,Clear,0,No,0000000,Not Applicable,23,11:00pm-11:59pm,44,44,23,11:00pm-11:59pm,50,50,99,Unknown,99,Unknown EMS Hospital Arrival Time,1
42,Pennsylvania,420919,1,1,1,1,0,1,1,49,ERIE (49),0,NOT APPLICABLE,12,December,12,12,2,Monday,2022,7,7:00am-7:59am,3,3,SR-4015 ZUCK RD,ZUCK LN,3,State Highway,2,Urban,4,Minor Arterial,1,State Highway Agency,0,This section IS NOT on the NHS,0,No Special Jurisdiction,5,5,42.0708,42.0708,-80.11920556,-80.11920556,8,Pedestrian,0,The First Harmful Event was Not a Collision with a Motor Vehicle in Transport,0,No,3,Intersection-Related,2,Four-Way Intersection,1,On Roadway,0,None,2,Dark - Not Lighted,10,Cloudy,0,No,0000000,Not Applicable,7,7:00am-7:59am,8,8,7,7:00am-7:59am,13,13,7,7:00am-7:59am,32,32,1
42,Pennsylvania,420920,0,0,2,2,0,4,4,129,WESTMORELAND (129),0,NOT APPLICABLE,8,August,27,27,7,Saturday,2022,13,1:00pm-1:59pm,25,25,US-30 LINCOLN HW,ORME RD,2,US Highway,1,Rural,3,Principal Arterial - Other,99,Unknown,1,This section IS ON the NHS,0,No Special Jurisdiction,311,311,40.26215278,40.26215278,-79.27018889,-79.27018889,12,Motor Vehicle In-Transport,6,Angle,0,No,2,Intersection,4,Y-Intersection,1,On Roadway,0,None,1,Daylight,1,Clear,0,No,0000000,Not Applicable,13,1:00pm-1:59pm,36,36,13,1:00pm-1:59pm,43,43,13,1:00pm-1:59pm,58,58,1
42,Pennsylvania,420921,1,1,1,1,0,1,1,91,MONTGOMERY (91),1530,COLLEGEVILLE,12,December,13,13,3,Tuesday,2022,16,4:00pm-4:59pm,9,9,SR-29 SECOND AVE,PARK AVE,3,State Highway,2,Urban,3,Principal Arterial - Other,1,State Highway Agency,1,This section IS ON the NHS,0,No Special Jurisdiction,42,42,40.17918611,40.17918611,-75.45729167,-75.45729167,8,Pedestrian,0,The First Harmful Event was Not a Collision with a Motor Vehicle in Transport,0,No,3,Intersection-Related,3,T-Intersection,1,On Roadway,0,None,1,Daylight,1,Clear,0,No,0000000,Not Applicable,16,4:00pm-4:59pm,9,9,16,4:00pm-4:59pm,14,14,16,4:00pm-4:59pm,39,39,1
42,Pennsylvania,420922,1,1,1,1,0,1,1,79,LUZERNE (79),0,NOT APPLICABLE,12,December,13,13,3,Tuesday,2022,19,7:00pm-7:59pm,38,38,SR-6309 WILKES-BARRE TWP BLVD,NA,3,State Highway,2,Urban,3,Principal Arterial - Other,1,State Highway Agency,1,This section IS ON the NHS,0,No Special Jurisdiction,25,25,41.23659167,41.23659167,-75.86353611,-75.86353611,8,Pedestrian,0,The First Harmful Event was Not a Collision with a Motor Vehicle in Transport,0,No,1,Non-Junction,1,Not an Intersection,1,On Roadway,0,None,3,Dark - Lighted,1,Clear,0,No,0000000,Not Applicable,19,7:00pm-7:59pm,40,40,19,7:00pm-7:59pm,42,42,20,8:00pm-8:59pm,2,2,1
42,Pennsylvania,420923,0,0,2,2,0,2,2,17,BUCKS (17),0,NOT APPLICABLE,12,December,15,15,5,Thursday,2022,7,7:00am-7:59am,50,50,SR-2051 LEVITTOWN PKWY,MAGNOLIA TURN RD,3,State Highway,2,Urban,4,Minor Arterial,1,State Highway Agency,0,This section IS NOT on the NHS,0,No Special Jurisdiction,21,21,40.16508056,40.16508056,-74.84063889,-74.84063889,12,Motor Vehicle In-Transport,6,Angle,0,No,2,Intersection,3,T-Intersection,1,On Roadway,0,None,1,Daylight,1,Clear,0,No,0000000,Not Applicable,99,Unknown,99,Unknown,99,Unknown EMS Scene Arrival Hour,99,Unknown EMS Scene Arrival Minutes,99,Unknown,99,Unknown EMS Hospital Arrival Time,1
42,Pennsylvania,420924,0,0,2,2,0,4,4,3,ALLEGHENY (3),6600,PITTSBURGH,12,December,17,17,7,Saturday,2022,17,5:00pm-5:59pm,44,44,SR-3104 MCKEES ROCKS BRG,NA,3,State Highway,2,Urban,3,Principal Arterial - Other,1,State Highway Agency,1,This section IS ON the NHS,0,No Special Jurisdiction,8,8,40.47721944,40.47721944,-80.04812778,-80.04812778,12,Motor Vehicle In-Transport,2,Front-to-Front,0,No,1,Non-Junction,1,Not an Intersection,1,On Roadway,2,Maintenance,3,Dark - Lighted,11,Blowing Snow,0,No,0000000,Not Applicable,17,5:00pm-5:59pm,47,47,17,5:00pm-5:59pm,52,52,99,Unknown,99,Unknown EMS Hospital Arrival Time,1
42,Pennsylvania,420925,0,0,2,2,0,3,3,101,PHILADELPHIA (101),6540,PHILADELPHIA,12,December,19,19,2,Monday,2022,2,2:00am-2:59am,55,55,I-95 DELAWARE EXPY,NA,1,Interstate,2,Urban,1,Interstate,1,State Highway Agency,1,This section IS ON the NHS,0,No Special Jurisdiction,199,199,39.92805278,39.92805278,-75.14626389,-75.14626389,12,Motor Vehicle In-Transport,6,Angle,1,Yes,18,Through Roadway,1,Not an Intersection,1,On Roadway,0,None,3,Dark - Lighted,1,Clear,0,No,0000000,Not Applicable,3,3:00am-3:59am,1,1,3,3:00am-3:59am,9,9,88,Not Applicable (Not Transported),88,Not Applicable (Not Transported),1
42,Pennsylvania,420926,1,1,1,1,0,1,1,3,ALLEGHENY (3),0,NOT APPLICABLE,12,December,20,20,3,Tuesday,2022,17,5:00pm-5:59pm,30,30,SR-50 WASHINGTON AVE,NA,3,State Highway,2,Urban,3,Principal Arterial - Other,1,State Highway Agency,1,This section IS ON the NHS,0,No Special Jurisdiction,79,79,40.39825278,40.39825278,-80.08331111,-80.08331111,8,Pedestrian,0,The First Harmful Event was Not a Collision with a Motor Vehicle in Transport,0,No,8,Driveway Access Related,1,Not an Intersection,1,On Roadway,0,None,3,Dark - Lighted,1,Clear,0,No,0000000,Not Applicable,17,5:00pm-5:59pm,32,32,17,5:00pm-5:59pm,38,38,18,6:00pm-6:59pm,4,4,1
42,Pennsylvania,420927,0,0,1,1,0,1,1,133,YORK (133),0,NOT APPLICABLE,12,December,18,18,1,Sunday,2022,23,11:00pm-11:59pm,55,55,SR-2005 CAMP BETTY WASHINGT RD,NA,3,State Highway,2,Urban,5,Major Collector,1,State Highway Agency,0,This section IS NOT on the NHS,0,No Special Jurisdiction,25,25,39.949275,39.949275,-76.67909167,-76.67909167,1,Rollover/Overturn,0,The First Harmful Event was Not a Collision with a Motor Vehicle in Transport,0,No,1,Non-Junction,1,Not an Intersection,1,On Roadway,0,None,2,Dark - Not Lighted,1,Clear,0,No,0000000,Not Applicable,99,Unknown,99,Unknown,99,Unknown EMS Scene Arrival Hour,99,Unknown EMS Scene Arrival Minutes,88,Not Applicable (Not Transported),88,Not Applicable (Not Transported),1
42,Pennsylvania,420928,0,0,2,2,0,3,3,33,CLEARFIELD (33),1430,CLEARFIELD,12,December,21,21,4,Wednesday,2022,9,9:00am-9:59am,8,8,SR-879 CLEARFIELD BYP,SPRUCE ST,3,State Highway,2,Urban,4,Minor Arterial,1,State Highway Agency,0,This section IS NOT on the NHS,0,No Special Jurisdiction,104,104,41.00561389,41.00561389,-78.44608611,-78.44608611,12,Motor Vehicle In-Transport,6,Angle,0,No,2,Intersection,2,Four-Way Intersection,1,On Roadway,0,None,1,Daylight,1,Clear,0,No,0000000,Not Applicable,9,9:00am-9:59am,9,9,9,9:00am-9:59am,19,19,88,Not Applicable (Not Transported),88,Not Applicable (Not Transported),1
42,Pennsylvania,420929,0,0,2,2,0,2,2,133,YORK (133),0,NOT APPLICABLE,12,December,21,21,4,Wednesday,2022,14,2:00pm-2:59pm,29,29,SR-24 BARRENS RD,NA,3,State Highway,1,Rural,4,Minor Arterial,1,State Highway Agency,0,This section IS NOT on the NHS,0,No Special Jurisdiction,26,26,39.74385,39.74385,-76.58835,-76.58835,12,Motor Vehicle In-Transport,2,Front-to-Front,0,No,1,Non-Junction,1,Not an Intersection,1,On Roadway,0,None,1,Daylight,1,Clear,0,No,0000000,Not Applicable,99,Unknown,99,Unknown,99,Unknown EMS Scene Arrival Hour,99,Unknown EMS Scene Arrival Minutes,88,Not Applicable (Not Transported),88,Not Applicable (Not Transported),1
42,Pennsylvania,420930,0,0,2,2,0,2,2,125,WASHINGTON (125),0,NOT APPLICABLE,12,December,21,21,4,Wednesday,2022,8,8:00am-8:59am,47,47,SR-1053 WATERDAM RD,SPRINGDALE RD,3,State Highway,2,Urban,4,Minor Arterial,1,State Highway Agency,0,This section IS NOT on the NHS,0,No Special Jurisdiction,6,6,40.24565278,40.24565278,-80.09606944,-80.09606944,12,Motor Vehicle In-Transport,2,Front-to-Front,0,No,3,Intersection-Related,3,T-Intersection,1,On Roadway,0,None,1,Daylight,1,Clear,0,No,0000000,Not Applicable,8,8:00am-8:59am,49,49,9,9:00am-9:59am,0,0,99,Unknown,99,Unknown EMS Hospital Arrival Time,1
42,Pennsylvania,420931,0,0,1,1,0,1,1,133,YORK (133),0,NOT APPLICABLE,12,December,20,20,3,Tuesday,2022,20,8:00pm-8:59pm,27,27,SR-234 EAST BERLIN RD,NA,3,State Highway,1,Rural,4,Minor Arterial,1,State Highway Agency,0,This section IS NOT on the NHS,0,No Special Jurisdiction,29,29,39.93644444,39.93644444,-76.91653611,-76.91653611,35,Embankment,0,The First Harmful Event was Not a Collision with a Motor Vehicle in Transport,0,No,1,Non-Junction,1,Not an Intersection,4,On Roadside,0,None,2,Dark - Not Lighted,1,Clear,0,No,0000000,Not Applicable,21,9:00pm-9:59pm,23,23,21,9:00pm-9:59pm,43,43,88,Not Applicable (Not Transported),88,Not Applicable (Not Transported),1
42,Pennsylvania,420932,1,1,1,1,0,1,1,3,ALLEGHENY (3),6600,PITTSBURGH,12,December,21,21,4,Wednesday,2022,13,1:00pm-1:59pm,40,40,SR-885 SECOND AVE,NA,3,State Highway,2,Urban,3,Principal Arterial - Other,1,State Highway Agency,1,This section IS ON the NHS,0,No Special Jurisdiction,99,99,40.40814444,40.40814444,-79.9436,-79.9436,8,Pedestrian,0,The First Harmful Event was Not a Collision with a Motor Vehicle in Transport,0,No,1,Non-Junction,1,Not an Intersection,1,On Roadway,0,None,1,Daylight,1,Clear,0,No,0000000,Not Applicable,13,1:00pm-1:59pm,46,46,13,1:00pm-1:59pm,51,51,88,Not Applicable (Not Transported),88,Not Applicable (Not Transported),1
42,Pennsylvania,420933,0,0,2,2,0,6,6,49,ERIE (49),2640,ERIE,12,December,22,22,5,Thursday,2022,4,4:00am-4:59am,44,44,SR-5 TWELFTH ST,SR-4017-PITTSBURGH AVE,3,State Highway,2,Urban,3,Principal Arterial - Other,1,State Highway Agency,1,This section IS ON the NHS,0,No Special Jurisdiction,221,221,42.10512222,42.10512222,-80.13091389,-80.13091389,12,Motor Vehicle In-Transport,6,Angle,0,No,2,Intersection,2,Four-Way Intersection,1,On Roadway,0,None,3,Dark - Lighted,1,Clear,0,No,0000000,Not Applicable,99,Unknown,99,Unknown,99,Unknown EMS Scene Arrival Hour,99,Unknown EMS Scene Arrival Minutes,99,Unknown,99,Unknown EMS Hospital Arrival Time,1
42,Pennsylvania,420934,0,0,1,1,0,1,1,121,VENANGO (121),0,NOT APPLICABLE,8,August,28,28,1,Sunday,2022,0,0:00am-0:59am,51,51,SR-208 CLINTONVILLE RD,NA,3,State Highway,1,Rural,5,Major Collector,1,State Highway Agency,0,This section IS NOT on the NHS,0,No Special Jurisdiction,38,38,41.19683333,41.19683333,-79.93007778,-79.93007778,34,Ditch,0,The First Harmful Event was Not a Collision with a Motor Vehicle in Transport,0,No,1,Non-Junction,1,Not an Intersection,4,On Roadside,0,None,2,Dark - Not Lighted,1,Clear,0,No,0000000,Not Applicable,99,Unknown,99,Unknown,99,Unknown EMS Scene Arrival Hour,99,Unknown EMS Scene Arrival Minutes,88,Not Applicable (Not Transported),88,Not Applicable (Not Transported),1
42,Pennsylvania,420935,0,0,2,2,0,3,3,103,PIKE (103),0,NOT APPLICABLE,12,December,23,23,6,Friday,2022,11,11:00am-11:59am,13,13,US-6 G A R  HWY,SR-507 WALLENPAUPACK RD,2,US Highway,1,Rural,4,Minor Arterial,99,Unknown,0,This section IS NOT on the NHS,0,No Special Jurisdiction,13,13,41.44346944,41.44346944,-75.17821389,-75.17821389,12,Motor Vehicle In-Transport,6,Angle,0,No,2,Intersection,3,T-Intersection,1,On Roadway,0,None,1,Daylight,2,Rain,0,No,0000000,Not Applicable,11,11:00am-11:59am,11,11,11,11:00am-11:59am,24,24,88,Not Applicable (Not Transported),88,Not Applicable (Not Transported),1
42,Pennsylvania,420936,1,1,1,1,0,2,2,91,MONTGOMERY (91),0,NOT APPLICABLE,12,December,23,23,6,Friday,2022,1,1:00am-1:59am,26,26,SR-611 OLD YORK RD,WOODLAND RD,3,State Highway,2,Urban,3,Principal Arterial - Other,1,State Highway Agency,1,This section IS ON the NHS,0,No Special Jurisdiction,42,42,40.11899167,40.11899167,-75.11935278,-75.11935278,8,Pedestrian,0,The First Harmful Event was Not a Collision with a Motor Vehicle in Transport,0,No,3,Intersection-Related,3,T-Intersection,1,On Roadway,0,None,3,Dark - Lighted,2,Rain,0,No,0000000,Not Applicable,1,1:00am-1:59am,27,27,1,1:00am-1:59am,29,29,88,Not Applicable (Not Transported),88,Not Applicable (Not Transported),1
42,Pennsylvania,420937,1,1,1,1,0,2,2,133,YORK (133),0,NOT APPLICABLE,12,December,23,23,6,Friday,2022,18,6:00pm-6:59pm,53,53,OLD TRAIL RD,NA,6,Local Street - Municipality,1,Rural,7,Local,3,Town or Township Highway Agency,0,This section IS NOT on the NHS,0,No Special Jurisdiction,0,None,40.15900833,40.15900833,-76.81615833,-76.81615833,8,Pedestrian,0,The First Harmful Event was Not a Collision with a Motor Vehicle in Transport,0,No,1,Non-Junction,1,Not an Intersection,1,On Roadway,0,None,2,Dark - Not Lighted,1,Clear,0,No,0000000,Not Applicable,99,Unknown,99,Unknown,99,Unknown EMS Scene Arrival Hour,99,Unknown EMS Scene Arrival Minutes,99,Unknown,99,Unknown EMS Hospital Arrival Time,1
42,Pennsylvania,420938,1,1,1,1,0,1,1,101,PHILADELPHIA (101),6540,PHILADELPHIA,12,December,26,26,2,Monday,2022,20,8:00pm-8:59pm,16,16,SR-611 BROAD ST,NA,3,State Highway,2,Urban,3,Principal Arterial - Other,1,State Highway Agency,0,This section IS NOT on the NHS,0,No Special Jurisdiction,41,41,39.99413611,39.99413611,-75.15440556,-75.15440556,8,Pedestrian,0,The First Harmful Event was Not a Collision with a Motor Vehicle in Transport,0,No,1,Non-Junction,1,Not an Intersection,99,Reported as Unknown,0,None,1,Daylight,1,Clear,0,No,0000000,Not Applicable,20,8:00pm-8:59pm,17,17,20,8:00pm-8:59pm,19,19,20,8:00pm-8:59pm,30,30,1
42,Pennsylvania,420939,1,1,1,1,0,2,2,39,CRAWFORD (39),0,NOT APPLICABLE,12,December,31,31,7,Saturday,2022,19,7:00pm-7:59pm,0,0,US-322 COCHRANTON RD,NA,2,US Highway,2,Urban,3,Principal Arterial - Other,99,Unknown,1,This section IS ON the NHS,0,No Special Jurisdiction,177,177,41.611825,41.611825,-80.15108611,-80.15108611,8,Pedestrian,0,The First Harmful Event was Not a Collision with a Motor Vehicle in Transport,0,No,1,Non-Junction,1,Not an Intersection,1,On Roadway,0,None,2,Dark - Not Lighted,2,Rain,0,No,0000000,Not Applicable,99,Unknown,99,Unknown,99,Unknown EMS Scene Arrival Hour,99,Unknown EMS Scene Arrival Minutes,88,Not Applicable (Not Transported),88,Not Applicable (Not Transported),1
42,Pennsylvania,420940,0,0,1,1,0,1,1,97,NORTHUMBERLAND (97),0,NOT APPLICABLE,10,October,15,15,7,Saturday,2022,15,3:00pm-3:59pm,45,45,SR-890,NA,3,State Highway,1,Rural,5,Major Collector,1,State Highway Agency,0,This section IS NOT on the NHS,0,No Special Jurisdiction,11,11,40.7855,40.7855,-76.69065278,-76.69065278,35,Embankment,0,The First Harmful Event was Not a Collision with a Motor Vehicle in Transport,0,No,1,Non-Junction,1,Not an Intersection,4,On Roadside,0,None,1,Daylight,1,Clear,0,No,0000000,Not Applicable,15,3:00pm-3:59pm,45,45,99,Unknown EMS Scene Arrival Hour,99,Unknown EMS Scene Arrival Minutes,88,Not Applicable (Not Transported),88,Not Applicable (Not Transported),1
42,Pennsylvania,420941,1,1,1,1,0,1,1,133,YORK (133),0,NOT APPLICABLE,12,December,28,28,4,Wednesday,2022,21,9:00pm-9:59pm,10,10,SR-8015 RAMP Y RD,NA,3,State Highway,2,Urban,1,Interstate,1,State Highway Agency,1,This section IS ON the NHS,0,No Special Jurisdiction,211,211,39.98381944,39.98381944,-76.73079444,-76.73079444,8,Pedestrian,0,The First Harmful Event was Not a Collision with a Motor Vehicle in Transport,1,Yes,5,Entrance/Exit Ramp Related,1,Not an Intersection,4,On Roadside,0,None,2,Dark - Not Lighted,1,Clear,0,No,0000000,Not Applicable,99,Unknown,99,Unknown,99,Unknown EMS Scene Arrival Hour,99,Unknown EMS Scene Arrival Minutes,88,Not Applicable (Not Transported),88,Not Applicable (Not Transported),1
42,Pennsylvania,420942,0,0,1,1,0,1,1,129,WESTMORELAND (129),0,NOT APPLICABLE,12,December,27,27,3,Tuesday,2022,20,8:00pm-8:59pm,47,47,SR-981 OLD DERRY RD,NA,3,State Highway,1,Rural,4,Minor Arterial,1,State Highway Agency,0,This section IS NOT on the NHS,0,No Special Jurisdiction,366,366,40.38828611,40.38828611,-79.42129722,-79.42129722,24,Guardrail Face,0,The First Harmful Event was Not a Collision with a Motor Vehicle in Transport,0,No,1,Non-Junction,1,Not an Intersection,4,On Roadside,0,None,3,Dark - Lighted,1,Clear,0,No,0000000,Not Applicable,20,8:00pm-8:59pm,55,55,20,8:00pm-8:59pm,59,59,88,Not Applicable (Not Transported),88,Not Applicable (Not Transported),1
42,Pennsylvania,420943,1,1,2,1,1,2,2,45,DELAWARE (45),1270,CHESTER,11,November,6,6,1,Sunday,2022,17,5:00pm-5:59pm,43,43,LAMOKIN ST,NA,6,Local Street - Municipality,2,Urban,7,Local,4,City or Municipal Highway Agency,0,This section IS NOT on the NHS,0,No Special Jurisdiction,0,None,39.84422222,39.84422222,-75.37738889,-75.37738889,14,Parked Motor Vehicle,0,The First Harmful Event was Not a Collision with a Motor Vehicle in Transport,0,No,1,Non-Junction,1,Not an Intersection,7,In Parking Lane/Zone,0,None,3,Dark - Lighted,1,Clear,0,No,0000000,Not Applicable,17,5:00pm-5:59pm,46,46,17,5:00pm-5:59pm,49,49,18,6:00pm-6:59pm,15,15,1
42,Pennsylvania,420944,0,0,1,1,0,3,3,3,ALLEGHENY (3),7520,SEWICKLEY HTS,12,December,24,24,7,Saturday,2022,22,10:00pm-10:59pm,10,10,CR-FERN HOLLOW RD,NA,4,County Road,1,Rural,7,Local,2,County Highway Agency,0,This section IS NOT on the NHS,0,No Special Jurisdiction,0,None,40.56229444,40.56229444,-80.15125,-80.15125,24,Guardrail Face,0,The First Harmful Event was Not a Collision with a Motor Vehicle in Transport,0,No,1,Non-Junction,1,Not an Intersection,4,On Roadside,0,None,2,Dark - Not Lighted,4,Snow,0,No,0000000,Not Applicable,22,10:00pm-10:59pm,24,24,22,10:00pm-10:59pm,38,38,23,11:00pm-11:59pm,18,18,1
42,Pennsylvania,420945,0,0,2,2,0,2,2,77,LEHIGH (77),0,NOT APPLICABLE,9,September,2,2,6,Friday,2022,23,11:00pm-11:59pm,2,2,SR-1003 AIRPORT RD,NA,3,State Highway,2,Urban,3,Principal Arterial - Other,1,State Highway Agency,1,This section IS ON the NHS,0,No Special Jurisdiction,12,12,40.639425,40.639425,-75.43410833,-75.43410833,12,Motor Vehicle In-Transport,2,Front-to-Front,1,Yes,18,Through Roadway,1,Not an Intersection,1,On Roadway,0,None,3,Dark - Lighted,1,Clear,0,No,0000000,Not Applicable,99,Unknown,99,Unknown,99,Unknown EMS Scene Arrival Hour,99,Unknown EMS Scene Arrival Minutes,99,Unknown,99,Unknown EMS Hospital Arrival Time,1
42,Pennsylvania,420946,0,0,1,1,0,1,1,5,ARMSTRONG (5),0,NOT APPLICABLE,10,October,22,22,7,Saturday,2022,16,4:00pm-4:59pm,27,27,SR-2066 DIME RD,NA,3,State Highway,1,Rural,4,Minor Arterial,1,State Highway Agency,0,This section IS NOT on the NHS,0,No Special Jurisdiction,73,73,40.69925556,40.69925556,-79.53080556,-79.53080556,24,Guardrail Face,0,The First Harmful Event was Not a Collision with a Motor Vehicle in Transport,0,No,1,Non-Junction,1,Not an Intersection,4,On Roadside,0,None,1,Daylight,1,Clear,0,No,0000000,Not Applicable,16,4:00pm-4:59pm,27,27,16,4:00pm-4:59pm,45,45,17,5:00pm-5:59pm,6,6,1
42,Pennsylvania,420947,0,0,1,1,0,1,1,43,DAUPHIN (43),0,NOT APPLICABLE,9,September,14,14,4,Wednesday,2022,14,2:00pm-2:59pm,2,2,CREEK DR,NA,6,Local Street - Municipality,1,Rural,7,Local,3,Town or Township Highway Agency,0,This section IS NOT on the NHS,0,No Special Jurisdiction,0,None,40.50648333,40.50648333,-76.85441389,-76.85441389,1,Rollover/Overturn,0,The First Harmful Event was Not a Collision with a Motor Vehicle in Transport,0,No,1,Non-Junction,1,Not an Intersection,1,On Roadway,0,None,1,Daylight,1,Clear,0,No,0000000,Not Applicable,14,2:00pm-2:59pm,10,10,14,2:00pm-2:59pm,29,29,14,2:00pm-2:59pm,57,57,1
42,Pennsylvania,420948,0,0,1,1,0,1,1,77,LEHIGH (77),0,NOT APPLICABLE,8,August,31,31,4,Wednesday,2022,9,9:00am-9:59am,48,48,I-78,NA,1,Interstate,2,Urban,1,Interstate,1,State Highway Agency,1,This section IS ON the NHS,0,No Special Jurisdiction,604,604,40.55444444,40.55444444,-75.431780560000007,-75.431780560000007,21,Bridge Pier or Support,0,The First Harmful Event was Not a Collision with a Motor Vehicle in Transport,0,No,1,Non-Junction,1,Not an Intersection,4,On Roadside,0,None,1,Daylight,1,Clear,0,No,0000000,Not Applicable,99,Unknown,99,Unknown,99,Unknown EMS Scene Arrival Hour,99,Unknown EMS Scene Arrival Minutes,88,Not Applicable (Not Transported),88,Not Applicable (Not Transported),1