STATE,STATENAME,ST_CASE,PEDS,PERNOTMVIT,VE_TOTAL,VE_FORMS,PVH_INVL,PERSONS,PERMVIT,COUNTY,COUNTYNAME,CITY,CITYNAME,MONTH,MONTHNAME,DAY,DAYNAME,DAY_WEEK,DAY_WEEKNAME,YEAR,HOUR,HOURNAME,MINUTE,MINUTENAME,TWAY_ID,TWAY_ID2,ROUTE,ROUTENAME,RUR_URB,RUR_URBNAME,FUNC_SYS,FUNC_SYSNAME,RD_OWNER,RD_OWNERNAME,NHS,NHSNAME,SP_JUR,SP_JURNAME,MILEPT,MILEPTNAME,LATITUDE,LATITUDENAME,LONGITUD,LONGITUDNAME,HARM_EV,HARM_EVNAME,MAN_COLL,MAN_COLLNAME,RELJCT1,RELJCT1NAME,RELJCT2,RELJCT2NAME,TYP_INT,TYP_INTNAME,REL_ROAD,REL_ROADNAME,WRK_ZONE,WRK_ZONENAME,LGT_COND,LGT_CONDNAME,WEATHER,WEATHERNAME,SCH_BUS,SCH_BUSNAME,RAIL,RAILNAME,NOT_HOUR,NOT_HOURNAME,NOT_MIN,NOT_MINNAME,ARR_HOUR,ARR_HOURNAME,ARR_MIN,ARR_MINNAME,HOSP_HR,HOSP_HRNAME,HOSP_MN,HOSP_MNNAME,FATALS
42,Pennsylvania,421056,1,1,1,1,0,1,1,17,BUCKS (17),0,NOT APPLICABLE,12,December,5,5,2,Monday,2022,21,9:00pm-9:59pm,9,9,SR-2043 BROWNSVILLE RD,NA,3,State Highway,2,Urban,5,Major Collector,1,State Highway Agency,0,This section IS NOT on the NHS,0,No Special Jurisdiction,19,19,40.14725833,40.14725833,-74.97915278,-74.97915278,8,Pedestrian,0,The First Harmful Event was Not a Collision with a Motor Vehicle in Transport,0,No,1,Non-Junction,1,Not an Intersection,1,On Roadway,0,None,3,Dark - Lighted,1,Clear,0,No,0000000,Not Applicable,21,9:00pm-9:59pm,9,9,21,9:00pm-9:59pm,15,15,21,9:00pm-9:59pm,31,31,1
42,Pennsylvania,421057,0,0,2,2,0,3,3,13,BLAIR (13),3015,FRANKSTOWN,11,November,5,5,7,Saturday,2022,18,6:00pm-6:59pm,11,11,US-22 WILLIAM PENN HW,NA,2,US Highway,2,Urban,3,Principal Arterial - Other,99,Unknown,1,This section IS ON the NHS,0,No Special Jurisdiction,123,123,40.432225,40.432225,-78.36841944,-78.36841944,12,Motor Vehicle In-Transport,2,Front-to-Front,0,No,1,Non-Junction,1,Not an Intersection,1,On Roadway,0,None,5,Dusk,1,Clear,0,No,0000000,Not Applicable,99,Unknown,99,Unknown,99,Unknown EMS Scene Arrival Hour,99,Unknown EMS Scene Arrival Minutes,99,Unknown,99,Unknown EMS Hospital Arrival Time,1
42,Pennsylvania,421058,1,1,1,1,0,1,1,37,COLUMBIA (37),0,NOT APPLICABLE,12,December,19,19,2,Monday,2022,17,5:00pm-5:59pm,36,36,SR-487 MAPLE GROVE RD,NA,3,State Highway,1,Rural,4,Minor Arterial,1,State Highway Agency,0,This section IS NOT on the NHS,0,No Special Jurisdiction,268,268,41.17368611,41.17368611,-76.38372778,-76.38372778,8,Pedestrian,0,The First Harmful Event was Not a Collision with a Motor Vehicle in Transport,0,No,1,Non-Junction,1,Not an Intersection,1,On Roadway,0,None,2,Dark - Not Lighted,1,Clear,0,No,0000000,Not Applicable,17,5:00pm-5:59pm,27,27,17,5:00pm-5:59pm,37,37,88,Not Applicable (Not Transported),88,Not Applicable (Not Transported),1
42,Pennsylvania,421059,1,1,1,1,0,1,1,3,ALLEGHENY (3),0,NOT APPLICABLE,12,December,19,19,2,Monday,2022,13,1:00pm-1:59pm,59,59,SR-3104 MCKEES ROCKS BRG,NA,3,State Highway,2,Urban,3,Principal Arterial - Other,1,State Highway Agency,1,This section IS ON the NHS,0,No Special Jurisdiction,3,3,40.47593056,40.47593056,-80.05663333,-80.05663333,8,Pedestrian,0,The First Harmful Event was Not a Collision with a Motor Vehicle in Transport,1,Yes,18,Through Roadway,1,Not an Intersection,1,On Roadway,2,Maintenance,1,Daylight,1,Clear,0,No,0000000,Not Applicable,14,2:00pm-2:59pm,1,1,14,2:00pm-2:59pm,3,3,14,2:00pm-2:59pm,13,13,1
42,Pennsylvania,421060,0,0,2,2,0,4,4,95,NORTHAMPTON (95),0,NOT APPLICABLE,11,November,6,6,1,Sunday,2022,13,1:00pm-1:59pm,43,43,SR-611 S DELAWARE DR,NA,3,State Highway,1,Rural,4,Minor Arterial,1,State Highway Agency,0,This section IS NOT on the NHS,0,No Special Jurisdiction,187,187,40.8188,40.8188,-75.15352222,-75.15352222,32,Culvert,0,The First Harmful Event was Not a Collision with a Motor Vehicle in Transport,0,No,1,Non-Junction,1,Not an Intersection,4,On Roadside,0,None,1,Daylight,1,Clear,0,No,0000000,Not Applicable,99,Unknown,99,Unknown,99,Unknown EMS Scene Arrival Hour,99,Unknown EMS Scene Arrival Minutes,99,Unknown,99,Unknown EMS Hospital Arrival Time,1
42,Pennsylvania,421061,0,0,1,1,0,3,3,13,BLAIR (13),130,ALTOONA,12,December,22,22,5,Thursday,2022,1,1:00am-1:59am,53,53,SR-4009 TENTH AV EXPY,NA,3,State Highway,2,Urban,3,Principal Arterial - Other,1,State Highway Agency,1,This section IS ON the NHS,0,No Special Jurisdiction,6,6,40.51546389,40.51546389,-78.3999,-78.3999,30,Utility Pole/Light Support,0,The First Harmful Event was Not a Collision with a Motor Vehicle in Transport,0,No,1,Non-Junction,1,Not an Intersection,4,On Roadside,0,None,3,Dark - Lighted,1,Clear,0,No,0000000,Not Applicable,99,Unknown,99,Unknown,99,Unknown EMS Scene Arrival Hour,99,Unknown EMS Scene Arrival Minutes,99,Unknown,99,Unknown EMS Hospital Arrival Time,2
42,Pennsylvania,421062,0,0,2,2,0,3,3,3,ALLEGHENY (3),0,NOT APPLICABLE,12,December,12,12,2,Monday,2022,16,4:00pm-4:59pm,20,20,I-76 MAINLINE TPKE,NA,1,Interstate,1,Rural,1,Interstate,31,State Toll Road,1,This section IS ON the NHS,0,No Special Jurisdiction,311,311,40.65531389,40.65531389,-80.07026389,-80.07026389,12,Motor Vehicle In-Transport,6,Angle,0,No,1,Non-Junction,1,Not an Intersection,1,On Roadway,0,None,1,Daylight,10,Cloudy,0,No,0000000,Not Applicable,16,4:00pm-4:59pm,22,22,16,4:00pm-4:59pm,35,35,88,Not Applicable (Not Transported),88,Not Applicable (Not Transported),1
42,Pennsylvania,421063,0,0,2,2,0,6,6,129,WESTMORELAND (129),6087,NORTH HUNTINGTON TWNSH,11,November,10,10,5,Thursday,2022,18,6:00pm-6:59pm,54,54,US-30 LINCOLN HW,SR-3024 COLONIAL MANOR RD,2,US Highway,2,Urban,3,Principal Arterial - Other,99,Unknown,1,This section IS ON the NHS,0,No Special Jurisdiction,19,19,40.34017222,40.34017222,-79.75451111,-79.75451111,12,Motor Vehicle In-Transport,6,Angle,0,No,2,Intersection,4,Y-Intersection,1,On Roadway,0,None,3,Dark - Lighted,1,Clear,0,No,0000000,Not Applicable,99,Unknown,99,Unknown,99,Unknown EMS Scene Arrival Hour,99,Unknown EMS Scene Arrival Minutes,99,Unknown,99,Unknown EMS Hospital Arrival Time,1
42,Pennsylvania,421064,0,0,1,1,0,2,2,109,SNYDER (109),0,NOT APPLICABLE,11,November,5,5,7,Saturday,2022,21,9:00pm-9:59pm,54,54,STAHLS HILL RD,NA,6,Local Street - Municipality,1,Rural,7,Local,3,Town or Township Highway Agency,0,This section IS NOT on the NHS,0,No Special Jurisdiction,0,None,40.70065,40.70065,-76.90951667,-76.90951667,34,Ditch,0,The First Harmful Event was Not a Collision with a Motor Vehicle in Transport,0,No,1,Non-Junction,1,Not an Intersection,4,On Roadside,0,None,1,Daylight,1,Clear,0,No,0000000,Not Applicable,21,9:00pm-9:59pm,52,52,21,9:00pm-9:59pm,59,59,88,Not Applicable (Not Transported),88,Not Applicable (Not Transported),1
42,Pennsylvania,421065,1,1,1,1,0,1,1,45,DELAWARE (45),1270,CHESTER,11,November,11,11,6,Friday,2022,9,9:00am-9:59am,22,22,SR-6013 POST RD,SR-320 MADISON ST,3,State Highway,2,Urban,3,Principal Arterial - Other,1,State Highway Agency,1,This section IS ON the NHS,0,No Special Jurisdiction,31,31,39.85355556,39.85355556,-75.35869167,-75.35869167,8,Pedestrian,0,The First Harmful Event was Not a Collision with a Motor Vehicle in Transport,0,No,3,Intersection-Related,2,Four-Way Intersection,1,On Roadway,0,None,1,Daylight,2,Rain,0,No,0000000,Not Applicable,9,9:00am-9:59am,23,23,9,9:00am-9:59am,29,29,9,9:00am-9:59am,45,45,1
42,Pennsylvania,421066,0,0,1,1,0,2,2,71,LANCASTER (71),2630,EPHRATA,12,December,25,25,1,Sunday,2022,0,0:00am-0:59am,28,28,US-322 MAIN ST,MARTIN AVE,2,US Highway,2,Urban,3,Principal Arterial - Other,99,Unknown,1,This section IS ON the NHS,0,No Special Jurisdiction,111,111,40.18273333,40.18273333,-76.18449444,-76.18449444,5,Fell/Jumped from Vehicle,0,The First Harmful Event was Not a Collision with a Motor Vehicle in Transport,0,No,3,Intersection-Related,3,T-Intersection,1,On Roadway,0,None,3,Dark - Lighted,1,Clear,0,No,0000000,Not Applicable,99,Unknown,99,Unknown,99,Unknown EMS Scene Arrival Hour,99,Unknown EMS Scene Arrival Minutes,88,Not Applicable (Not Transported),88,Not Applicable (Not Transported),1
42,Pennsylvania,421067,0,0,2,2,0,3,3,9,BEDFORD (9),0,NOT APPLICABLE,11,November,15,15,3,Tuesday,2022,14,2:00pm-2:59pm,51,51,SR-96 HYNDMAN RD,NA,3,State Highway,1,Rural,5,Major Collector,1,State Highway Agency,0,This section IS NOT on the NHS,0,No Special Jurisdiction,58,58,39.79983333,39.79983333,-78.73897222,-78.73897222,12,Motor Vehicle In-Transport,8,Sideswipe - Opposite Direction,0,No,1,Non-Junction,1,Not an Intersection,1,On Roadway,0,None,1,Daylight,11,Blowing Snow,0,No,0000000,Not Applicable,99,Unknown,99,Unknown,99,Unknown EMS Scene Arrival Hour,99,Unknown EMS Scene Arrival Minutes,99,Unknown,99,Unknown EMS Hospital Arrival Time,1
42,Pennsylvania,421068,0,0,2,2,0,2,2,71,LANCASTER (71),0,NOT APPLICABLE,12,December,9,9,6,Friday,2022,15,3:00pm-3:59pm,44,44,SR-72 LEBANON RD,SR-4032 MOUNTAIN RD,3,State Highway,1,Rural,3,Principal Arterial - Other,1,State Highway Agency,1,This section IS ON the NHS,0,No Special Jurisdiction,157,157,40.22133056,40.22133056,-76.43231944,-76.43231944,12,Motor Vehicle In-Transport,6,Angle,0,No,2,Intersection,2,Four-Way Intersection,1,On Roadway,0,None,1,Daylight,1,Clear,0,No,0000000,Not Applicable,99,Unknown,99,Unknown,99,Unknown EMS Scene Arrival Hour,99,Unknown EMS Scene Arrival Minutes,99,Unknown,99,Unknown EMS Hospital Arrival Time,1
42,Pennsylvania,421069,0,0,1,1,0,1,1,93,MONTOUR (93),0,NOT APPLICABLE,11,November,15,15,3,Tuesday,2022,18,6:00pm-6:59pm,47,47,US-11 MONTOUR BL,NA,2,US Highway,2,Urban,3,Principal Arterial - Other,99,Unknown,1,This section IS ON the NHS,0,No Special Jurisdiction,47,47,40.96228333,40.96228333,-76.56826389,-76.56826389,35,Embankment,0,The First Harmful Event was Not a Collision with a Motor Vehicle in Transport,0,No,1,Non-Junction,1,Not an Intersection,4,On Roadside,0,None,3,Dark - Lighted,4,Snow,0,No,0000000,Not Applicable,99,Unknown,99,Unknown,99,Unknown EMS Scene Arrival Hour,99,Unknown EMS Scene Arrival Minutes,99,Unknown,99,Unknown EMS Hospital Arrival Time,1
42,Pennsylvania,421070,0,0,2,2,0,4,4,91,MONTGOMERY (91),0,NOT APPLICABLE,12,December,14,14,4,Wednesday,2022,18,6:00pm-6:59pm,32,32,US-422 POTTSTOWN BYP,NA,2,US Highway,2,Urban,2,Principal Arterial - Other Freeways and Expressways,99,Unknown,1,This section IS ON the NHS,0,No Special Jurisdiction,114,114,40.15818056,40.15818056,-75.47292778,-75.47292778,12,Motor Vehicle In-Transport,7,Sideswipe - Same Direction,0,No,1,Non-Junction,1,Not an Intersection,1,On Roadway,0,None,2,Dark - Not Lighted,1,Clear,0,No,0000000,Not Applicable,18,6:00pm-6:59pm,31,31,18,6:00pm-6:59pm,42,42,19,7:00pm-7:59pm,38,38,1
42,Pennsylvania,421071,0,0,2,2,0,6,6,79,LUZERNE (79),0,NOT APPLICABLE,12,December,19,19,2,Monday,2022,13,1:00pm-1:59pm,11,11,US-11 SALEM BLVD,NA,2,US Highway,1,Rural,4,Minor Arterial,99,Unknown,0,This section IS NOT on the NHS,0,No Special Jurisdiction,44,44,41.07432222,41.07432222,-76.14758056,-76.14758056,12,Motor Vehicle In-Transport,6,Angle,0,No,1,Non-Junction,1,Not an Intersection,11,Continuous Left - Turn Lane,0,None,1,Daylight,1,Clear,0,No,0000000,Not Applicable,13,1:00pm-1:59pm,11,11,13,1:00pm-1:59pm,26,26,13,1:00pm-1:59pm,50,50,1
42,Pennsylvania,421072,0,0,2,2,0,5,5,75,LEBANON (75),0,NOT APPLICABLE,11,November,15,15,3,Tuesday,2022,18,6:00pm-6:59pm,14,14,I-81 AMERICAN LEGION MEM HW,NA,1,Interstate,1,Rural,1,Interstate,1,State Highway Agency,1,This section IS ON the NHS,0,No Special Jurisdiction,890,890,40.43073333,40.43073333,-76.51864167,-76.51864167,12,Motor Vehicle In-Transport,6,Angle,1,Yes,20,Entrance/Exit Ramp,1,Not an Intersection,1,On Roadway,0,None,2,Dark - Not Lighted,4,Snow,0,No,0000000,Not Applicable,18,6:00pm-6:59pm,13,13,18,6:00pm-6:59pm,41,41,19,7:00pm-7:59pm,33,33,1
42,Pennsylvania,421073,0,0,2,2,0,2,2,21,CAMBRIA (21),0,NOT APPLICABLE,12,December,21,21,4,Wednesday,2022,19,7:00pm-7:59pm,43,43,US-219,NA,2,US Highway,1,Rural,3,Principal Arterial - Other,99,Unknown,1,This section IS ON the NHS,0,No Special Jurisdiction,57,57,40.31086389,40.31086389,-78.81536667,-78.81536667,12,Motor Vehicle In-Transport,2,Front-to-Front,0,No,1,Non-Junction,1,Not an Intersection,1,On Roadway,0,None,2,Dark - Not Lighted,1,Clear,0,No,0000000,Not Applicable,99,Unknown,99,Unknown,99,Unknown EMS Scene Arrival Hour,99,Unknown EMS Scene Arrival Minutes,99,Unknown,99,Unknown EMS Hospital Arrival Time,1
42,Pennsylvania,421074,1,1,1,1,0,1,1,69,LACKAWANNA (69),0,NOT APPLICABLE,11,November,17,17,5,Thursday,2022,5,5:00am-5:59am,45,45,SR-6006 SCRANTON-CARBONDALE HW,NA,3,State Highway,2,Urban,3,Principal Arterial - Other,1,State Highway Agency,1,This section IS ON the NHS,0,No Special Jurisdiction,99,99,41.552125,41.552125,-75.52944167,-75.52944167,8,Pedestrian,0,The First Harmful Event was Not a Collision with a Motor Vehicle in Transport,0,No,1,Non-Junction,1,Not an Intersection,1,On Roadway,0,None,3,Dark - Lighted,1,Clear,0,No,0000000,Not Applicable,5,5:00am-5:59am,47,47,5,5:00am-5:59am,51,51,88,Not Applicable (Not Transported),88,Not Applicable (Not Transported),1
42,Pennsylvania,421075,0,0,2,2,0,2,2,95,NORTHAMPTON (95),0,NOT APPLICABLE,12,December,22,22,5,Thursday,2022,21,9:00pm-9:59pm,14,14,SR-145 RIVERVIEW DR,NA,3,State Highway,1,Rural,3,Principal Arterial - Other,1,State Highway Agency,1,This section IS ON the NHS,0,No Special Jurisdiction,56,56,40.77141667,40.77141667,-75.59980278,-75.59980278,12,Motor Vehicle In-Transport,8,Sideswipe - Opposite Direction,0,No,1,Non-Junction,1,Not an Intersection,1,On Roadway,0,None,1,Daylight,2,Rain,0,No,0000000,Not Applicable,99,Unknown,99,Unknown,99,Unknown EMS Scene Arrival Hour,99,Unknown EMS Scene Arrival Minutes,88,Not Applicable (Not Transported),88,Not Applicable (Not Transported),1
42,Pennsylvania,421076,0,0,1,1,0,1,1,17,BUCKS (17),0,NOT APPLICABLE,11,November,24,24,5,Thursday,2022,8,8:00am-8:59am,43,43,SR-563 MOUNTAINVIEW DR,NA,3,State Highway,1,Rural,4,Minor Arterial,1,State Highway Agency,0,This section IS NOT on the NHS,0,No Special Jurisdiction,110,110,40.46612222,40.46612222,-75.23934167,-75.23934167,42,Tree (Standing Only),0,The First Harmful Event was Not a Collision with a Motor Vehicle in Transport,0,No,1,Non-Junction,1,Not an Intersection,4,On Roadside,0,None,1,Daylight,1,Clear,0,No,0000000,Not Applicable,99,Unknown,99,Unknown,99,Unknown EMS Scene Arrival Hour,99,Unknown EMS Scene Arrival Minutes,88,Not Applicable (Not Transported),88,Not Applicable (Not Transported),1
42,Pennsylvania,421077,0,0,1,1,0,2,2,95,NORTHAMPTON (95),0,NOT APPLICABLE,12,December,28,28,4,Wednesday,2022,17,5:00pm-5:59pm,57,57,SR-512 MOORESTOWN RD,BROAD RD,3,State Highway,1,Rural,4,Minor Arterial,1,State Highway Agency,0,This section IS NOT on the NHS,0,No Special Jurisdiction,117,117,40.81318611,40.81318611,-75.33399444,-75.33399444,52,Guardrail End,0,The First Harmful Event was Not a Collision with a Motor Vehicle in Transport,0,No,3,Intersection-Related,3,T-Intersection,4,On Roadside,0,None,2,Dark - Not Lighted,1,Clear,0,No,0000000,Not Applicable,99,Unknown,99,Unknown,99,Unknown EMS Scene Arrival Hour,99,Unknown EMS Scene Arrival Minutes,99,Unknown,99,Unknown EMS Hospital Arrival Time,1
42,Pennsylvania,421078,0,0,1,1,0,2,2,121,VENANGO (121),0,NOT APPLICABLE,12,December,28,28,4,Wednesday,2022,16,4:00pm-4:59pm,44,44,WHIPPOORWILL RD,NA,5,Local Street - Township,1,Rural,7,Local,3,Town or Township Highway Agency,0,This section IS NOT on the NHS,0,No Special Jurisdiction,0,None,41.38976111,41.38976111,-79.95160833,-79.95160833,42,Tree (Standing Only),0,The First Harmful Event was Not a Collision with a Motor Vehicle in Transport,0,No,1,Non-Junction,1,Not an Intersection,4,On Roadside,0,None,1,Daylight,1,Clear,0,No,0000000,Not Applicable,99,Unknown,99,Unknown,99,Unknown EMS Scene Arrival Hour,99,Unknown EMS Scene Arrival Minutes,99,Unknown,99,Unknown EMS Hospital Arrival Time,1
42,Pennsylvania,421079,0,0,2,2,0,7,7,11,BERKS (11),6900,READING,11,November,19,19,7,Saturday,2022,22,10:00pm-10:59pm,3,3,SR-61 CENTRE AV,OLEY ST,3,State Highway,2,Urban,3,Principal Arterial - Other,1,State Highway Agency,1,This section IS ON the NHS,0,No Special Jurisdiction,1,1,40.34601389,40.34601389,-75.92998333,-75.92998333,12,Motor Vehicle In-Transport,6,Angle,0,No,2,Intersection,2,Four-Way Intersection,1,On Roadway,0,None,3,Dark - Lighted,1,Clear,0,No,0000000,Not Applicable,99,Unknown,99,Unknown,99,Unknown EMS Scene Arrival Hour,99,Unknown EMS Scene Arrival Minutes,99,Unknown,99,Unknown EMS Hospital Arrival Time,1
42,Pennsylvania,421080,0,0,3,3,0,4,4,29,CHESTER (29),8714,EAGLE,10,October,4,4,3,Tuesday,2022,18,6:00pm-6:59pm,8,8,SR-100 POTTSTOWN PK,RUTGERS DR,3,State Highway,2,Urban,3,Principal Arterial - Other,1,State Highway Agency,1,This section IS ON the NHS,0,No Special Jurisdiction,62,62,40.055925,40.055925,-75.64752222,-75.64752222,12,Motor Vehicle In-Transport,6,Angle,0,No,2,Intersection,2,Four-Way Intersection,1,On Roadway,0,None,1,Daylight,2,Rain,0,No,0000000,Not Applicable,18,6:00pm-6:59pm,9,9,18,6:00pm-6:59pm,22,22,18,6:00pm-6:59pm,44,44,1
42,Pennsylvania,421081,0,0,2,2,0,3,3,17,BUCKS (17),0,NOT APPLICABLE,11,November,24,24,5,Thursday,2022,21,9:00pm-9:59pm,38,38,SR-332 NEWTOWN BP,SR-532 BUCK RD,3,State Highway,2,Urban,3,Principal Arterial - Other,1,State Highway Agency,1,This section IS ON the NHS,0,No Special Jurisdiction,103,103,40.21893889,40.21893889,-74.94345,-74.94345,12,Motor Vehicle In-Transport,6,Angle,0,No,2,Intersection,2,Four-Way Intersection,1,On Roadway,0,None,3,Dark - Lighted,1,Clear,0,No,0000000,Not Applicable,21,9:00pm-9:59pm,40,40,21,9:00pm-9:59pm,47,47,22,10:00pm-10:59pm,5,5,1
42,Pennsylvania,421082,0,0,3,2,1,4,4,101,PHILADELPHIA (101),6540,PHILADELPHIA,12,December,21,21,4,Wednesday,2022,16,4:00pm-4:59pm,37,37,PENN ST,OVERINGTON ST,6,Local Street - Municipality,2,Urban,7,Local,4,City or Municipal Highway Agency,0,This section IS NOT on the NHS,0,No Special Jurisdiction,0,None,40.01661944,40.01661944,-75.08635556,-75.08635556,12,Motor Vehicle In-Transport,6,Angle,0,No,2,Intersection,2,Four-Way Intersection,1,On Roadway,0,None,5,Dusk,1,Clear,0,No,0000000,Not Applicable,16,4:00pm-4:59pm,36,36,16,4:00pm-4:59pm,52,52,17,5:00pm-5:59pm,29,29,1
42,Pennsylvania,421083,0,0,2,2,0,2,2,31,CLARION (31),0,NOT APPLICABLE,12,December,24,24,7,Saturday,2022,6,6:00am-6:59am,51,51,I-80 KEYSTONE SHORTWAY RD,NA,1,Interstate,1,Rural,1,Interstate,1,State Highway Agency,1,This section IS ON the NHS,0,No Special Jurisdiction,643,643,41.17776389,41.17776389,-79.35434167,-79.35434167,12,Motor Vehicle In-Transport,6,Angle,0,No,1,Non-Junction,1,Not an Intersection,1,On Roadway,0,None,2,Dark - Not Lighted,11,Blowing Snow,0,No,0000000,Not Applicable,99,Unknown,99,Unknown,99,Unknown EMS Scene Arrival Hour,99,Unknown EMS Scene Arrival Minutes,99,Unknown,99,Unknown EMS Hospital Arrival Time,1
42,Pennsylvania,421084,0,0,2,2,0,2,2,3,ALLEGHENY (3),2250,EAST MCKEESPORT,12,December,22,22,5,Thursday,2022,12,12:00pm-12:59pm,51,51,FIFTH AV,EMLYN AV,6,Local Street - Municipality,2,Urban,7,Local,4,City or Municipal Highway Agency,0,This section IS NOT on the NHS,0,No Special Jurisdiction,0,None,40.38377778,40.38377778,-79.80518889,-79.80518889,12,Motor Vehicle In-Transport,1,Front-to-Rear,0,No,2,Intersection,4,Y-Intersection,1,On Roadway,0,None,1,Daylight,1,Clear,0,No,0000000,Not Applicable,13,1:00pm-1:59pm,5,5,13,1:00pm-1:59pm,6,6,13,1:00pm-1:59pm,38,38,1
42,Pennsylvania,421085,0,0,2,2,0,3,3,35,CLINTON (35),530,BEECH CREEK,11,November,29,29,3,Tuesday,2022,7,7:00am-7:59am,56,56,SR-150 MAIN ST,HARRISON ST,3,State Highway,1,Rural,4,Minor Arterial,1,State Highway Agency,0,This section IS NOT on the NHS,0,No Special Jurisdiction,0,None,41.07485833,41.07485833,-77.59103889,-77.59103889,12,Motor Vehicle In-Transport,6,Angle,0,No,2,Intersection,3,T-Intersection,1,On Roadway,0,None,1,Daylight,1,Clear,0,No,0000000,Not Applicable,7,7:00am-7:59am,52,52,8,8:00am-8:59am,5,5,9,9:00am-9:59am,32,32,1
42,Pennsylvania,421086,0,0,2,2,0,10,10,81,LYCOMING (81),5450,MONTOURSVILLE,11,November,29,29,3,Tuesday,2022,21,9:00pm-9:59pm,15,15,I-180,NA,1,Interstate,2,Urban,1,Interstate,1,State Highway Agency,1,This section IS ON the NHS,0,No Special Jurisdiction,223,223,41.25997778,41.25997778,-76.9289,-76.9289,12,Motor Vehicle In-Transport,6,Angle,0,No,1,Non-Junction,1,Not an Intersection,1,On Roadway,0,None,2,Dark - Not Lighted,1,Clear,0,No,0000000,Not Applicable,21,9:00pm-9:59pm,17,17,21,9:00pm-9:59pm,36,36,21,9:00pm-9:59pm,49,49,1
42,Pennsylvania,421087,1,1,1,1,0,1,1,3,ALLEGHENY (3),3950,JEFFERSON HILLS,11,November,26,26,7,Saturday,2022,18,6:00pm-6:59pm,2,2,SR-51 CLAIRTON BL,NA,3,State Highway,2,Urban,3,Principal Arterial - Other,1,State Highway Agency,1,This section IS ON the NHS,0,No Special Jurisdiction,94,94,40.306175,40.306175,-79.934975,-79.934975,8,Pedestrian,0,The First Harmful Event was Not a Collision with a Motor Vehicle in Transport,0,No,1,Non-Junction,1,Not an Intersection,1,On Roadway,0,None,2,Dark - Not Lighted,1,Clear,0,No,0000000,Not Applicable,18,6:00pm-6:59pm,5,5,18,6:00pm-6:59pm,12,12,18,6:00pm-6:59pm,25,25,1
42,Pennsylvania,421088,1,1,1,1,0,4,4,71,LANCASTER (71),0,NOT APPLICABLE,11,November,26,26,7,Saturday,2022,17,5:00pm-5:59pm,17,17,SR-272 SEVENTH ST,NA,3,State Highway,2,Urban,4,Minor Arterial,1,State Highway Agency,0,This section IS NOT on the NHS,0,No Special Jurisdiction,298,298,40.14644444,40.14644444,-76.20972222,-76.20972222,8,Pedestrian,0,The First Harmful Event was Not a Collision with a Motor Vehicle in Transport,0,No,1,Non-Junction,1,Not an Intersection,1,On Roadway,0,None,3,Dark - Lighted,1,Clear,0,No,0000000,Not Applicable,17,5:00pm-5:59pm,17,17,17,5:00pm-5:59pm,24,24,88,Not Applicable (Not Transported),88,Not Applicable (Not Transported),1
42,Pennsylvania,421089,0,0,2,2,0,3,3,37,COLUMBIA (37),0,NOT APPLICABLE,11,November,4,4,6,Friday,2022,13,1:00pm-1:59pm,14,14,SR-42 NUMIDIA DR,SR2008 MOUNTAIN RD,3,State Highway,1,Rural,4,Minor Arterial,1,State Highway Agency,0,This section IS NOT on the NHS,0,No Special Jurisdiction,62,62,40.85436944,40.85436944,-76.396975,-76.396975,12,Motor Vehicle In-Transport,6,Angle,0,No,2,Intersection,3,T-Intersection,1,On Roadway,0,None,1,Daylight,1,Clear,0,No,0000000,Not Applicable,99,Unknown,99,Unknown,99,Unknown EMS Scene Arrival Hour,99,Unknown EMS Scene Arrival Minutes,99,Unknown,99,Unknown EMS Hospital Arrival Time,1
42,Pennsylvania,421090,0,0,1,1,0,1,1,11,BERKS (11),0,NOT APPLICABLE,11,November,26,26,7,Saturday,2022,16,4:00pm-4:59pm,34,34,SR-2023 FRIEDENSBURG RD,NA,3,State Highway,2,Urban,4,Minor Arterial,1,State Highway Agency,0,This section IS NOT on the NHS,0,No Special Jurisdiction,63,63,40.37798056,40.37798056,-75.80335556,-75.80335556,42,Tree (Standing Only),0,The First Harmful Event was Not a Collision with a Motor Vehicle in Transport,0,No,1,Non-Junction,1,Not an Intersection,4,On Roadside,0,None,1,Daylight,1,Clear,0,No,0000000,Not Applicable,99,Unknown,99,Unknown,99,Unknown EMS Scene Arrival Hour,99,Unknown EMS Scene Arrival Minutes,99,Unknown,99,Unknown EMS Hospital Arrival Time,1
42,Pennsylvania,421091,0,0,2,2,0,2,2,129,WESTMORELAND (129),0,NOT APPLICABLE,11,November,9,9,4,Wednesday,2022,17,5:00pm-5:59pm,12,12,SR-4077 MILLIGANTOWN RD,NA,3,State Highway,2,Urban,5,Major Collector,1,State Highway Agency,0,This section IS NOT on the NHS,0,No Special Jurisdiction,1,1,40.55872778,40.55872778,-79.67794444,-79.67794444,12,Motor Vehicle In-Transport,8,Sideswipe - Opposite Direction,0,No,1,Non-Junction,1,Not an Intersection,1,On Roadway,0,None,1,Daylight,1,Clear,0,No,0000000,Not Applicable,17,5:00pm-5:59pm,15,15,17,5:00pm-5:59pm,20,20,17,5:00pm-5:59pm,58,58,1
42,Pennsylvania,421092,0,0,2,2,0,2,2,91,MONTGOMERY (91),0,NOT APPLICABLE,8,August,25,25,5,Thursday,2022,14,2:00pm-2:59pm,59,59,SR-4004 PARK AVE,NA,3,State Highway,2,Urban,4,Minor Arterial,1,State Highway Agency,0,This section IS NOT on the NHS,0,No Special Jurisdiction,35,35,40.13606111,40.13606111,-75.41606667,-75.41606667,12,Motor Vehicle In-Transport,2,Front-to-Front,0,No,1,Non-Junction,1,Not an Intersection,1,On Roadway,0,None,1,Daylight,1,Clear,0,No,0000000,Not Applicable,15,3:00pm-3:59pm,0,0,15,3:00pm-3:59pm,7,7,88,Not Applicable (Not Transported),88,Not Applicable (Not Transported),1